txn_id,customer_id,date,amount,category,channel
T000080,C0002,2026-01-01,-33.34,groceries,card
T000136,C0003,2026-01-01,-31.78,groceries,card
T000139,C0003,2026-01-01,-7.14,transport,card
T000320,C0006,2026-01-01,-14.66,subscription,direct_debit
T000516,C0009,2026-01-01,-40.41,groceries,card
T000865,C0014,2026-01-01,-7.27,transport,card
T000910,C0015,2026-01-01,-88.83,groceries,card
T001494,C0023,2026-01-01,-165.09,utilities,direct_debit
T001586,C0024,2026-01-01,-53.28,dining,card
T001591,C0024,2026-01-01,-88.07,retail,card
T001680,C0025,2026-01-01,-45.16,retail,card
T002140,C0031,2026-01-01,-19.1,transport,card
T002198,C0032,2026-01-01,-63.79,groceries,card
T002337,C0034,2026-01-01,-48.25,dining,card
T002595,C0038,2026-01-01,-14.15,dining,card
T002599,C0038,2026-01-01,-78.85,cash_withdrawal,atm
T002940,C0043,2026-01-01,-230.25,transfer_out,app_transfer
T003477,C0051,2026-01-01,-29.27,groceries,card
T003668,C0053,2026-01-01,-81.81,cash_withdrawal,atm
T003917,C0056,2026-01-01,-48.5,dining,card
T003987,C0057,2026-01-01,-25.34,transport,card
T004013,C0058,2026-01-01,4201.79,salary,inbound_transfer
T004078,C0060,2026-01-01,-48.28,dining,card
T004340,C0064,2026-01-01,-49.53,dining,card
T004407,C0065,2026-01-01,-120.28,retail,card
T004478,C0066,2026-01-01,-41.54,groceries,card
T004750,C0070,2026-01-01,-64.01,groceries,card
T004752,C0070,2026-01-01,-94.61,retail,card
T004920,C0072,2026-01-01,-97.95,utilities,direct_debit
T005445,C0078,2026-01-01,-12.84,dining,card
T005666,C0081,2026-01-01,-63.76,groceries,card
T005984,C0086,2026-01-01,-61.17,dining,card
T006071,C0087,2026-01-01,-8.13,transport,card
T006110,C0088,2026-01-01,-26.01,subscription,direct_debit
T006204,C0089,2026-01-01,-203.35,utilities,direct_debit
T006302,C0090,2026-01-01,-38.5,groceries,card
T007124,C0102,2026-01-01,-27.37,groceries,card
T007142,C0103,2026-01-01,-297.49,transfer_out,app_transfer
T007377,C0107,2026-01-01,-59.8,groceries,card
T007574,C0110,2026-01-01,-31.55,groceries,card
T007576,C0110,2026-01-01,-78.9,groceries,card
T007618,C0111,2026-01-01,-16.32,transport,card
T007718,C0112,2026-01-01,-79.54,cash_withdrawal,atm
T007842,C0114,2026-01-01,-121.63,retail,card
T007962,C0116,2026-01-01,-33.91,dining,card
T008524,C0125,2026-01-01,2938.57,salary,inbound_transfer
T008528,C0125,2026-01-01,-31.33,dining,card
T008709,C0127,2026-01-01,-68.82,groceries,card
T008872,C0129,2026-01-01,-6.69,subscription,direct_debit
T008879,C0129,2026-01-01,-28.69,transport,card
T008937,C0130,2026-01-01,-119.08,retail,card
T009074,C0132,2026-01-01,-73.44,groceries,card
T009185,C0133,2026-01-01,-38.35,groceries,card
T009497,C0137,2026-01-01,-153.85,transfer_out,app_transfer
T009543,C0138,2026-01-01,-300.6,transfer_out,app_transfer
T009929,C0144,2026-01-01,3377.7,salary,inbound_transfer
T010050,C0146,2026-01-01,-72.33,groceries,card
T010284,C0150,2026-01-01,-60.07,groceries,card
T010384,C0151,2026-01-01,-43.25,groceries,card
T010495,C0152,2026-01-01,-47.38,dining,card
T010896,C0157,2026-01-01,-69.54,groceries,card
T010977,C0158,2026-01-01,-82.15,groceries,card
T011099,C0161,2026-01-01,-8.1,subscription,direct_debit
T011217,C0162,2026-01-01,-39.44,groceries,card
T011372,C0164,2026-01-01,-53.71,retail,card
T011576,C0167,2026-01-01,-12.84,transport,card
T012187,C0175,2026-01-01,-29.69,transport,card
T012190,C0175,2026-01-01,-27.28,transport,card
T012339,C0177,2026-01-01,-49.69,dining,card
T012555,C0181,2026-01-01,-185.49,transfer_out,app_transfer
T012556,C0181,2026-01-01,-84.62,cash_withdrawal,atm
T012562,C0181,2026-01-01,-7.46,subscription,direct_debit
T012705,C0183,2026-01-01,-21.24,transport,card
T012815,C0185,2026-01-01,-46.4,groceries,card
T013205,C0190,2026-01-01,-56.97,retail,card
T013304,C0191,2026-01-01,-47.44,dining,card
T013325,C0192,2026-01-01,-25.06,transport,card
T013420,C0193,2026-01-01,-21.97,subscription,direct_debit
T013522,C0195,2026-01-01,-30.5,transport,card
T013531,C0195,2026-01-01,-17.68,groceries,card
T000004,C0001,2026-01-02,-63.79,groceries,card
T000088,C0002,2026-01-02,-18.29,transport,card
T000330,C0006,2026-01-02,-170.63,utilities,direct_debit
T000448,C0008,2026-01-02,-109.58,utilities,direct_debit
T000738,C0012,2026-01-02,-265.44,transfer_out,app_transfer
T000799,C0013,2026-01-02,-33.77,dining,card
T001048,C0017,2026-01-02,-180.78,utilities,direct_debit
T001050,C0017,2026-01-02,-278.57,transfer_out,app_transfer
T001130,C0018,2026-01-02,-29.06,transport,card
T001204,C0019,2026-01-02,-17.09,transport,card
T001313,C0020,2026-01-02,-76.84,groceries,card
T001348,C0021,2026-01-02,-10.73,transport,card
T001577,C0024,2026-01-02,4017.38,salary,inbound_transfer
T001582,C0024,2026-01-02,-80.46,retail,card
T001733,C0026,2026-01-02,-117.45,retail,card
T002136,C0031,2026-01-02,-81.85,cash_withdrawal,atm
T002151,C0031,2026-01-02,-16.08,subscription,direct_debit
T002405,C0035,2026-01-02,-32.64,cash_withdrawal,atm
T002742,C0040,2026-01-02,-38.22,utilities,direct_debit
T003055,C0045,2026-01-02,-26.07,retail,card
T003110,C0046,2026-01-02,-75.71,groceries,card
T003111,C0046,2026-01-02,-61.04,groceries,card
T003270,C0048,2026-01-02,-94.23,transfer_out,app_transfer
T003586,C0052,2026-01-02,-49.93,groceries,card
T003841,C0055,2026-01-02,-316.09,transfer_out,app_transfer
T003912,C0056,2026-01-02,4015.26,salary,inbound_transfer
T003923,C0056,2026-01-02,-26.12,retail,card
T003990,C0057,2026-01-02,-54.4,dining,card
T004191,C0062,2026-01-02,-19.83,transport,card
T004339,C0064,2026-01-02,-145.3,utilities,direct_debit
T004411,C0065,2026-01-02,-57.51,dining,card
T004476,C0066,2026-01-02,-18.98,transport,card
T004554,C0067,2026-01-02,-17.75,subscription,direct_debit
T004556,C0067,2026-01-02,-91.02,groceries,card
T004666,C0069,2026-01-02,3774.51,salary,inbound_transfer
T004680,C0069,2026-01-02,-8.42,transport,card
T004755,C0070,2026-01-02,-138.68,transfer_out,app_transfer
T004918,C0072,2026-01-02,-155.04,transfer_out,app_transfer
T005066,C0074,2026-01-02,-10.06,subscription,direct_debit
T005782,C0083,2026-01-02,1573.48,salary,inbound_transfer
T005976,C0086,2026-01-02,-21.75,dining,card
T006433,C0092,2026-01-02,-25.15,transport,card
T006852,C0097,2026-01-02,-41.82,groceries,card
T006912,C0098,2026-01-02,-239.52,transfer_out,app_transfer
T007104,C0101,2026-01-02,-86.19,groceries,card
T007234,C0104,2026-01-02,-19.46,transport,card
T007288,C0105,2026-01-02,-73.13,cash_withdrawal,atm
T007399,C0108,2026-01-02,1325.97,salary,inbound_transfer
T007625,C0111,2026-01-02,-85.23,groceries,card
T007849,C0114,2026-01-02,-36.63,retail,card
T008103,C0118,2026-01-02,-41.46,groceries,card
T008458,C0124,2026-01-02,-27.16,transport,card
T008530,C0125,2026-01-02,-115.99,retail,card
T008696,C0127,2026-01-02,-44.11,dining,card
T008934,C0130,2026-01-02,-49.05,retail,card
T009181,C0133,2026-01-02,-21.99,cash_withdrawal,atm
T009275,C0134,2026-01-02,-18.21,transport,card
T009374,C0135,2026-01-02,-8.58,subscription,direct_debit
T009609,C0139,2026-01-02,-91.7,groceries,card
T009775,C0142,2026-01-02,3169.18,salary,inbound_transfer
T009881,C0143,2026-01-02,2220.7,salary,inbound_transfer
T009938,C0144,2026-01-02,-8.98,transport,card
T010391,C0151,2026-01-02,-54.14,groceries,card
T010501,C0152,2026-01-02,-30.62,cash_withdrawal,atm
T010806,C0156,2026-01-02,-301.63,transfer_out,app_transfer
T010892,C0157,2026-01-02,-133.97,utilities,direct_debit
T011377,C0164,2026-01-02,-49.55,retail,card
T011380,C0164,2026-01-02,-86.54,groceries,card
T011586,C0167,2026-01-02,-9.83,subscription,direct_debit
T011669,C0168,2026-01-02,-21.93,transport,card
T012004,C0172,2026-01-02,-228.21,transfer_out,app_transfer
T012011,C0172,2026-01-02,-97.52,cash_withdrawal,atm
T012047,C0173,2026-01-02,-22.03,groceries,card
T012092,C0174,2026-01-02,-16.31,subscription,direct_debit
T012390,C0178,2026-01-02,-26.03,transport,card
T012444,C0179,2026-01-02,-91.92,retail,card
T012818,C0185,2026-01-02,-10.91,transport,card
T013305,C0191,2026-01-02,-34.27,cash_withdrawal,atm
T013498,C0194,2026-01-02,-28.12,dining,card
T013831,C0199,2026-01-02,2831.46,salary,inbound_transfer
T000134,C0003,2026-01-03,-51.28,groceries,card
T000194,C0004,2026-01-03,-56.25,dining,card
T000199,C0004,2026-01-03,-78.68,groceries,card
T000272,C0005,2026-01-03,-58.54,dining,card
T000317,C0006,2026-01-03,3701.27,salary,inbound_transfer
T000425,C0007,2026-01-03,-42.03,utilities,direct_debit
T000636,C0011,2026-01-03,-17.07,groceries,card
T000735,C0012,2026-01-03,-25.92,subscription,direct_debit
T000863,C0014,2026-01-03,-16.24,dining,card
T001308,C0020,2026-01-03,1590.33,salary,inbound_transfer
T001350,C0021,2026-01-03,-46.6,groceries,card
T001495,C0023,2026-01-03,-107.2,retail,card
T001587,C0024,2026-01-03,-16.01,dining,card
T001735,C0026,2026-01-03,-91.62,groceries,card
T001871,C0028,2026-01-03,-64.58,cash_withdrawal,atm
T001876,C0028,2026-01-03,-21.93,dining,card
T001964,C0029,2026-01-03,-34.14,groceries,card
T002141,C0031,2026-01-03,-86.93,groceries,card
T002303,C0033,2026-01-03,-381.3,transfer_out,app_transfer
T002335,C0034,2026-01-03,-127.25,retail,card
T002424,C0036,2026-01-03,-19.95,transport,card
T002590,C0038,2026-01-03,1806.46,salary,inbound_transfer
T003018,C0044,2026-01-03,-53.13,groceries,card
T003365,C0050,2026-01-03,-180.22,transfer_out,app_transfer
T003471,C0051,2026-01-03,2421.18,salary,inbound_transfer
T003474,C0051,2026-01-03,-57.65,retail,card
T003481,C0051,2026-01-03,-43.78,retail,card
T003484,C0051,2026-01-03,-52.67,retail,card
T003774,C0054,2026-01-03,-20.51,dining,card
T003776,C0054,2026-01-03,-59.31,groceries,card
T003780,C0054,2026-01-03,-129.19,retail,card
T003984,C0057,2026-01-03,-30.77,transport,card
T003992,C0057,2026-01-03,-43.47,dining,card
T004085,C0060,2026-01-03,-122.73,retail,card
T004192,C0062,2026-01-03,-79.34,retail,card
T004329,C0064,2026-01-03,2333.89,salary,inbound_transfer
T004342,C0064,2026-01-03,-16.39,transport,card
T004674,C0069,2026-01-03,-281.62,transfer_out,app_transfer
T004921,C0072,2026-01-03,-107.23,transfer_out,app_transfer
T005070,C0074,2026-01-03,-377.59,transfer_out,app_transfer
T005266,C0076,2026-01-03,-91.71,groceries,card
T005340,C0077,2026-01-03,-114.67,utilities,direct_debit
T006068,C0087,2026-01-03,-17.27,transport,card
T006105,C0088,2026-01-03,-11.99,subscription,direct_debit
T006428,C0092,2026-01-03,-16.53,transport,card
T006595,C0094,2026-01-03,-72.83,transfer_out,app_transfer
T006760,C0096,2026-01-03,-116.42,retail,card
T007094,C0101,2026-01-03,-362.4,transfer_out,app_transfer
T007280,C0105,2026-01-03,-50.13,dining,card
T007402,C0108,2026-01-03,-55.04,groceries,card
T007572,C0110,2026-01-03,-70.09,groceries,card
T007848,C0114,2026-01-03,-369.72,transfer_out,app_transfer
T007955,C0116,2026-01-03,-49.32,dining,card
T008105,C0118,2026-01-03,-46.94,dining,card
T008106,C0118,2026-01-03,-67.35,groceries,card
T008415,C0123,2026-01-03,2919.18,salary,inbound_transfer
T008420,C0123,2026-01-03,-66.99,groceries,card
T008426,C0123,2026-01-03,-32.51,dining,card
T008772,C0128,2026-01-03,2277.14,salary,inbound_transfer
T009075,C0132,2026-01-03,-101.63,cash_withdrawal,atm
T009533,C0138,2026-01-03,-48.23,retail,card
T009712,C0141,2026-01-03,-12.58,subscription,direct_debit
T009934,C0144,2026-01-03,-22.96,transport,card
T010142,C0148,2026-01-03,-205.94,transfer_out,app_transfer
T010145,C0148,2026-01-03,-113.31,utilities,direct_debit
T010816,C0156,2026-01-03,-6.77,transport,card
T011068,C0160,2026-01-03,-128.72,transfer_out,app_transfer
T011093,C0161,2026-01-03,-31.88,dining,card
T011106,C0161,2026-01-03,-29.15,transport,card
T011222,C0162,2026-01-03,-61.74,groceries,card
T011441,C0165,2026-01-03,-16.9,dining,card
T011948,C0171,2026-01-03,-23.81,subscription,direct_debit
T012096,C0174,2026-01-03,-19.37,subscription,direct_debit
T012193,C0175,2026-01-03,-67.47,groceries,card
T012548,C0181,2026-01-03,-53.88,dining,card
T012552,C0181,2026-01-03,-11.94,dining,card
T012617,C0182,2026-01-03,-10.44,subscription,direct_debit
T012787,C0184,2026-01-03,-83.23,groceries,card
T012793,C0184,2026-01-03,-24.11,retail,card
T012982,C0187,2026-01-03,-28.02,groceries,card
T013136,C0189,2026-01-03,-5.11,subscription,direct_debit
T013138,C0189,2026-01-03,-67.2,retail,card
T013213,C0190,2026-01-03,-25.11,transport,card
T013324,C0192,2026-01-03,882.22,salary,inbound_transfer
T013524,C0195,2026-01-03,-92.89,cash_withdrawal,atm
T013664,C0197,2026-01-03,-89.24,groceries,card
T000326,C0006,2026-01-04,-75.93,groceries,card
T000333,C0006,2026-01-04,-122.71,utilities,direct_debit
T000447,C0008,2026-01-04,-117.06,retail,card
T000514,C0009,2026-01-04,-243.85,transfer_out,app_transfer
T000854,C0014,2026-01-04,1277.1,salary,inbound_transfer
T000861,C0014,2026-01-04,-26.87,dining,card
T000905,C0015,2026-01-04,-362.98,transfer_out,app_transfer
T000909,C0015,2026-01-04,-40.67,dining,card
T000968,C0016,2026-01-04,-14.0,transport,card
T001043,C0017,2026-01-04,1009.99,salary,inbound_transfer
T001044,C0017,2026-01-04,-54.76,dining,card
T001202,C0019,2026-01-04,-54.52,dining,card
T001306,C0020,2026-01-04,1217.67,salary,inbound_transfer
T001307,C0020,2026-01-04,1213.97,salary,inbound_transfer
T001687,C0025,2026-01-04,-96.7,cash_withdrawal,atm
T001880,C0028,2026-01-04,-8.24,transport,card
T002142,C0031,2026-01-04,-24.99,subscription,direct_debit
T002144,C0031,2026-01-04,-24.93,transport,card
T002148,C0031,2026-01-04,-65.19,groceries,card
T002301,C0033,2026-01-04,-50.99,groceries,card
T002336,C0034,2026-01-04,-35.25,groceries,card
T002340,C0034,2026-01-04,-56.06,retail,card
T002343,C0034,2026-01-04,-83.12,groceries,card
T002594,C0038,2026-01-04,-63.99,groceries,card
T003017,C0044,2026-01-04,-75.91,groceries,card
T003109,C0046,2026-01-04,-6.67,transport,card
T004018,C0058,2026-01-04,-27.39,groceries,card
T004288,C0063,2026-01-04,-21.35,subscription,direct_debit
T004549,C0067,2026-01-04,-18.17,transport,card
T004551,C0067,2026-01-04,-32.16,dining,card
T004673,C0069,2026-01-04,-67.32,retail,card
T004922,C0072,2026-01-04,-70.48,retail,card
T005063,C0074,2026-01-04,-23.82,subscription,direct_debit
T005349,C0077,2026-01-04,-70.93,groceries,card
T005658,C0081,2026-01-04,-19.5,transport,card
T005663,C0081,2026-01-04,-6.5,subscription,direct_debit
T005793,C0083,2026-01-04,-11.46,transport,card
T005886,C0085,2026-01-04,-35.23,groceries,card
T005981,C0086,2026-01-04,-20.66,transport,card
T006108,C0088,2026-01-04,-7.23,transport,card
T006425,C0092,2026-01-04,4201.74,salary,inbound_transfer
T006592,C0094,2026-01-04,-44.33,dining,card
T007969,C0116,2026-01-04,-12.68,dining,card
T008266,C0120,2026-01-04,-22.69,transport,card
T008396,C0122,2026-01-04,-24.73,retail,card
T008400,C0122,2026-01-04,-6.37,subscription,direct_debit
T008417,C0123,2026-01-04,-45.43,retail,card
T008534,C0125,2026-01-04,-12.0,transport,card
T008699,C0127,2026-01-04,-89.56,groceries,card
T008933,C0130,2026-01-04,-73.39,transfer_out,app_transfer
T009184,C0133,2026-01-04,-196.56,transfer_out,app_transfer
T009608,C0139,2026-01-04,-23.6,transport,card
T009614,C0139,2026-01-04,-42.0,retail,card
T010122,C0147,2026-01-04,-5.92,subscription,direct_debit
T010222,C0149,2026-01-04,-65.45,groceries,card
T010293,C0150,2026-01-04,-40.46,dining,card
T010385,C0151,2026-01-04,-18.76,dining,card
T010730,C0155,2026-01-04,-62.01,utilities,direct_debit
T010891,C0157,2026-01-04,-53.52,groceries,card
T011020,C0159,2026-01-04,-36.38,retail,card
T011072,C0160,2026-01-04,-94.96,transfer_out,app_transfer
T011219,C0162,2026-01-04,-284.73,transfer_out,app_transfer
T011439,C0165,2026-01-04,-169.58,utilities,direct_debit
T011451,C0165,2026-01-04,-55.78,groceries,card
T011577,C0167,2026-01-04,-366.11,transfer_out,app_transfer
T011584,C0167,2026-01-04,-131.71,retail,card
T011782,C0169,2026-01-04,-85.37,groceries,card
T012014,C0172,2026-01-04,-36.19,dining,card
T012046,C0173,2026-01-04,-49.6,retail,card
T012191,C0175,2026-01-04,-51.24,dining,card
T012445,C0179,2026-01-04,-76.42,groceries,card
T012610,C0182,2026-01-04,-80.89,groceries,card
T012987,C0187,2026-01-04,-66.17,utilities,direct_debit
T013327,C0192,2026-01-04,-36.6,cash_withdrawal,atm
T013523,C0195,2026-01-04,-57.37,groceries,card
T013564,C0196,2026-01-04,-172.47,utilities,direct_debit
T000005,C0001,2026-01-05,-350.32,transfer_out,app_transfer
T000205,C0004,2026-01-05,-29.9,groceries,card
T000583,C0010,2026-01-05,-177.85,transfer_out,app_transfer
T000906,C0015,2026-01-05,-46.56,groceries,card
T000966,C0016,2026-01-05,-54.26,groceries,card
T001047,C0017,2026-01-05,-202.35,transfer_out,app_transfer
T001201,C0019,2026-01-05,-53.38,utilities,direct_debit
T001500,C0023,2026-01-05,-129.1,transfer_out,app_transfer
T001585,C0024,2026-01-05,-104.61,cash_withdrawal,atm
T002042,C0030,2026-01-05,-13.72,transport,card
T002043,C0030,2026-01-05,-26.89,transport,card
T002135,C0031,2026-01-05,1432.43,salary,inbound_transfer
T002209,C0032,2026-01-05,-21.65,subscription,direct_debit
T002334,C0034,2026-01-05,-113.45,utilities,direct_debit
T002346,C0034,2026-01-05,-37.44,groceries,card
T002412,C0035,2026-01-05,-47.34,dining,card
T002426,C0036,2026-01-05,-217.09,transfer_out,app_transfer
T002490,C0037,2026-01-05,-15.11,transport,card
T002739,C0040,2026-01-05,-151.23,transfer_out,app_transfer
T002935,C0043,2026-01-05,-123.72,retail,card
T003196,C0047,2026-01-05,-18.37,subscription,direct_debit
T003483,C0051,2026-01-05,-308.85,transfer_out,app_transfer
T003669,C0053,2026-01-05,-13.77,subscription,direct_debit
T004171,C0061,2026-01-05,-25.69,groceries,card
T004198,C0062,2026-01-05,-29.44,dining,card
T004471,C0066,2026-01-05,3550.69,salary,inbound_transfer
T004608,C0068,2026-01-05,-59.74,retail,card
T004610,C0068,2026-01-05,-20.72,groceries,card
T004834,C0071,2026-01-05,-19.48,subscription,direct_debit
T004912,C0072,2026-01-05,858.98,salary,inbound_transfer
T005062,C0074,2026-01-05,4355.2,salary,inbound_transfer
T005065,C0074,2026-01-05,-6.48,transport,card
T005165,C0075,2026-01-05,-123.04,retail,card
T005171,C0075,2026-01-05,-78.39,retail,card
T005258,C0076,2026-01-05,-18.4,groceries,card
T005492,C0079,2026-01-05,-60.3,dining,card
T005654,C0081,2026-01-05,802.03,salary,inbound_transfer
T005783,C0083,2026-01-05,1432.03,salary,inbound_transfer
T005787,C0083,2026-01-05,-88.3,groceries,card
T005883,C0085,2026-01-05,-86.06,retail,card
T006106,C0088,2026-01-05,-183.25,transfer_out,app_transfer
T006209,C0089,2026-01-05,-17.1,groceries,card
T006382,C0091,2026-01-05,-72.21,retail,card
T006515,C0093,2026-01-05,2322.54,salary,inbound_transfer
T006688,C0095,2026-01-05,-31.59,dining,card
T007056,C0100,2026-01-05,-64.65,retail,card
T007230,C0104,2026-01-05,-108.37,cash_withdrawal,atm
T007330,C0106,2026-01-05,-36.95,dining,card
T007806,C0113,2026-01-05,-18.16,dining,card
T008347,C0121,2026-01-05,-24.56,transport,card
T008351,C0121,2026-01-05,-105.62,cash_withdrawal,atm
T008399,C0122,2026-01-05,-31.12,retail,card
T008422,C0123,2026-01-05,-169.83,transfer_out,app_transfer
T008706,C0127,2026-01-05,-140.87,utilities,direct_debit
T009007,C0131,2026-01-05,-86.05,groceries,card
T009279,C0134,2026-01-05,-56.99,dining,card
T009281,C0134,2026-01-05,-37.28,retail,card
T009378,C0135,2026-01-05,-6.2,subscription,direct_debit
T009381,C0135,2026-01-05,-54.4,dining,card
T009629,C0140,2026-01-05,-9.66,transport,card
T009787,C0142,2026-01-05,-116.39,retail,card
T009888,C0143,2026-01-05,-20.68,dining,card
T009971,C0145,2026-01-05,-5.96,transport,card
T010395,C0151,2026-01-05,-266.96,transfer_out,app_transfer
T011294,C0163,2026-01-05,-49.29,cash_withdrawal,atm
T011578,C0167,2026-01-05,-57.24,groceries,card
T011585,C0167,2026-01-05,-89.38,retail,card
T011997,C0172,2026-01-05,991.38,salary,inbound_transfer
T012394,C0178,2026-01-05,-52.5,dining,card
T012396,C0178,2026-01-05,-87.38,retail,card
T012508,C0180,2026-01-05,943.58,salary,inbound_transfer
T012558,C0181,2026-01-05,-233.71,transfer_out,app_transfer
T012790,C0184,2026-01-05,-5.21,subscription,direct_debit
T012795,C0184,2026-01-05,-18.75,dining,card
T012903,C0186,2026-01-05,-23.08,transport,card
T012908,C0186,2026-01-05,-361.85,transfer_out,app_transfer
T013052,C0188,2026-01-05,-98.87,retail,card
T013297,C0191,2026-01-05,-10.29,subscription,direct_debit
T013568,C0196,2026-01-05,-59.1,dining,card
T013766,C0198,2026-01-05,-36.7,groceries,card
T013837,C0199,2026-01-05,-33.62,dining,card
T013880,C0200,2026-01-05,-42.26,groceries,card
T000009,C0001,2026-01-06,-51.14,dining,card
T000010,C0001,2026-01-06,-112.32,transfer_out,app_transfer
T000903,C0015,2026-01-06,1010.93,salary,inbound_transfer
T001200,C0019,2026-01-06,-311.81,transfer_out,app_transfer
T001430,C0022,2026-01-06,-36.14,groceries,card
T001493,C0023,2026-01-06,-25.22,subscription,direct_debit
T001589,C0024,2026-01-06,-76.09,retail,card
T001729,C0026,2026-01-06,3973.88,salary,inbound_transfer
T001813,C0027,2026-01-06,-29.95,groceries,card
T002210,C0032,2026-01-06,-26.47,dining,card
T002487,C0037,2026-01-06,-134.31,utilities,direct_debit
T002652,C0039,2026-01-06,-32.7,cash_withdrawal,atm
T002854,C0042,2026-01-06,-52.42,dining,card
T003485,C0051,2026-01-06,-59.4,groceries,card
T003778,C0054,2026-01-06,-62.9,groceries,card
T004020,C0058,2026-01-06,-5.31,subscription,direct_debit
T004167,C0061,2026-01-06,-109.04,retail,card
T004168,C0061,2026-01-06,-68.08,retail,card
T004170,C0061,2026-01-06,-340.53,transfer_out,app_transfer
T004410,C0065,2026-01-06,-73.97,groceries,card
T004676,C0069,2026-01-06,-157.65,utilities,direct_debit
T004741,C0070,2026-01-06,2952.36,salary,inbound_transfer
T004749,C0070,2026-01-06,-76.67,retail,card
T005170,C0075,2026-01-06,-14.2,dining,card
T005172,C0075,2026-01-06,-84.85,groceries,card
T005436,C0078,2026-01-06,858.04,salary,inbound_transfer
T005854,C0084,2026-01-06,-92.82,cash_withdrawal,atm
T005855,C0084,2026-01-06,-34.63,groceries,card
T005858,C0084,2026-01-06,-19.86,subscription,direct_debit
T005876,C0085,2026-01-06,3366.85,salary,inbound_transfer
T005985,C0086,2026-01-06,-166.58,utilities,direct_debit
T006100,C0088,2026-01-06,-102.44,cash_withdrawal,atm
T006853,C0097,2026-01-06,-42.18,dining,card
T007060,C0100,2026-01-06,-75.39,groceries,card
T007119,C0102,2026-01-06,-75.53,retail,card
T007141,C0103,2026-01-06,2965.47,salary,inbound_transfer
T007147,C0103,2026-01-06,-90.66,groceries,card
T007150,C0103,2026-01-06,-54.6,dining,card
T007228,C0104,2026-01-06,-5.73,subscription,direct_debit
T007564,C0110,2026-01-06,-185.55,utilities,direct_debit
T007622,C0111,2026-01-06,-19.92,transport,card
T007889,C0115,2026-01-06,-128.71,retail,card
T008109,C0118,2026-01-06,-13.31,subscription,direct_debit
T008259,C0120,2026-01-06,1864.68,salary,inbound_transfer
T008264,C0120,2026-01-06,-26.11,dining,card
T009003,C0131,2026-01-06,1396.69,salary,inbound_transfer
T009079,C0132,2026-01-06,-89.13,cash_withdrawal,atm
T009178,C0133,2026-01-06,-81.03,groceries,card
T009423,C0136,2026-01-06,2684.42,salary,inbound_transfer
T009425,C0136,2026-01-06,-372.37,transfer_out,app_transfer
T009628,C0140,2026-01-06,868.38,salary,inbound_transfer
T009880,C0143,2026-01-06,1831.02,salary,inbound_transfer
T009959,C0145,2026-01-06,-19.93,transport,card
T009967,C0145,2026-01-06,-54.08,retail,card
T010494,C0152,2026-01-06,-53.03,groceries,card
T010651,C0154,2026-01-06,-74.45,retail,card
T010972,C0158,2026-01-06,-372.53,transfer_out,app_transfer
T010974,C0158,2026-01-06,-265.99,transfer_out,app_transfer
T011065,C0160,2026-01-06,-58.18,retail,card
T011066,C0160,2026-01-06,-28.31,retail,card
T011220,C0162,2026-01-06,-53.77,dining,card
T011293,C0163,2026-01-06,-24.99,subscription,direct_debit
T011376,C0164,2026-01-06,-177.89,utilities,direct_debit
T011512,C0166,2026-01-06,-283.97,transfer_out,app_transfer
T011677,C0168,2026-01-06,-60.33,groceries,card
T011941,C0171,2026-01-06,-58.31,dining,card
T011945,C0171,2026-01-06,-22.53,transport,card
T012789,C0184,2026-01-06,-20.6,transport,card
T012911,C0186,2026-01-06,-10.42,transport,card
T013045,C0188,2026-01-06,-45.87,retail,card
T013135,C0189,2026-01-06,959.83,salary,inbound_transfer
T013145,C0189,2026-01-06,-20.4,dining,card
T013414,C0193,2026-01-06,-8.66,subscription,direct_debit
T013569,C0196,2026-01-06,-193.87,transfer_out,app_transfer
T013765,C0198,2026-01-06,-226.7,transfer_out,app_transfer
T000086,C0002,2026-01-07,-87.22,cash_withdrawal,atm
T000276,C0005,2026-01-07,-35.6,groceries,card
T000278,C0005,2026-01-07,-130.1,transfer_out,app_transfer
T000279,C0005,2026-01-07,-66.26,retail,card
T000280,C0005,2026-01-07,-23.6,subscription,direct_debit
T000424,C0007,2026-01-07,-32.95,groceries,card
T000637,C0011,2026-01-07,-167.98,transfer_out,app_transfer
T000736,C0012,2026-01-07,-38.83,groceries,card
T000908,C0015,2026-01-07,-11.36,subscription,direct_debit
T001138,C0018,2026-01-07,-102.75,cash_withdrawal,atm
T001199,C0019,2026-01-07,-251.81,transfer_out,app_transfer
T001309,C0020,2026-01-07,-27.15,groceries,card
T001497,C0023,2026-01-07,-47.9,dining,card
T001583,C0024,2026-01-07,-22.47,dining,card
T002341,C0034,2026-01-07,-47.31,dining,card
T002598,C0038,2026-01-07,-43.57,retail,card
T002651,C0039,2026-01-07,-47.81,dining,card
T002653,C0039,2026-01-07,-255.51,transfer_out,app_transfer
T002784,C0041,2026-01-07,-44.89,dining,card
T002785,C0041,2026-01-07,-125.01,utilities,direct_debit
T003107,C0046,2026-01-07,-55.15,groceries,card
T003369,C0050,2026-01-07,-78.89,transfer_out,app_transfer
T003475,C0051,2026-01-07,-37.24,retail,card
T003478,C0051,2026-01-07,-56.84,dining,card
T003913,C0056,2026-01-07,-47.33,groceries,card
T003922,C0056,2026-01-07,-14.4,subscription,direct_debit
T004076,C0060,2026-01-07,-84.34,retail,card
T004335,C0064,2026-01-07,-17.22,transport,card
T004341,C0064,2026-01-07,-111.5,utilities,direct_debit
T004989,C0073,2026-01-07,-23.88,transport,card
T005657,C0081,2026-01-07,-19.7,subscription,direct_debit
T005852,C0084,2026-01-07,3480.95,salary,inbound_transfer
T005972,C0086,2026-01-07,978.36,salary,inbound_transfer
T006203,C0089,2026-01-07,852.52,salary,inbound_transfer
T006212,C0089,2026-01-07,-167.76,utilities,direct_debit
T006691,C0095,2026-01-07,-100.93,retail,card
T006901,C0098,2026-01-07,2348.57,salary,inbound_transfer
T007002,C0099,2026-01-07,-322.74,transfer_out,app_transfer
T007004,C0099,2026-01-07,-77.3,retail,card
T007123,C0102,2026-01-07,-59.1,dining,card
T007152,C0103,2026-01-07,-59.55,dining,card
T007329,C0106,2026-01-07,-29.04,groceries,card
T007458,C0109,2026-01-07,-36.61,groceries,card
T007562,C0110,2026-01-07,2751.58,salary,inbound_transfer
T007575,C0110,2026-01-07,-53.75,dining,card
T007578,C0110,2026-01-07,-60.39,retail,card
T007616,C0111,2026-01-07,-83.26,groceries,card
T007958,C0116,2026-01-07,-272.36,transfer_out,app_transfer
T008022,C0117,2026-01-07,-38.33,retail,card
T008027,C0117,2026-01-07,-23.35,cash_withdrawal,atm
T008353,C0121,2026-01-07,-11.76,subscription,direct_debit
T008421,C0123,2026-01-07,-83.2,groceries,card
T008531,C0125,2026-01-07,-82.22,groceries,card
T009078,C0132,2026-01-07,-23.06,transport,card
T009372,C0135,2026-01-07,-52.92,groceries,card
T010049,C0146,2026-01-07,-35.4,dining,card
T010392,C0151,2026-01-07,-74.84,transfer_out,app_transfer
T010490,C0152,2026-01-07,-174.56,transfer_out,app_transfer
T010497,C0152,2026-01-07,-58.39,groceries,card
T010654,C0154,2026-01-07,-72.15,retail,card
T011291,C0163,2026-01-07,-63.46,groceries,card
T011371,C0164,2026-01-07,-134.38,transfer_out,app_transfer
T011374,C0164,2026-01-07,-117.01,retail,card
T011509,C0166,2026-01-07,-175.26,utilities,direct_debit
T011769,C0169,2026-01-07,1562.91,salary,inbound_transfer
T012184,C0175,2026-01-07,3176.09,salary,inbound_transfer
T012336,C0177,2026-01-07,-19.63,subscription,direct_debit
T012509,C0180,2026-01-07,-322.8,transfer_out,app_transfer
T012622,C0182,2026-01-07,-68.0,retail,card
T012899,C0186,2026-01-07,-254.29,transfer_out,app_transfer
T012902,C0186,2026-01-07,-359.81,transfer_out,app_transfer
T012909,C0186,2026-01-07,-28.97,transport,card
T013137,C0189,2026-01-07,-178.86,utilities,direct_debit
T013141,C0189,2026-01-07,-173.47,transfer_out,app_transfer
T013142,C0189,2026-01-07,-166.93,utilities,direct_debit
T013143,C0189,2026-01-07,-38.84,retail,card
T013495,C0194,2026-01-07,-11.96,dining,card
T013502,C0194,2026-01-07,-102.54,cash_withdrawal,atm
T013761,C0198,2026-01-07,913.03,salary,inbound_transfer
T013762,C0198,2026-01-07,946.06,salary,inbound_transfer
T013833,C0199,2026-01-07,-40.14,groceries,card
T013879,C0200,2026-01-07,-80.69,retail,card
T000084,C0002,2026-01-08,-40.67,retail,card
T000085,C0002,2026-01-08,-49.91,groceries,card
T000322,C0006,2026-01-08,-13.63,dining,card
T000328,C0006,2026-01-08,-48.2,groceries,card
T000329,C0006,2026-01-08,-60.13,dining,card
T000427,C0007,2026-01-08,-25.71,retail,card
T000634,C0011,2026-01-08,-125.35,retail,card
T000793,C0013,2026-01-08,-37.61,dining,card
T000798,C0013,2026-01-08,-82.9,groceries,card
T000800,C0013,2026-01-08,-84.94,transfer_out,app_transfer
T000862,C0014,2026-01-08,-29.11,transport,card
T001049,C0017,2026-01-08,-49.83,groceries,card
T001206,C0019,2026-01-08,-82.97,groceries,card
T001352,C0021,2026-01-08,-16.98,transport,card
T001353,C0021,2026-01-08,-72.95,retail,card
T001879,C0028,2026-01-08,-102.53,transfer_out,app_transfer
T002407,C0035,2026-01-08,-17.89,subscription,direct_debit
T002603,C0038,2026-01-08,-62.43,groceries,card
T003187,C0047,2026-01-08,3900.92,salary,inbound_transfer
T003914,C0056,2026-01-08,-26.09,subscription,direct_debit
T003995,C0057,2026-01-08,-66.04,utilities,direct_debit
T004014,C0058,2026-01-08,-96.19,retail,card
T004338,C0064,2026-01-08,-64.13,groceries,card
T004678,C0069,2026-01-08,-60.21,dining,card
T004830,C0071,2026-01-08,-203.84,utilities,direct_debit
T005073,C0074,2026-01-08,-13.56,dining,card
T005166,C0075,2026-01-08,-79.34,retail,card
T005167,C0075,2026-01-08,-48.77,utilities,direct_debit
T005500,C0079,2026-01-08,-357.47,transfer_out,app_transfer
T005877,C0085,2026-01-08,-60.96,cash_withdrawal,atm
T006072,C0087,2026-01-08,-87.54,groceries,card
T006292,C0090,2026-01-08,-98.92,retail,card
T006301,C0090,2026-01-08,-82.46,transfer_out,app_transfer
T006379,C0091,2026-01-08,-88.08,groceries,card
T006381,C0091,2026-01-08,-38.4,groceries,card
T006522,C0093,2026-01-08,-60.9,dining,card
T006525,C0093,2026-01-08,-37.89,dining,card
T006698,C0095,2026-01-08,-294.28,transfer_out,app_transfer
T006700,C0095,2026-01-08,-91.2,utilities,direct_debit
T006857,C0097,2026-01-08,-63.82,cash_withdrawal,atm
T006860,C0097,2026-01-08,-46.94,dining,card
T007091,C0101,2026-01-08,4158.9,salary,inbound_transfer
T007225,C0104,2026-01-08,3235.65,salary,inbound_transfer
T007282,C0105,2026-01-08,-120.8,retail,card
T007464,C0109,2026-01-08,-86.41,utilities,direct_debit
T007799,C0113,2026-01-08,1433.18,salary,inbound_transfer
T007845,C0114,2026-01-08,-9.16,subscription,direct_debit
T007846,C0114,2026-01-08,-50.76,dining,card
T007891,C0115,2026-01-08,-58.29,dining,card
T008100,C0118,2026-01-08,860.76,salary,inbound_transfer
T008394,C0122,2026-01-08,-54.72,groceries,card
T008398,C0122,2026-01-08,-87.68,groceries,card
T008540,C0125,2026-01-08,-379.0,transfer_out,app_transfer
T008938,C0130,2026-01-08,-197.67,utilities,direct_debit
T009535,C0138,2026-01-08,-259.68,transfer_out,app_transfer
T009703,C0141,2026-01-08,3057.85,salary,inbound_transfer
T009782,C0142,2026-01-08,-25.39,groceries,card
T009791,C0142,2026-01-08,-67.35,groceries,card
T009969,C0145,2026-01-08,-20.08,dining,card
T009973,C0145,2026-01-08,-15.22,dining,card
T010053,C0146,2026-01-08,-52.3,groceries,card
T010144,C0148,2026-01-08,-227.24,transfer_out,app_transfer
T010231,C0149,2026-01-08,-88.43,cash_withdrawal,atm
T010496,C0152,2026-01-08,-82.81,utilities,direct_debit
T010647,C0154,2026-01-08,-11.83,subscription,direct_debit
T010812,C0156,2026-01-08,-190.35,transfer_out,app_transfer
T010898,C0157,2026-01-08,-88.62,retail,card
T010976,C0158,2026-01-08,-26.6,groceries,card
T011212,C0162,2026-01-08,-40.18,groceries,card
T011776,C0169,2026-01-08,-76.32,groceries,card
T011860,C0170,2026-01-08,2737.38,salary,inbound_transfer
T011998,C0172,2026-01-08,-44.63,dining,card
T012009,C0172,2026-01-08,-51.36,retail,card
T012248,C0176,2026-01-08,-7.74,subscription,direct_debit
T012784,C0184,2026-01-08,3579.14,salary,inbound_transfer
T012900,C0186,2026-01-08,-23.55,transport,card
T013134,C0189,2026-01-08,803.7,salary,inbound_transfer
T013493,C0194,2026-01-08,-59.46,dining,card
T013570,C0196,2026-01-08,-29.94,dining,card
T013769,C0198,2026-01-08,-172.54,utilities,direct_debit
T013840,C0199,2026-01-08,-35.3,cash_withdrawal,atm
T000003,C0001,2026-01-09,-293.06,transfer_out,app_transfer
T000006,C0001,2026-01-09,-11.17,transport,card
T000204,C0004,2026-01-09,-92.03,cash_withdrawal,atm
T000324,C0006,2026-01-09,-29.0,dining,card
T000517,C0009,2026-01-09,-32.97,dining,card
T001207,C0019,2026-01-09,-58.32,dining,card
T001314,C0020,2026-01-09,-336.78,transfer_out,app_transfer
T001424,C0022,2026-01-09,1563.17,salary,inbound_transfer
T001815,C0027,2026-01-09,-12.64,subscription,direct_debit
T002037,C0030,2026-01-09,1798.14,salary,inbound_transfer
T002150,C0031,2026-01-09,-21.94,groceries,card
T002202,C0032,2026-01-09,-27.24,dining,card
T002205,C0032,2026-01-09,-38.3,dining,card
T002738,C0040,2026-01-09,2636.23,salary,inbound_transfer
T002787,C0041,2026-01-09,-6.71,transport,card
T003050,C0045,2026-01-09,1009.23,salary,inbound_transfer
T003265,C0048,2026-01-09,1229.96,salary,inbound_transfer
T003363,C0050,2026-01-09,-9.76,transport,card
T003589,C0052,2026-01-09,-143.2,utilities,direct_debit
T003593,C0052,2026-01-09,-60.26,utilities,direct_debit
T004019,C0058,2026-01-09,-80.2,groceries,card
T004166,C0061,2026-01-09,3495.2,salary,inbound_transfer
T004331,C0064,2026-01-09,-88.92,groceries,card
T004609,C0068,2026-01-09,-21.67,groceries,card
T004916,C0072,2026-01-09,-114.36,utilities,direct_debit
T004924,C0072,2026-01-09,-7.06,transport,card
T005071,C0074,2026-01-09,-55.72,dining,card
T005072,C0074,2026-01-09,-13.25,transport,card
T005161,C0075,2026-01-09,-29.45,transport,card
T005339,C0077,2026-01-09,-85.83,groceries,card
T005347,C0077,2026-01-09,-11.84,subscription,direct_debit
T005580,C0080,2026-01-09,-24.57,transport,card
T005583,C0080,2026-01-09,-40.09,cash_withdrawal,atm
T005786,C0083,2026-01-09,-26.85,transport,card
T005788,C0083,2026-01-09,-39.39,utilities,direct_debit
T005982,C0086,2026-01-09,-57.58,retail,card
T006104,C0088,2026-01-09,-26.2,retail,card
T006519,C0093,2026-01-09,-24.01,retail,card
T007001,C0099,2026-01-09,2989.4,salary,inbound_transfer
T007626,C0111,2026-01-09,-9.88,transport,card
T007802,C0113,2026-01-09,-71.86,utilities,direct_debit
T008107,C0118,2026-01-09,-24.05,subscription,direct_debit
T008192,C0119,2026-01-09,-56.94,utilities,direct_debit
T008349,C0121,2026-01-09,-19.08,dining,card
T008350,C0121,2026-01-09,-7.68,transport,card
T008427,C0123,2026-01-09,-77.37,groceries,card
T008454,C0124,2026-01-09,-74.12,retail,card
T008776,C0128,2026-01-09,-41.18,retail,card
T008780,C0128,2026-01-09,-48.03,groceries,card
T009278,C0134,2026-01-09,-23.61,dining,card
T009430,C0136,2026-01-09,-135.51,transfer_out,app_transfer
T009709,C0141,2026-01-09,-14.72,dining,card
T009776,C0142,2026-01-09,-46.63,groceries,card
T009777,C0142,2026-01-09,-6.51,transport,card
T009785,C0142,2026-01-09,-15.1,transport,card
T010140,C0148,2026-01-09,-100.16,retail,card
T010226,C0149,2026-01-09,-84.84,groceries,card
T010727,C0155,2026-01-09,-94.49,transfer_out,app_transfer
T010893,C0157,2026-01-09,-36.59,groceries,card
T011103,C0161,2026-01-09,-32.44,groceries,card
T011216,C0162,2026-01-09,-10.23,transport,card
T011449,C0165,2026-01-09,-30.4,dining,card
T011938,C0171,2026-01-09,940.89,salary,inbound_transfer
T012008,C0172,2026-01-09,-109.67,retail,card
T012095,C0174,2026-01-09,-40.24,groceries,card
T012195,C0175,2026-01-09,-40.62,dining,card
T012331,C0177,2026-01-09,869.71,salary,inbound_transfer
T012334,C0177,2026-01-09,-20.26,subscription,direct_debit
T012341,C0177,2026-01-09,-101.3,cash_withdrawal,atm
T012551,C0181,2026-01-09,-26.12,transport,card
T012910,C0186,2026-01-09,-27.75,dining,card
T013051,C0188,2026-01-09,-34.88,cash_withdrawal,atm
T013298,C0191,2026-01-09,-388.49,transfer_out,app_transfer
T013666,C0197,2026-01-09,-99.05,utilities,direct_debit
T013675,C0197,2026-01-09,-82.6,cash_withdrawal,atm
T013886,C0200,2026-01-09,-22.27,transport,card
T000274,C0005,2026-01-10,-22.96,subscription,direct_debit
T000332,C0006,2026-01-10,-60.28,groceries,card
T000434,C0007,2026-01-10,-68.65,cash_withdrawal,atm
T000519,C0009,2026-01-10,-9.75,transport,card
T000580,C0010,2026-01-10,-11.67,transport,card
T000587,C0010,2026-01-10,-10.7,transport,card
T000632,C0011,2026-01-10,1571.16,salary,inbound_transfer
T000733,C0012,2026-01-10,-93.21,cash_withdrawal,atm
T000739,C0012,2026-01-10,-86.08,retail,card
T000907,C0015,2026-01-10,-68.9,groceries,card
T001132,C0018,2026-01-10,-20.92,groceries,card
T001209,C0019,2026-01-10,-184.04,utilities,direct_debit
T001210,C0019,2026-01-10,-69.43,groceries,card
T002049,C0030,2026-01-10,-72.36,groceries,card
T002204,C0032,2026-01-10,-129.95,retail,card
T002592,C0038,2026-01-10,-15.16,dining,card
T002600,C0038,2026-01-10,-42.25,groceries,card
T002741,C0040,2026-01-10,-379.15,transfer_out,app_transfer
T003299,C0049,2026-01-10,-47.74,dining,card
T003303,C0049,2026-01-10,-56.0,groceries,card
T003482,C0051,2026-01-10,-44.01,dining,card
T003581,C0052,2026-01-10,-75.9,utilities,direct_debit
T003777,C0054,2026-01-10,-101.34,utilities,direct_debit
T003994,C0057,2026-01-10,-73.48,retail,card
T004177,C0061,2026-01-10,-28.44,transport,card
T004186,C0062,2026-01-10,-17.85,dining,card
T004606,C0068,2026-01-10,-31.07,dining,card
T004668,C0069,2026-01-10,-39.4,groceries,card
T004829,C0071,2026-01-10,-135.02,utilities,direct_debit
T005069,C0074,2026-01-10,-14.84,dining,card
T005076,C0074,2026-01-10,-223.28,transfer_out,app_transfer
T005662,C0081,2026-01-10,-11.33,transport,card
T006598,C0094,2026-01-10,-49.55,dining,card
T006695,C0095,2026-01-10,-95.17,retail,card
T007003,C0099,2026-01-10,-5.54,subscription,direct_debit
T007010,C0099,2026-01-10,-28.82,dining,card
T007093,C0101,2026-01-10,-12.27,transport,card
T007122,C0102,2026-01-10,-38.95,dining,card
T007127,C0102,2026-01-10,-15.58,transport,card
T007461,C0109,2026-01-10,-61.4,retail,card
T007624,C0111,2026-01-10,-26.38,transport,card
T007808,C0113,2026-01-10,-201.31,transfer_out,app_transfer
T007847,C0114,2026-01-10,-52.12,cash_withdrawal,atm
T007892,C0115,2026-01-10,-46.16,retail,card
T008026,C0117,2026-01-10,-72.34,groceries,card
T008113,C0118,2026-01-10,-55.39,dining,card
T008425,C0123,2026-01-10,-111.79,retail,card
T008624,C0126,2026-01-10,-25.09,transport,card
T008705,C0127,2026-01-10,-57.7,utilities,direct_debit
T009168,C0133,2026-01-10,3574.56,salary,inbound_transfer
T009176,C0133,2026-01-10,-55.98,groceries,card
T009885,C0143,2026-01-10,-28.39,transport,card
T009933,C0144,2026-01-10,-108.64,utilities,direct_debit
T010056,C0146,2026-01-10,-377.27,transfer_out,app_transfer
T010058,C0146,2026-01-10,-116.24,utilities,direct_debit
T010382,C0151,2026-01-10,-68.76,retail,card
T010577,C0153,2026-01-10,-52.66,dining,card
T010975,C0158,2026-01-10,-42.21,cash_withdrawal,atm
T011067,C0160,2026-01-10,-166.88,utilities,direct_debit
T011100,C0161,2026-01-10,-19.17,groceries,card
T011209,C0162,2026-01-10,-6.88,transport,card
T011221,C0162,2026-01-10,-11.33,transport,card
T011507,C0166,2026-01-10,-19.19,dining,card
T011580,C0167,2026-01-10,-26.05,dining,card
T011587,C0167,2026-01-10,-24.84,subscription,direct_debit
T011779,C0169,2026-01-10,-73.91,groceries,card
T011949,C0171,2026-01-10,-256.42,transfer_out,app_transfer
T012002,C0172,2026-01-10,-138.36,utilities,direct_debit
T012249,C0176,2026-01-10,-127.2,transfer_out,app_transfer
T012338,C0177,2026-01-10,-25.45,transport,card
T012388,C0178,2026-01-10,-24.7,dining,card
T012391,C0178,2026-01-10,-62.98,groceries,card
T012615,C0182,2026-01-10,-41.36,cash_withdrawal,atm
T012820,C0185,2026-01-10,-147.42,transfer_out,app_transfer
T012989,C0187,2026-01-10,-44.14,retail,card
T013048,C0188,2026-01-10,-47.58,groceries,card
T013214,C0190,2026-01-10,-116.05,transfer_out,app_transfer
T013326,C0192,2026-01-10,-25.85,transport,card
T013328,C0192,2026-01-10,-114.92,utilities,direct_debit
T013424,C0193,2026-01-10,-27.07,groceries,card
T013500,C0194,2026-01-10,-12.09,transport,card
T013563,C0196,2026-01-10,-14.64,subscription,direct_debit
T013667,C0197,2026-01-10,-40.25,groceries,card
T013885,C0200,2026-01-10,-52.65,utilities,direct_debit
T000197,C0004,2026-01-11,-72.92,groceries,card
T000426,C0007,2026-01-11,-47.89,groceries,card
T000430,C0007,2026-01-11,-18.22,transport,card
T000435,C0007,2026-01-11,-108.12,utilities,direct_debit
T000436,C0007,2026-01-11,-24.67,retail,card
T000630,C0011,2026-01-11,1354.81,salary,inbound_transfer
T000856,C0014,2026-01-11,1382.91,salary,inbound_transfer
T000860,C0014,2026-01-11,-26.35,groceries,card
T001137,C0018,2026-01-11,-56.93,dining,card
T001310,C0020,2026-01-11,-94.95,cash_withdrawal,atm
T001355,C0021,2026-01-11,-31.56,groceries,card
T001581,C0024,2026-01-11,-35.96,dining,card
T001731,C0026,2026-01-11,-9.01,transport,card
T001741,C0026,2026-01-11,-31.4,retail,card
T001811,C0027,2026-01-11,-69.37,groceries,card
T001872,C0028,2026-01-11,-12.12,transport,card
T002146,C0031,2026-01-11,-81.56,groceries,card
T002489,C0037,2026-01-11,-25.69,dining,card
T002596,C0038,2026-01-11,-47.35,dining,card
T002746,C0040,2026-01-11,-153.5,utilities,direct_debit
T002933,C0043,2026-01-11,3580.58,salary,inbound_transfer
T002936,C0043,2026-01-11,-16.39,dining,card
T003059,C0045,2026-01-11,-61.37,cash_withdrawal,atm
T003189,C0047,2026-01-11,-107.78,retail,card
T003269,C0048,2026-01-11,-9.56,transport,card
T003775,C0054,2026-01-11,-89.19,groceries,card
T003782,C0054,2026-01-11,-37.88,retail,card
T003836,C0055,2026-01-11,-22.82,transport,card
T003842,C0055,2026-01-11,-74.13,groceries,card
T003985,C0057,2026-01-11,-353.22,transfer_out,app_transfer
T004015,C0058,2026-01-11,-51.65,dining,card
T004033,C0059,2026-01-11,4288.53,salary,inbound_transfer
T004079,C0060,2026-01-11,-40.66,dining,card
T004084,C0060,2026-01-11,-22.3,transport,card
T004189,C0062,2026-01-11,-60.07,retail,card
T004195,C0062,2026-01-11,-33.92,groceries,card
T004337,C0064,2026-01-11,-40.22,groceries,card
T004552,C0067,2026-01-11,-79.5,cash_withdrawal,atm
T004604,C0068,2026-01-11,-106.93,retail,card
T004748,C0070,2026-01-11,-97.57,retail,card
T004923,C0072,2026-01-11,-125.26,retail,card
T004982,C0073,2026-01-11,-91.74,utilities,direct_debit
T004990,C0073,2026-01-11,-65.52,groceries,card
T005074,C0074,2026-01-11,-299.92,transfer_out,app_transfer
T005169,C0075,2026-01-11,-37.94,groceries,card
T005173,C0075,2026-01-11,-46.09,retail,card
T005737,C0082,2026-01-11,2163.42,salary,inbound_transfer
T005789,C0083,2026-01-11,-82.26,groceries,card
T005978,C0086,2026-01-11,-27.36,transport,card
T006112,C0088,2026-01-11,-59.18,groceries,card
T006763,C0096,2026-01-11,-98.38,transfer_out,app_transfer
T006907,C0098,2026-01-11,-22.27,transport,card
T007120,C0102,2026-01-11,-56.93,retail,card
T007335,C0106,2026-01-11,-51.11,dining,card
T007374,C0107,2026-01-11,-60.38,dining,card
T007577,C0110,2026-01-11,-39.44,dining,card
T007723,C0112,2026-01-11,-350.8,transfer_out,app_transfer
T007887,C0115,2026-01-11,-15.11,dining,card
T007954,C0116,2026-01-11,4195.78,salary,inbound_transfer
T008260,C0120,2026-01-11,-122.91,retail,card
T008268,C0120,2026-01-11,-14.25,transport,card
T008346,C0121,2026-01-11,-78.71,groceries,card
T008397,C0122,2026-01-11,-102.13,retail,card
T008536,C0125,2026-01-11,-74.63,groceries,card
T009013,C0131,2026-01-11,-35.41,cash_withdrawal,atm
T009015,C0131,2026-01-11,-84.95,groceries,card
T009183,C0133,2026-01-11,-6.54,subscription,direct_debit
T009377,C0135,2026-01-11,-50.82,dining,card
T009545,C0138,2026-01-11,-17.16,transport,card
T009607,C0139,2026-01-11,-29.26,dining,card
T009631,C0140,2026-01-11,-106.78,retail,card
T009886,C0143,2026-01-11,-112.23,retail,card
T010059,C0146,2026-01-11,-184.77,utilities,direct_debit
T010294,C0150,2026-01-11,-320.94,transfer_out,app_transfer
T010381,C0151,2026-01-11,-27.2,transport,card
T010489,C0152,2026-01-11,-91.53,retail,card
T010502,C0152,2026-01-11,-88.26,groceries,card
T011208,C0162,2026-01-11,1359.25,salary,inbound_transfer
T011514,C0166,2026-01-11,-39.0,groceries,card
T012010,C0172,2026-01-11,-12.18,transport,card
T012090,C0174,2026-01-11,-108.25,retail,card
T012093,C0174,2026-01-11,-232.9,transfer_out,app_transfer
T012254,C0176,2026-01-11,-49.07,groceries,card
T012449,C0179,2026-01-11,-49.32,dining,card
T012550,C0181,2026-01-11,-93.76,retail,card
T012699,C0183,2026-01-11,4136.98,salary,inbound_transfer
T013307,C0191,2026-01-11,-46.79,groceries,card
T013329,C0192,2026-01-11,-300.02,transfer_out,app_transfer
T013764,C0198,2026-01-11,-29.68,cash_withdrawal,atm
T013883,C0200,2026-01-11,-22.33,groceries,card
T000079,C0002,2026-01-12,3980.34,salary,inbound_transfer
T000431,C0007,2026-01-12,-5.78,transport,card
T000444,C0008,2026-01-12,3079.92,salary,inbound_transfer
T000513,C0009,2026-01-12,-58.63,dining,card
T000584,C0010,2026-01-12,-8.6,transport,card
T000633,C0011,2026-01-12,-92.61,retail,card
T000639,C0011,2026-01-12,-118.92,retail,card
T000730,C0012,2026-01-12,2922.19,salary,inbound_transfer
T000904,C0015,2026-01-12,-19.31,subscription,direct_debit
T000962,C0016,2026-01-12,3357.48,salary,inbound_transfer
T001205,C0019,2026-01-12,-7.4,subscription,direct_debit
T001208,C0019,2026-01-12,-29.27,transport,card
T001347,C0021,2026-01-12,-91.38,retail,card
T001578,C0024,2026-01-12,-18.1,transport,card
T001681,C0025,2026-01-12,-207.1,utilities,direct_debit
T001730,C0026,2026-01-12,-68.02,groceries,card
T002134,C0031,2026-01-12,1105.28,salary,inbound_transfer
T002139,C0031,2026-01-12,-31.01,retail,card
T002333,C0034,2026-01-12,-21.04,groceries,card
T002486,C0037,2026-01-12,-32.24,dining,card
T002779,C0041,2026-01-12,-19.44,dining,card
T002781,C0041,2026-01-12,-61.49,dining,card
T002855,C0042,2026-01-12,-49.33,groceries,card
T003368,C0050,2026-01-12,-82.66,groceries,card
T003472,C0051,2026-01-12,-57.93,retail,card
T003487,C0051,2026-01-12,-75.61,groceries,card
T003488,C0051,2026-01-12,-113.2,retail,card
T003783,C0054,2026-01-12,-36.03,groceries,card
T003832,C0055,2026-01-12,-13.59,transport,card
T003839,C0055,2026-01-12,-84.68,cash_withdrawal,atm
T003918,C0056,2026-01-12,-56.46,groceries,card
T004021,C0058,2026-01-12,-12.25,transport,card
T004022,C0058,2026-01-12,-51.78,groceries,card
T004187,C0062,2026-01-12,-80.05,retail,card
T004188,C0062,2026-01-12,-285.98,transfer_out,app_transfer
T004194,C0062,2026-01-12,-29.79,transport,card
T004550,C0067,2026-01-12,-51.08,dining,card
T004603,C0068,2026-01-12,-133.68,utilities,direct_debit
T004670,C0069,2026-01-12,-95.18,cash_withdrawal,atm
T004681,C0069,2026-01-12,-44.92,groceries,card
T004751,C0070,2026-01-12,-81.48,groceries,card
T005064,C0074,2026-01-12,-72.46,groceries,card
T005168,C0075,2026-01-12,-25.7,subscription,direct_debit
T005342,C0077,2026-01-12,-167.71,utilities,direct_debit
T005346,C0077,2026-01-12,-101.74,utilities,direct_debit
T005439,C0078,2026-01-12,-10.11,transport,card
T005489,C0079,2026-01-12,-10.49,subscription,direct_debit
T005736,C0082,2026-01-12,1992.11,salary,inbound_transfer
T005785,C0083,2026-01-12,-22.67,subscription,direct_debit
T005882,C0085,2026-01-12,-5.88,subscription,direct_debit
T006299,C0090,2026-01-12,-169.53,transfer_out,app_transfer
T006697,C0095,2026-01-12,-23.22,subscription,direct_debit
T006854,C0097,2026-01-12,-87.92,transfer_out,app_transfer
T007007,C0099,2026-01-12,-53.77,dining,card
T007612,C0111,2026-01-12,3503.02,salary,inbound_transfer
T007717,C0112,2026-01-12,-28.05,retail,card
T007809,C0113,2026-01-12,-53.38,groceries,card
T007967,C0116,2026-01-12,-242.66,transfer_out,app_transfer
T008261,C0120,2026-01-12,-28.45,transport,card
T008345,C0121,2026-01-12,3541.74,salary,inbound_transfer
T008533,C0125,2026-01-12,-7.98,subscription,direct_debit
T008621,C0126,2026-01-12,1983.65,salary,inbound_transfer
T008702,C0127,2026-01-12,-135.89,utilities,direct_debit
T008708,C0127,2026-01-12,-126.1,retail,card
T008935,C0130,2026-01-12,-29.87,groceries,card
T009080,C0132,2026-01-12,-27.83,transport,card
T009182,C0133,2026-01-12,-76.33,groceries,card
T009379,C0135,2026-01-12,-157.9,utilities,direct_debit
T009383,C0135,2026-01-12,-50.62,groceries,card
T009495,C0137,2026-01-12,-201.3,utilities,direct_debit
T009538,C0138,2026-01-12,-23.65,subscription,direct_debit
T009708,C0141,2026-01-12,-73.46,groceries,card
T009710,C0141,2026-01-12,-59.19,retail,card
T009939,C0144,2026-01-12,-94.19,retail,card
T010051,C0146,2026-01-12,-19.58,subscription,direct_debit
T010125,C0147,2026-01-12,-29.03,groceries,card
T010147,C0148,2026-01-12,-18.62,subscription,direct_debit
T010230,C0149,2026-01-12,-102.25,utilities,direct_debit
T010574,C0153,2026-01-12,4018.68,salary,inbound_transfer
T010725,C0155,2026-01-12,-54.32,utilities,direct_debit
T010811,C0156,2026-01-12,-43.47,groceries,card
T010890,C0157,2026-01-12,-281.08,transfer_out,app_transfer
T011016,C0159,2026-01-12,3970.22,salary,inbound_transfer
T011671,C0168,2026-01-12,-18.18,transport,card
T011777,C0169,2026-01-12,-50.55,groceries,card
T011870,C0170,2026-01-12,-42.15,dining,card
T011871,C0170,2026-01-12,-128.14,utilities,direct_debit
T012001,C0172,2026-01-12,-52.87,dining,card
T012052,C0173,2026-01-12,-24.33,retail,card
T012053,C0173,2026-01-12,-29.56,retail,card
T012087,C0174,2026-01-12,3545.81,salary,inbound_transfer
T012335,C0177,2026-01-12,-33.86,groceries,card
T012547,C0181,2026-01-12,3140.7,salary,inbound_transfer
T012821,C0185,2026-01-12,-9.13,transport,card
T013047,C0188,2026-01-12,-172.03,utilities,direct_debit
T013053,C0188,2026-01-12,-28.57,dining,card
T013330,C0192,2026-01-12,-37.75,groceries,card
T013671,C0197,2026-01-12,-74.64,groceries,card
T013770,C0198,2026-01-12,-43.81,dining,card
T013876,C0200,2026-01-12,-155.45,utilities,direct_debit
T000089,C0002,2026-01-13,-34.58,groceries,card
T000195,C0004,2026-01-13,-107.57,cash_withdrawal,atm
T000202,C0004,2026-01-13,-51.89,dining,card
T000270,C0005,2026-01-13,-290.35,transfer_out,app_transfer
T000428,C0007,2026-01-13,-92.05,cash_withdrawal,atm
T000511,C0009,2026-01-13,-31.13,retail,card
T001504,C0023,2026-01-13,-80.75,cash_withdrawal,atm
T001506,C0023,2026-01-13,-20.49,groceries,card
T001682,C0025,2026-01-13,-25.48,dining,card
T001683,C0025,2026-01-13,-32.26,dining,card
T001734,C0026,2026-01-13,-85.67,transfer_out,app_transfer
T001968,C0029,2026-01-13,-50.71,groceries,card
T002050,C0030,2026-01-13,-63.69,cash_withdrawal,atm
T002200,C0032,2026-01-13,-37.21,groceries,card
T002201,C0032,2026-01-13,-28.32,transport,card
T002330,C0034,2026-01-13,-27.7,dining,card
T002404,C0035,2026-01-13,-112.54,utilities,direct_debit
T002408,C0035,2026-01-13,-35.33,dining,card
T002410,C0035,2026-01-13,-17.12,dining,card
T002427,C0036,2026-01-13,-61.39,groceries,card
T003674,C0053,2026-01-13,-349.14,transfer_out,app_transfer
T003926,C0056,2026-01-13,-19.62,subscription,direct_debit
T004036,C0059,2026-01-13,-75.61,retail,card
T004075,C0060,2026-01-13,3352.0,salary,inbound_transfer
T004475,C0066,2026-01-13,-336.24,transfer_out,app_transfer
T004671,C0069,2026-01-13,-44.23,retail,card
T005267,C0076,2026-01-13,-18.96,subscription,direct_debit
T005345,C0077,2026-01-13,-7.12,transport,card
T005440,C0078,2026-01-13,-21.81,transport,card
T005495,C0079,2026-01-13,-12.61,dining,card
T005496,C0079,2026-01-13,-48.67,dining,card
T005579,C0080,2026-01-13,797.95,salary,inbound_transfer
T005745,C0082,2026-01-13,-14.53,transport,card
T005859,C0084,2026-01-13,-27.01,transport,card
T006296,C0090,2026-01-13,-59.99,dining,card
T006374,C0091,2026-01-13,3984.29,salary,inbound_transfer
T006376,C0091,2026-01-13,-57.9,dining,card
T006426,C0092,2026-01-13,-51.11,utilities,direct_debit
T006518,C0093,2026-01-13,-389.39,transfer_out,app_transfer
T006520,C0093,2026-01-13,-115.7,retail,card
T006689,C0095,2026-01-13,-83.22,retail,card
T006696,C0095,2026-01-13,-39.08,utilities,direct_debit
T007053,C0100,2026-01-13,-234.4,transfer_out,app_transfer
T007057,C0100,2026-01-13,-25.25,subscription,direct_debit
T007096,C0101,2026-01-13,-112.3,utilities,direct_debit
T007153,C0103,2026-01-13,-284.68,transfer_out,app_transfer
T007368,C0107,2026-01-13,2976.87,salary,inbound_transfer
T007397,C0108,2026-01-13,1283.06,salary,inbound_transfer
T007398,C0108,2026-01-13,1335.6,salary,inbound_transfer
T007401,C0108,2026-01-13,-53.06,utilities,direct_debit
T007844,C0114,2026-01-13,-120.65,retail,card
T007968,C0116,2026-01-13,-18.17,dining,card
T008018,C0117,2026-01-13,909.58,salary,inbound_transfer
T008110,C0118,2026-01-13,-47.06,retail,card
T008258,C0120,2026-01-13,2164.69,salary,inbound_transfer
T008348,C0121,2026-01-13,-20.75,transport,card
T008416,C0123,2026-01-13,-39.6,groceries,card
T008529,C0125,2026-01-13,-85.27,cash_withdrawal,atm
T008631,C0126,2026-01-13,-66.81,groceries,card
T009424,C0136,2026-01-13,-90.74,retail,card
T009428,C0136,2026-01-13,-53.54,groceries,card
T009626,C0140,2026-01-13,750.41,salary,inbound_transfer
T009788,C0142,2026-01-13,-83.83,groceries,card
T009936,C0144,2026-01-13,-92.24,retail,card
T010048,C0146,2026-01-13,887.47,salary,inbound_transfer
T010386,C0151,2026-01-13,-22.98,dining,card
T010899,C0157,2026-01-13,-27.73,transport,card
T011022,C0159,2026-01-13,-254.67,transfer_out,app_transfer
T011064,C0160,2026-01-13,3114.61,salary,inbound_transfer
T011872,C0170,2026-01-13,-98.55,transfer_out,app_transfer
T012013,C0172,2026-01-13,-60.37,retail,card
T012185,C0175,2026-01-13,-12.21,dining,card
T012516,C0180,2026-01-13,-23.68,transport,card
T012810,C0185,2026-01-13,-7.81,transport,card
T012814,C0185,2026-01-13,-34.5,cash_withdrawal,atm
T012985,C0187,2026-01-13,-55.01,dining,card
T013054,C0188,2026-01-13,-27.93,retail,card
T013148,C0189,2026-01-13,-110.88,transfer_out,app_transfer
T013212,C0190,2026-01-13,-45.68,cash_withdrawal,atm
T013301,C0191,2026-01-13,-116.1,retail,card
T013572,C0196,2026-01-13,-27.15,transport,card
T013668,C0197,2026-01-13,-14.76,transport,card
T000269,C0005,2026-01-14,3308.96,salary,inbound_transfer
T000277,C0005,2026-01-14,-49.65,dining,card
T000319,C0006,2026-01-14,-103.02,retail,card
T000792,C0013,2026-01-14,-36.58,dining,card
T001129,C0018,2026-01-14,-131.93,retail,card
T001425,C0022,2026-01-14,1334.36,salary,inbound_transfer
T001579,C0024,2026-01-14,-162.47,utilities,direct_debit
T001580,C0024,2026-01-14,-66.6,groceries,card
T001739,C0026,2026-01-14,-14.19,dining,card
T001810,C0027,2026-01-14,3789.61,salary,inbound_transfer
T001817,C0027,2026-01-14,-18.3,subscription,direct_debit
T002044,C0030,2026-01-14,-37.3,groceries,card
T002051,C0030,2026-01-14,-87.19,retail,card
T002345,C0034,2026-01-14,-348.52,transfer_out,app_transfer
T002406,C0035,2026-01-14,-34.18,groceries,card
T002425,C0036,2026-01-14,-60.26,dining,card
T002494,C0037,2026-01-14,-53.89,retail,card
T002644,C0039,2026-01-14,-66.82,groceries,card
T002647,C0039,2026-01-14,-20.81,transport,card
T003054,C0045,2026-01-14,-69.12,retail,card
T003190,C0047,2026-01-14,-78.89,groceries,card
T003361,C0050,2026-01-14,2291.45,salary,inbound_transfer
T003364,C0050,2026-01-14,-18.5,dining,card
T003588,C0052,2026-01-14,-47.01,groceries,card
T003671,C0053,2026-01-14,-9.45,transport,card
T003787,C0054,2026-01-14,-48.71,cash_withdrawal,atm
T003919,C0056,2026-01-14,-156.51,transfer_out,app_transfer
T004023,C0058,2026-01-14,-53.45,retail,card
T004038,C0059,2026-01-14,-55.33,dining,card
T004082,C0060,2026-01-14,-52.52,cash_withdrawal,atm
T004196,C0062,2026-01-14,-74.23,cash_withdrawal,atm
T004287,C0063,2026-01-14,-43.0,dining,card
T004756,C0070,2026-01-14,-73.99,utilities,direct_debit
T005336,C0077,2026-01-14,-255.65,transfer_out,app_transfer
T005341,C0077,2026-01-14,-151.79,transfer_out,app_transfer
T005790,C0083,2026-01-14,-142.2,transfer_out,app_transfer
T005795,C0083,2026-01-14,-21.32,transport,card
T006098,C0088,2026-01-14,3116.47,salary,inbound_transfer
T006205,C0089,2026-01-14,-39.37,dining,card
T006211,C0089,2026-01-14,-103.6,cash_withdrawal,atm
T006859,C0097,2026-01-14,-8.9,subscription,direct_debit
T007005,C0099,2026-01-14,-209.01,transfer_out,app_transfer
T007145,C0103,2026-01-14,-77.76,transfer_out,app_transfer
T007287,C0105,2026-01-14,-13.16,subscription,direct_debit
T007337,C0106,2026-01-14,-26.88,dining,card
T007400,C0108,2026-01-14,-47.03,groceries,card
T007408,C0108,2026-01-14,-27.07,transport,card
T007886,C0115,2026-01-14,-19.73,subscription,direct_debit
T007970,C0116,2026-01-14,-78.91,cash_withdrawal,atm
T008423,C0123,2026-01-14,-18.86,subscription,direct_debit
T008525,C0125,2026-01-14,-21.99,groceries,card
T008526,C0125,2026-01-14,-68.85,cash_withdrawal,atm
T008537,C0125,2026-01-14,-66.52,groceries,card
T008627,C0126,2026-01-14,-11.67,dining,card
T008774,C0128,2026-01-14,-58.13,retail,card
T008931,C0130,2026-01-14,922.08,salary,inbound_transfer
T009006,C0131,2026-01-14,-21.16,groceries,card
T009082,C0132,2026-01-14,-54.47,dining,card
T009172,C0133,2026-01-14,-57.63,dining,card
T009426,C0136,2026-01-14,-24.02,groceries,card
T009893,C0143,2026-01-14,-47.59,groceries,card
T009937,C0144,2026-01-14,-49.98,groceries,card
T010645,C0154,2026-01-14,1116.69,salary,inbound_transfer
T010726,C0155,2026-01-14,-34.68,groceries,card
T010814,C0156,2026-01-14,-25.79,groceries,card
T011074,C0160,2026-01-14,-18.47,transport,card
T011075,C0160,2026-01-14,-52.27,groceries,card
T011215,C0162,2026-01-14,-22.81,dining,card
T011223,C0162,2026-01-14,-90.21,cash_withdrawal,atm
T011378,C0164,2026-01-14,-182.95,transfer_out,app_transfer
T011442,C0165,2026-01-14,-83.26,groceries,card
T011581,C0167,2026-01-14,-24.64,retail,card
T011673,C0168,2026-01-14,-77.4,groceries,card
T011771,C0169,2026-01-14,-85.69,groceries,card
T012045,C0173,2026-01-14,3875.57,salary,inbound_transfer
T012817,C0185,2026-01-14,-133.18,transfer_out,app_transfer
T012819,C0185,2026-01-14,-80.34,cash_withdrawal,atm
T013147,C0189,2026-01-14,-122.32,utilities,direct_debit
T013491,C0194,2026-01-14,988.5,salary,inbound_transfer
T013674,C0197,2026-01-14,-59.8,dining,card
T013875,C0200,2026-01-14,-304.98,transfer_out,app_transfer
T000083,C0002,2026-01-15,-25.33,subscription,direct_debit
T000193,C0004,2026-01-15,-96.13,utilities,direct_debit
T000198,C0004,2026-01-15,-13.42,transport,card
T000518,C0009,2026-01-15,-56.07,groceries,card
T000911,C0015,2026-01-15,-89.47,cash_withdrawal,atm
T001136,C0018,2026-01-15,-42.42,retail,card
T001505,C0023,2026-01-15,-70.78,cash_withdrawal,atm
T001814,C0027,2026-01-15,-70.35,utilities,direct_debit
T002046,C0030,2026-01-15,-61.86,groceries,card
T002048,C0030,2026-01-15,-60.47,groceries,card
T002207,C0032,2026-01-15,-12.45,subscription,direct_debit
T002421,C0036,2026-01-15,3988.67,salary,inbound_transfer
T002483,C0037,2026-01-15,1246.63,salary,inbound_transfer
T002491,C0037,2026-01-15,-145.2,utilities,direct_debit
T002643,C0039,2026-01-15,-15.94,subscription,direct_debit
T002745,C0040,2026-01-15,-221.66,transfer_out,app_transfer
T003012,C0044,2026-01-15,808.42,salary,inbound_transfer
T003061,C0045,2026-01-15,-25.98,subscription,direct_debit
T003105,C0046,2026-01-15,-25.57,groceries,card
T003106,C0046,2026-01-15,-329.19,transfer_out,app_transfer
T003267,C0048,2026-01-15,-281.02,transfer_out,app_transfer
T003298,C0049,2026-01-15,-43.19,retail,card
T003473,C0051,2026-01-15,-7.95,transport,card
T003590,C0052,2026-01-15,-82.31,groceries,card
T003591,C0052,2026-01-15,-145.85,transfer_out,app_transfer
T003666,C0053,2026-01-15,-87.38,retail,card
T004083,C0060,2026-01-15,-77.38,cash_withdrawal,atm
T004332,C0064,2026-01-15,-17.51,dining,card
T004336,C0064,2026-01-15,-11.35,subscription,direct_debit
T004404,C0065,2026-01-15,3427.8,salary,inbound_transfer
T004473,C0066,2026-01-15,-161.13,utilities,direct_debit
T004746,C0070,2026-01-15,-37.63,retail,card
T005343,C0077,2026-01-15,-55.66,retail,card
T005499,C0079,2026-01-15,-56.17,groceries,card
T005584,C0080,2026-01-15,-6.43,transport,card
T005661,C0081,2026-01-15,-82.15,cash_withdrawal,atm
T005665,C0081,2026-01-15,-14.39,transport,card
T005784,C0083,2026-01-15,1380.13,salary,inbound_transfer
T005880,C0085,2026-01-15,-40.07,cash_withdrawal,atm
T005885,C0085,2026-01-15,-40.94,dining,card
T005986,C0086,2026-01-15,-52.9,dining,card
T006074,C0087,2026-01-15,-38.97,cash_withdrawal,atm
T006291,C0090,2026-01-15,2493.11,salary,inbound_transfer
T006375,C0091,2026-01-15,-45.75,groceries,card
T006756,C0096,2026-01-15,-180.93,transfer_out,app_transfer
T006855,C0097,2026-01-15,-16.9,groceries,card
T006911,C0098,2026-01-15,-24.41,groceries,card
T007233,C0104,2026-01-15,-85.42,groceries,card
T007373,C0107,2026-01-15,-23.88,subscription,direct_debit
T007459,C0109,2026-01-15,-22.62,cash_withdrawal,atm
T007460,C0109,2026-01-15,-48.95,groceries,card
T007568,C0110,2026-01-15,-55.63,dining,card
T007613,C0111,2026-01-15,-10.47,subscription,direct_debit
T007716,C0112,2026-01-15,-51.91,retail,card
T007724,C0112,2026-01-15,-237.15,transfer_out,app_transfer
T007805,C0113,2026-01-15,-83.33,cash_withdrawal,atm
T007888,C0115,2026-01-15,-46.12,dining,card
T008527,C0125,2026-01-15,-42.48,dining,card
T008698,C0127,2026-01-15,-202.02,utilities,direct_debit
T008777,C0128,2026-01-15,-142.03,transfer_out,app_transfer
T009186,C0133,2026-01-15,-30.64,retail,card
T009276,C0134,2026-01-15,-21.82,subscription,direct_debit
T009635,C0140,2026-01-15,-36.0,groceries,card
T009964,C0145,2026-01-15,-63.91,groceries,card
T010579,C0153,2026-01-15,-266.98,transfer_out,app_transfer
T010724,C0155,2026-01-15,-21.98,subscription,direct_debit
T011448,C0165,2026-01-15,-19.75,subscription,direct_debit
T011773,C0169,2026-01-15,-229.54,transfer_out,app_transfer
T011781,C0169,2026-01-15,-80.38,groceries,card
T011868,C0170,2026-01-15,-57.12,groceries,card
T012386,C0178,2026-01-15,-72.02,retail,card
T012395,C0178,2026-01-15,-84.09,groceries,card
T012442,C0179,2026-01-15,-25.55,transport,card
T012448,C0179,2026-01-15,-47.58,groceries,card
T012451,C0179,2026-01-15,-22.23,transport,card
T012549,C0181,2026-01-15,-44.38,groceries,card
T012553,C0181,2026-01-15,-309.66,transfer_out,app_transfer
T012620,C0182,2026-01-15,-63.95,utilities,direct_debit
T012788,C0184,2026-01-15,-257.17,transfer_out,app_transfer
T012986,C0187,2026-01-15,-22.26,subscription,direct_debit
T013201,C0190,2026-01-15,2922.08,salary,inbound_transfer
T013767,C0198,2026-01-15,-68.61,groceries,card
T000001,C0001,2026-01-16,959.1,salary,inbound_transfer
T000011,C0001,2026-01-16,-21.15,subscription,direct_debit
T000446,C0008,2026-01-16,-41.56,retail,card
T000449,C0008,2026-01-16,-138.84,transfer_out,app_transfer
T000796,C0013,2026-01-16,-38.18,groceries,card
T001499,C0023,2026-01-16,-389.87,transfer_out,app_transfer
T001678,C0025,2026-01-16,1964.88,salary,inbound_transfer
T002041,C0030,2026-01-16,-14.92,transport,card
T002138,C0031,2026-01-16,-17.74,transport,card
T002149,C0031,2026-01-16,-40.93,dining,card
T002338,C0034,2026-01-16,-57.69,dining,card
T002342,C0034,2026-01-16,-121.94,utilities,direct_debit
T002409,C0035,2026-01-16,-12.42,transport,card
T002602,C0038,2026-01-16,-93.9,cash_withdrawal,atm
T002648,C0039,2026-01-16,-40.59,dining,card
T002654,C0039,2026-01-16,-33.86,dining,card
T002783,C0041,2026-01-16,-105.24,utilities,direct_debit
T002858,C0042,2026-01-16,-46.9,dining,card
T003302,C0049,2026-01-16,-12.71,transport,card
T003835,C0055,2026-01-16,-27.51,transport,card
T003920,C0056,2026-01-16,-57.17,dining,card
T003928,C0056,2026-01-16,-15.16,dining,card
T004169,C0061,2026-01-16,-47.72,dining,card
T004611,C0068,2026-01-16,-21.87,transport,card
T004667,C0069,2026-01-16,-72.33,retail,card
T004669,C0069,2026-01-16,-79.27,groceries,card
T004828,C0071,2026-01-16,-110.73,retail,card
T006295,C0090,2026-01-16,-17.6,transport,card
T006856,C0097,2026-01-16,-45.41,dining,card
T006904,C0098,2026-01-16,-70.0,retail,card
T007102,C0101,2026-01-16,-225.98,transfer_out,app_transfer
T007121,C0102,2026-01-16,-6.05,transport,card
T007235,C0104,2026-01-16,-335.69,transfer_out,app_transfer
T007284,C0105,2026-01-16,-73.88,groceries,card
T007403,C0108,2026-01-16,-8.79,subscription,direct_debit
T007455,C0109,2026-01-16,-141.33,transfer_out,app_transfer
T007466,C0109,2026-01-16,-121.73,retail,card
T007713,C0112,2026-01-16,-78.68,groceries,card
T007714,C0112,2026-01-16,-9.3,subscription,direct_debit
T007840,C0114,2026-01-16,-58.2,retail,card
T007957,C0116,2026-01-16,-120.19,retail,card
T007960,C0116,2026-01-16,-88.57,groceries,card
T008025,C0117,2026-01-16,-369.77,transfer_out,app_transfer
T008102,C0118,2026-01-16,-253.25,transfer_out,app_transfer
T008193,C0119,2026-01-16,-27.18,cash_withdrawal,atm
T008395,C0122,2026-01-16,-320.43,transfer_out,app_transfer
T008707,C0127,2026-01-16,-57.18,dining,card
T008881,C0129,2026-01-16,-40.36,retail,card
T009170,C0133,2026-01-16,-325.39,transfer_out,app_transfer
T009179,C0133,2026-01-16,-38.59,retail,card
T010138,C0148,2026-01-16,2845.1,salary,inbound_transfer
T010285,C0150,2026-01-16,-311.98,transfer_out,app_transfer
T010578,C0153,2026-01-16,-94.82,retail,card
T010583,C0153,2026-01-16,-66.9,groceries,card
T010585,C0153,2026-01-16,-50.27,dining,card
T011019,C0159,2026-01-16,-9.34,transport,card
T011073,C0160,2026-01-16,-129.07,retail,card
T011076,C0160,2026-01-16,-6.3,transport,card
T011211,C0162,2026-01-16,-11.45,subscription,direct_debit
T011373,C0164,2026-01-16,-80.82,groceries,card
T011508,C0166,2026-01-16,-95.16,cash_withdrawal,atm
T011866,C0170,2026-01-16,-14.1,transport,card
T012332,C0177,2026-01-16,737.96,salary,inbound_transfer
T012393,C0178,2026-01-16,-219.78,transfer_out,app_transfer
T012443,C0179,2026-01-16,-13.33,transport,card
T012557,C0181,2026-01-16,-16.97,transport,card
T012623,C0182,2026-01-16,-35.5,retail,card
T012906,C0186,2026-01-16,-112.91,transfer_out,app_transfer
T012978,C0187,2026-01-16,2761.88,salary,inbound_transfer
T013418,C0193,2026-01-16,-191.06,transfer_out,app_transfer
T013573,C0196,2026-01-16,-17.02,subscription,direct_debit
T013663,C0197,2026-01-16,-56.72,dining,card
T013839,C0199,2026-01-16,-44.37,groceries,card
T000082,C0002,2026-01-17,-9.01,transport,card
T000794,C0013,2026-01-17,-11.46,transport,card
T000859,C0014,2026-01-17,-31.7,groceries,card
T000963,C0016,2026-01-17,-51.8,dining,card
T000967,C0016,2026-01-17,-149.14,utilities,direct_debit
T001423,C0022,2026-01-17,1267.58,salary,inbound_transfer
T001426,C0022,2026-01-17,-86.2,groceries,card
T001503,C0023,2026-01-17,-119.7,transfer_out,app_transfer
T001740,C0026,2026-01-17,-59.63,retail,card
T002197,C0032,2026-01-17,2960.81,salary,inbound_transfer
T002497,C0037,2026-01-17,-14.21,subscription,direct_debit
T003016,C0044,2026-01-17,-163.79,utilities,direct_debit
T003060,C0045,2026-01-17,-66.31,retail,card
T003108,C0046,2026-01-17,-25.4,transport,card
T003191,C0047,2026-01-17,-26.58,transport,card
T003297,C0049,2026-01-17,-24.1,transport,card
T003367,C0050,2026-01-17,-138.57,utilities,direct_debit
T003372,C0050,2026-01-17,-94.1,retail,card
T003925,C0056,2026-01-17,-60.46,groceries,card
T003988,C0057,2026-01-17,-80.8,groceries,card
T004612,C0068,2026-01-17,-31.31,retail,card
T004675,C0069,2026-01-17,-6.78,transport,card
T004827,C0071,2026-01-17,850.42,salary,inbound_transfer
T004914,C0072,2026-01-17,-130.51,transfer_out,app_transfer
T004981,C0073,2026-01-17,3289.68,salary,inbound_transfer
T005444,C0078,2026-01-17,-17.64,subscription,direct_debit
T005655,C0081,2026-01-17,-66.04,groceries,card
T005746,C0082,2026-01-17,-115.7,transfer_out,app_transfer
T006380,C0091,2026-01-17,-23.02,subscription,direct_debit
T006427,C0092,2026-01-17,-23.23,transport,card
T006516,C0093,2026-01-17,1932.99,salary,inbound_transfer
T006526,C0093,2026-01-17,-10.84,subscription,direct_debit
T006686,C0095,2026-01-17,2095.1,salary,inbound_transfer
T006692,C0095,2026-01-17,-103.24,retail,card
T006755,C0096,2026-01-17,-60.55,retail,card
T006757,C0096,2026-01-17,-59.28,dining,card
T006902,C0098,2026-01-17,-6.53,transport,card
T006908,C0098,2026-01-17,-93.1,cash_withdrawal,atm
T007125,C0102,2026-01-17,-83.14,groceries,card
T007128,C0102,2026-01-17,-71.91,groceries,card
T007231,C0104,2026-01-17,-13.95,dining,card
T007463,C0109,2026-01-17,-299.41,transfer_out,app_transfer
T007566,C0110,2026-01-17,-192.17,utilities,direct_debit
T007719,C0112,2026-01-17,-123.49,utilities,direct_debit
T007725,C0112,2026-01-17,-95.5,retail,card
T007798,C0113,2026-01-17,1226.39,salary,inbound_transfer
T007810,C0113,2026-01-17,-29.36,dining,card
T007963,C0116,2026-01-17,-12.36,subscription,direct_debit
T008020,C0117,2026-01-17,-23.72,dining,card
T008029,C0117,2026-01-17,-59.2,dining,card
T008354,C0121,2026-01-17,-71.57,retail,card
T008453,C0124,2026-01-17,-28.59,transport,card
T008623,C0126,2026-01-17,-57.52,dining,card
T008779,C0128,2026-01-17,-72.93,groceries,card
T008874,C0129,2026-01-17,-27.59,transport,card
T009494,C0137,2026-01-17,-91.54,utilities,direct_debit
T009970,C0145,2026-01-17,-73.92,groceries,card
T010126,C0147,2026-01-17,-372.59,transfer_out,app_transfer
T010141,C0148,2026-01-17,-59.4,retail,card
T010499,C0152,2026-01-17,-150.2,utilities,direct_debit
T010500,C0152,2026-01-17,-28.18,dining,card
T010580,C0153,2026-01-17,-106.76,retail,card
T010586,C0153,2026-01-17,-19.95,groceries,card
T011024,C0159,2026-01-17,-85.3,transfer_out,app_transfer
T011025,C0159,2026-01-17,-89.45,groceries,card
T011092,C0161,2026-01-17,-20.98,dining,card
T011207,C0162,2026-01-17,1249.67,salary,inbound_transfer
T011381,C0164,2026-01-17,-12.58,subscription,direct_debit
T011443,C0165,2026-01-17,-41.97,groceries,card
T011516,C0166,2026-01-17,-106.76,retail,card
T011672,C0168,2026-01-17,-314.2,transfer_out,app_transfer
T011772,C0169,2026-01-17,-154.38,utilities,direct_debit
T012098,C0174,2026-01-17,-22.14,dining,card
T012252,C0176,2026-01-17,-172.01,transfer_out,app_transfer
T012607,C0182,2026-01-17,976.25,salary,inbound_transfer
T012614,C0182,2026-01-17,-17.49,transport,card
T012701,C0183,2026-01-17,-100.89,utilities,direct_debit
T013050,C0188,2026-01-17,-40.69,dining,card
T013210,C0190,2026-01-17,-7.96,transport,card
T013497,C0194,2026-01-17,-32.71,dining,card
T013520,C0195,2026-01-17,886.76,salary,inbound_transfer
T013665,C0197,2026-01-17,-25.62,transport,card
T013771,C0198,2026-01-17,-72.58,groceries,card
T013772,C0198,2026-01-17,-52.57,dining,card
T013836,C0199,2026-01-17,-95.81,retail,card
T013877,C0200,2026-01-17,-21.2,dining,card
T013884,C0200,2026-01-17,-29.17,transport,card
T000081,C0002,2026-01-18,-163.26,transfer_out,app_transfer
T000087,C0002,2026-01-18,-10.69,transport,card
T000203,C0004,2026-01-18,-80.58,retail,card
T000321,C0006,2026-01-18,-70.92,groceries,card
T000858,C0014,2026-01-18,-89.32,groceries,card
T000970,C0016,2026-01-18,-15.62,subscription,direct_debit
T001046,C0017,2026-01-18,-38.12,groceries,card
T001195,C0019,2026-01-18,1163.0,salary,inbound_transfer
T001490,C0023,2026-01-18,3287.49,salary,inbound_transfer
T001688,C0025,2026-01-18,-76.38,groceries,card
T001812,C0027,2026-01-18,-25.96,groceries,card
T001874,C0028,2026-01-18,-14.86,subscription,direct_debit
T001877,C0028,2026-01-18,-24.79,dining,card
T002036,C0030,2026-01-18,2318.97,salary,inbound_transfer
T002403,C0035,2026-01-18,845.46,salary,inbound_transfer
T002423,C0036,2026-01-18,-97.98,utilities,direct_debit
T002747,C0040,2026-01-18,-229.24,transfer_out,app_transfer
T003192,C0047,2026-01-18,-78.19,utilities,direct_debit
T003479,C0051,2026-01-18,-90.83,retail,card
T003486,C0051,2026-01-18,-53.16,groceries,card
T003834,C0055,2026-01-18,-51.88,groceries,card
T003991,C0057,2026-01-18,-47.24,dining,card
T004343,C0064,2026-01-18,-83.76,groceries,card
T004558,C0067,2026-01-18,-53.69,groceries,card
T004679,C0069,2026-01-18,-156.47,utilities,direct_debit
T005078,C0074,2026-01-18,-374.8,transfer_out,app_transfer
T005163,C0075,2026-01-18,-66.95,groceries,card
T005344,C0077,2026-01-18,-27.94,transport,card
T005743,C0082,2026-01-18,-50.7,dining,card
T005879,C0085,2026-01-18,-46.12,utilities,direct_debit
T006067,C0087,2026-01-18,-25.18,transport,card
T006201,C0089,2026-01-18,922.98,salary,inbound_transfer
T006208,C0089,2026-01-18,-90.8,groceries,card
T006430,C0092,2026-01-18,-58.76,cash_withdrawal,atm
T006527,C0093,2026-01-18,-55.08,utilities,direct_debit
T006910,C0098,2026-01-18,-96.94,cash_withdrawal,atm
T007097,C0101,2026-01-18,-66.05,groceries,card
T007103,C0101,2026-01-18,-26.61,retail,card
T007151,C0103,2026-01-18,-56.79,retail,card
T007452,C0109,2026-01-18,-37.9,groceries,card
T007454,C0109,2026-01-18,-19.65,dining,card
T007569,C0110,2026-01-18,-117.76,utilities,direct_debit
T007614,C0111,2026-01-18,-11.61,transport,card
T007623,C0111,2026-01-18,-80.68,retail,card
T007807,C0113,2026-01-18,-25.22,subscription,direct_debit
T008021,C0117,2026-01-18,-38.83,dining,card
T008263,C0120,2026-01-18,-7.63,transport,card
T008391,C0122,2026-01-18,-35.91,groceries,card
T008626,C0126,2026-01-18,-40.99,dining,card
T008628,C0126,2026-01-18,-73.34,utilities,direct_debit
T008703,C0127,2026-01-18,-68.0,retail,card
T009076,C0132,2026-01-18,-46.63,groceries,card
T009169,C0133,2026-01-18,-67.74,groceries,card
T009273,C0134,2026-01-18,-206.0,transfer_out,app_transfer
T009373,C0135,2026-01-18,-73.64,cash_withdrawal,atm
T009501,C0137,2026-01-18,-89.62,transfer_out,app_transfer
T009544,C0138,2026-01-18,-257.38,transfer_out,app_transfer
T009632,C0140,2026-01-18,-130.32,transfer_out,app_transfer
T009706,C0141,2026-01-18,-128.07,retail,card
T009707,C0141,2026-01-18,-110.62,retail,card
T009786,C0142,2026-01-18,-350.53,transfer_out,app_transfer
T009883,C0143,2026-01-18,-237.57,transfer_out,app_transfer
T009890,C0143,2026-01-18,-75.33,utilities,direct_debit
T009961,C0145,2026-01-18,-69.28,retail,card
T010393,C0151,2026-01-18,-44.69,dining,card
T010649,C0154,2026-01-18,-61.52,dining,card
T010653,C0154,2026-01-18,-14.07,subscription,direct_debit
T010723,C0155,2026-01-18,-118.08,retail,card
T010967,C0158,2026-01-18,3559.16,salary,inbound_transfer
T010971,C0158,2026-01-18,-49.72,dining,card
T011445,C0165,2026-01-18,-201.39,utilities,direct_debit
T012051,C0173,2026-01-18,-70.77,retail,card
T012446,C0179,2026-01-18,-22.67,groceries,card
T012447,C0179,2026-01-18,-91.52,groceries,card
T012510,C0180,2026-01-18,-100.49,utilities,direct_debit
T012513,C0180,2026-01-18,-26.9,transport,card
T012794,C0184,2026-01-18,-19.49,transport,card
T012905,C0186,2026-01-18,-107.44,cash_withdrawal,atm
T012981,C0187,2026-01-18,-183.73,utilities,direct_debit
T012983,C0187,2026-01-18,-58.65,groceries,card
T013150,C0189,2026-01-18,-111.63,retail,card
T013209,C0190,2026-01-18,-90.63,retail,card
T013525,C0195,2026-01-18,-54.3,dining,card
T013567,C0196,2026-01-18,-17.51,dining,card
T013881,C0200,2026-01-18,-22.29,transport,card
T000196,C0004,2026-01-19,-98.68,cash_withdrawal,atm
T000855,C0014,2026-01-19,1465.54,salary,inbound_transfer
T000857,C0014,2026-01-19,-25.0,transport,card
T000971,C0016,2026-01-19,-26.24,dining,card
T001496,C0023,2026-01-19,-80.53,groceries,card
T001588,C0024,2026-01-19,-54.37,retail,card
T001592,C0024,2026-01-19,-313.61,transfer_out,app_transfer
T001684,C0025,2026-01-19,-35.99,cash_withdrawal,atm
T001685,C0025,2026-01-19,-9.53,transport,card
T001737,C0026,2026-01-19,-13.21,transport,card
T002039,C0030,2026-01-19,-131.0,retail,card
T002045,C0030,2026-01-19,-70.55,retail,card
T002411,C0035,2026-01-19,-25.34,dining,card
T002422,C0036,2026-01-19,-26.34,transport,card
T002861,C0042,2026-01-19,-22.34,subscription,direct_debit
T003052,C0045,2026-01-19,-23.81,groceries,card
T003195,C0047,2026-01-19,-35.68,dining,card
T003371,C0050,2026-01-19,-21.04,dining,card
T003584,C0052,2026-01-19,-93.97,utilities,direct_debit
T003772,C0054,2026-01-19,-15.18,transport,card
T004081,C0060,2026-01-19,-39.27,dining,card
T004174,C0061,2026-01-19,-7.77,transport,card
T004333,C0064,2026-01-19,-194.28,utilities,direct_debit
T004406,C0065,2026-01-19,-18.91,transport,card
T004744,C0070,2026-01-19,-24.49,dining,card
T004833,C0071,2026-01-19,-49.07,retail,card
T004913,C0072,2026-01-19,-56.59,dining,card
T005075,C0074,2026-01-19,-36.41,dining,card
T005164,C0075,2026-01-19,-19.59,subscription,direct_debit
T005265,C0076,2026-01-19,-30.11,groceries,card
T005338,C0077,2026-01-19,-115.08,retail,card
T005351,C0077,2026-01-19,-18.39,transport,card
T006069,C0087,2026-01-19,-139.9,utilities,direct_debit
T006206,C0089,2026-01-19,-41.69,dining,card
T006523,C0093,2026-01-19,-383.51,transfer_out,app_transfer
T006591,C0094,2026-01-19,2449.29,salary,inbound_transfer
T006593,C0094,2026-01-19,-38.21,utilities,direct_debit
T006599,C0094,2026-01-19,-58.46,dining,card
T006690,C0095,2026-01-19,-357.09,transfer_out,app_transfer
T006759,C0096,2026-01-19,-83.18,retail,card
T007055,C0100,2026-01-19,-28.72,transport,card
T007059,C0100,2026-01-19,-14.27,subscription,direct_debit
T007229,C0104,2026-01-19,-38.15,dining,card
T007375,C0107,2026-01-19,-11.95,transport,card
T007407,C0108,2026-01-19,-57.33,cash_withdrawal,atm
T007571,C0110,2026-01-19,-174.95,utilities,direct_debit
T007621,C0111,2026-01-19,-32.56,retail,card
T007712,C0112,2026-01-19,-184.24,transfer_out,app_transfer
T007720,C0112,2026-01-19,-159.79,utilities,direct_debit
T007881,C0115,2026-01-19,797.11,salary,inbound_transfer
T007882,C0115,2026-01-19,946.33,salary,inbound_transfer
T007884,C0115,2026-01-19,-42.79,retail,card
T007971,C0116,2026-01-19,-34.8,dining,card
T008622,C0126,2026-01-19,2195.85,salary,inbound_transfer
T009011,C0131,2026-01-19,-248.05,transfer_out,app_transfer
T009271,C0134,2026-01-19,3844.7,salary,inbound_transfer
T009280,C0134,2026-01-19,-37.89,dining,card
T009284,C0134,2026-01-19,-27.39,retail,card
T009540,C0138,2026-01-19,-64.15,groceries,card
T009783,C0142,2026-01-19,-54.34,dining,card
T009889,C0143,2026-01-19,-36.28,groceries,card
T009963,C0145,2026-01-19,-150.42,transfer_out,app_transfer
T010123,C0147,2026-01-19,-34.71,groceries,card
T010387,C0151,2026-01-19,-5.22,subscription,direct_debit
T010390,C0151,2026-01-19,-57.49,dining,card
T010498,C0152,2026-01-19,-43.92,dining,card
T010722,C0155,2026-01-19,-63.79,retail,card
T010804,C0156,2026-01-19,2908.49,salary,inbound_transfer
T010805,C0156,2026-01-19,-24.39,dining,card
T011214,C0162,2026-01-19,-37.92,groceries,card
T011292,C0163,2026-01-19,-82.66,groceries,card
T011943,C0171,2026-01-19,-170.35,utilities,direct_debit
T012006,C0172,2026-01-19,-42.64,groceries,card
T012049,C0173,2026-01-19,-10.08,subscription,direct_debit
T012097,C0174,2026-01-19,-102.22,cash_withdrawal,atm
T012253,C0176,2026-01-19,-33.04,dining,card
T012383,C0178,2026-01-19,983.87,salary,inbound_transfer
T012702,C0183,2026-01-19,-163.49,utilities,direct_debit
T012811,C0185,2026-01-19,-27.78,dining,card
T012822,C0185,2026-01-19,-100.24,retail,card
T013146,C0189,2026-01-19,-43.55,groceries,card
T013211,C0190,2026-01-19,-65.43,groceries,card
T013295,C0191,2026-01-19,3615.84,salary,inbound_transfer
T013303,C0191,2026-01-19,-45.95,dining,card
T013332,C0192,2026-01-19,-340.94,transfer_out,app_transfer
T013529,C0195,2026-01-19,-57.76,retail,card
T000007,C0001,2026-01-20,-12.67,transport,card
T000012,C0001,2026-01-20,-91.77,transfer_out,app_transfer
T000191,C0004,2026-01-20,-34.29,retail,card
T000201,C0004,2026-01-20,-66.49,groceries,card
T000508,C0009,2026-01-20,3181.55,salary,inbound_transfer
T000640,C0011,2026-01-20,-24.09,dining,card
T000964,C0016,2026-01-20,-124.41,transfer_out,app_transfer
T001427,C0022,2026-01-20,-12.81,transport,card
T001679,C0025,2026-01-20,1866.63,salary,inbound_transfer
T001966,C0029,2026-01-20,-319.72,transfer_out,app_transfer
T002054,C0030,2026-01-20,-23.59,subscription,direct_debit
T002300,C0033,2026-01-20,-7.66,transport,card
T002492,C0037,2026-01-20,-385.66,transfer_out,app_transfer
T002493,C0037,2026-01-20,-54.79,dining,card
T002496,C0037,2026-01-20,-344.86,transfer_out,app_transfer
T002780,C0041,2026-01-20,-21.48,groceries,card
T002860,C0042,2026-01-20,-40.97,dining,card
T003057,C0045,2026-01-20,-80.8,retail,card
T003585,C0052,2026-01-20,-26.08,dining,card
T003773,C0054,2026-01-20,-12.27,transport,card
T003779,C0054,2026-01-20,-59.2,retail,card
T004017,C0058,2026-01-20,-117.68,retail,card
T004284,C0063,2026-01-20,-40.67,dining,card
T004285,C0063,2026-01-20,-339.52,transfer_out,app_transfer
T004334,C0064,2026-01-20,-29.34,transport,card
T004548,C0067,2026-01-20,-52.77,dining,card
T004682,C0069,2026-01-20,-5.35,subscription,direct_debit
T004985,C0073,2026-01-20,-48.0,groceries,card
T005162,C0075,2026-01-20,-87.84,retail,card
T005260,C0076,2026-01-20,-358.89,transfer_out,app_transfer
T005263,C0076,2026-01-20,-25.76,dining,card
T006202,C0089,2026-01-20,763.9,salary,inbound_transfer
T006297,C0090,2026-01-20,-123.74,utilities,direct_debit
T006431,C0092,2026-01-20,-18.11,dining,card
T006524,C0093,2026-01-20,-72.95,retail,card
T006594,C0094,2026-01-20,-46.35,groceries,card
T006761,C0096,2026-01-20,-23.52,groceries,card
T006762,C0096,2026-01-20,-32.41,groceries,card
T006905,C0098,2026-01-20,-36.52,cash_withdrawal,atm
T007008,C0099,2026-01-20,-26.68,dining,card
T007286,C0105,2026-01-20,-29.49,groceries,card
T007371,C0107,2026-01-20,-17.23,transport,card
T007376,C0107,2026-01-20,-103.49,cash_withdrawal,atm
T007405,C0108,2026-01-20,-23.82,dining,card
T007570,C0110,2026-01-20,-52.24,groceries,card
T007890,C0115,2026-01-20,-149.23,utilities,direct_debit
T007893,C0115,2026-01-20,-54.54,groceries,card
T007956,C0116,2026-01-20,-16.9,dining,card
T007961,C0116,2026-01-20,-26.09,transport,card
T008030,C0117,2026-01-20,-24.15,transport,card
T008108,C0118,2026-01-20,-29.87,transport,card
T008393,C0122,2026-01-20,-17.17,groceries,card
T008452,C0124,2026-01-20,2885.29,salary,inbound_transfer
T008697,C0127,2026-01-20,-67.81,groceries,card
T008773,C0128,2026-01-20,-77.26,groceries,card
T008778,C0128,2026-01-20,-36.23,groceries,card
T008882,C0129,2026-01-20,-29.81,transport,card
T009014,C0131,2026-01-20,-15.1,subscription,direct_debit
T009072,C0132,2026-01-20,1855.31,salary,inbound_transfer
T009272,C0134,2026-01-20,-43.74,groceries,card
T009283,C0134,2026-01-20,-19.4,subscription,direct_debit
T009711,C0141,2026-01-20,-33.5,dining,card
T009779,C0142,2026-01-20,-51.82,groceries,card
T009790,C0142,2026-01-20,-45.53,groceries,card
T009935,C0144,2026-01-20,-10.99,transport,card
T009966,C0145,2026-01-20,-290.77,transfer_out,app_transfer
T010121,C0147,2026-01-20,-101.83,retail,card
T010383,C0151,2026-01-20,-27.42,dining,card
T010493,C0152,2026-01-20,-94.2,transfer_out,app_transfer
T010503,C0152,2026-01-20,-32.33,groceries,card
T011017,C0159,2026-01-20,-82.32,cash_withdrawal,atm
T011382,C0164,2026-01-20,-65.3,groceries,card
T011670,C0168,2026-01-20,-202.83,utilities,direct_debit
T011679,C0168,2026-01-20,-27.45,dining,card
T011940,C0171,2026-01-20,-7.06,transport,card
T012012,C0172,2026-01-20,-187.19,transfer_out,app_transfer
T012439,C0179,2026-01-20,2843.35,salary,inbound_transfer
T012611,C0182,2026-01-20,-55.49,groceries,card
T012704,C0183,2026-01-20,-86.24,cash_withdrawal,atm
T012786,C0184,2026-01-20,-29.86,groceries,card
T012980,C0187,2026-01-20,-40.78,cash_withdrawal,atm
T013207,C0190,2026-01-20,-148.94,utilities,direct_debit
T013300,C0191,2026-01-20,-21.87,transport,card
T013331,C0192,2026-01-20,-120.12,transfer_out,app_transfer
T013423,C0193,2026-01-20,-111.4,retail,card
T013562,C0196,2026-01-20,-61.29,cash_withdrawal,atm
T000132,C0003,2026-01-21,-166.62,utilities,direct_debit
T000137,C0003,2026-01-21,-63.02,retail,card
T000200,C0004,2026-01-21,-47.69,dining,card
T000273,C0005,2026-01-21,-152.94,utilities,direct_debit
T000581,C0010,2026-01-21,-52.74,retail,card
T000731,C0012,2026-01-21,-338.62,transfer_out,app_transfer
T001045,C0017,2026-01-21,-102.42,utilities,direct_debit
T001501,C0023,2026-01-21,-267.15,transfer_out,app_transfer
T001736,C0026,2026-01-21,-31.38,dining,card
T001878,C0028,2026-01-21,-44.0,dining,card
T002047,C0030,2026-01-21,-116.9,retail,card
T002302,C0033,2026-01-21,-38.89,cash_withdrawal,atm
T002591,C0038,2026-01-21,-58.87,cash_withdrawal,atm
T003021,C0044,2026-01-21,-69.95,utilities,direct_debit
T003056,C0045,2026-01-21,-16.85,transport,card
T003784,C0054,2026-01-21,-61.19,dining,card
T003986,C0057,2026-01-21,-80.89,groceries,card
T004041,C0059,2026-01-21,-9.24,transport,card
T004042,C0059,2026-01-21,-44.33,utilities,direct_debit
T004183,C0062,2026-01-21,2937.4,salary,inbound_transfer
T004197,C0062,2026-01-21,-98.18,retail,card
T004547,C0067,2026-01-21,914.92,salary,inbound_transfer
T004743,C0070,2026-01-21,-14.04,transport,card
T004988,C0073,2026-01-21,-39.36,groceries,card
T005443,C0078,2026-01-21,-84.09,retail,card
T005446,C0078,2026-01-21,-62.05,groceries,card
T005739,C0082,2026-01-21,-105.35,retail,card
T005742,C0082,2026-01-21,-64.54,retail,card
T006103,C0088,2026-01-21,-89.45,retail,card
T006597,C0094,2026-01-21,-215.41,transfer_out,app_transfer
T007100,C0101,2026-01-21,-33.39,dining,card
T007146,C0103,2026-01-21,-87.09,retail,card
T007404,C0108,2026-01-21,-9.96,subscription,direct_debit
T007462,C0109,2026-01-21,-56.28,retail,card
T007617,C0111,2026-01-21,-297.66,transfer_out,app_transfer
T008101,C0118,2026-01-21,-16.61,dining,card
T008455,C0124,2026-01-21,-26.64,groceries,card
T009077,C0132,2026-01-21,-67.14,utilities,direct_debit
T009380,C0135,2026-01-21,-76.08,cash_withdrawal,atm
T009427,C0136,2026-01-21,-21.77,transport,card
T009431,C0136,2026-01-21,-208.89,utilities,direct_debit
T009539,C0138,2026-01-21,-73.25,groceries,card
T009778,C0142,2026-01-21,-54.84,dining,card
T009891,C0143,2026-01-21,-30.26,transport,card
T010120,C0147,2026-01-21,3564.56,salary,inbound_transfer
T010143,C0148,2026-01-21,-30.72,transport,card
T010146,C0148,2026-01-21,-197.08,utilities,direct_debit
T010148,C0148,2026-01-21,-27.98,retail,card
T010291,C0150,2026-01-21,-123.7,retail,card
T010652,C0154,2026-01-21,-37.45,groceries,card
T010894,C0157,2026-01-21,-45.78,dining,card
T010968,C0158,2026-01-21,-52.11,groceries,card
T011071,C0160,2026-01-21,-21.6,subscription,direct_debit
T011105,C0161,2026-01-21,-9.59,transport,card
T011290,C0163,2026-01-21,-92.93,retail,card
T011446,C0165,2026-01-21,-91.5,cash_withdrawal,atm
T011513,C0166,2026-01-21,-196.39,utilities,direct_debit
T011574,C0167,2026-01-21,3955.48,salary,inbound_transfer
T011579,C0167,2026-01-21,-12.05,dining,card
T011668,C0168,2026-01-21,-30.18,transport,card
T011780,C0169,2026-01-21,-20.57,cash_withdrawal,atm
T011783,C0169,2026-01-21,-37.86,retail,card
T012440,C0179,2026-01-21,-39.75,retail,card
T012512,C0180,2026-01-21,-98.6,retail,card
T012514,C0180,2026-01-21,-26.58,dining,card
T012606,C0182,2026-01-21,860.74,salary,inbound_transfer
T012792,C0184,2026-01-21,-35.79,retail,card
T012809,C0185,2026-01-21,3364.61,salary,inbound_transfer
T012813,C0185,2026-01-21,-88.5,retail,card
T012988,C0187,2026-01-21,-9.3,transport,card
T013202,C0190,2026-01-21,-16.43,subscription,direct_debit
T013208,C0190,2026-01-21,-18.56,subscription,direct_debit
T013217,C0190,2026-01-21,-222.22,transfer_out,app_transfer
T013416,C0193,2026-01-21,-44.89,groceries,card
T013421,C0193,2026-01-21,-117.24,retail,card
T013492,C0194,2026-01-21,-75.93,groceries,card
T013521,C0195,2026-01-21,-97.62,transfer_out,app_transfer
T013530,C0195,2026-01-21,-18.25,groceries,card
T013662,C0197,2026-01-21,2647.99,salary,inbound_transfer
T013763,C0198,2026-01-21,-110.0,utilities,direct_debit
T000422,C0007,2026-01-22,-252.55,transfer_out,app_transfer
T000429,C0007,2026-01-22,-24.55,dining,card
T000451,C0008,2026-01-22,-42.97,groceries,card
T000866,C0014,2026-01-22,-22.53,transport,card
T001492,C0023,2026-01-22,-52.22,dining,card
T001590,C0024,2026-01-22,-174.77,utilities,direct_debit
T001742,C0026,2026-01-22,-25.73,subscription,direct_debit
T002484,C0037,2026-01-22,-15.27,subscription,direct_debit
T002485,C0037,2026-01-22,-55.67,dining,card
T002646,C0039,2026-01-22,-45.7,dining,card
T002744,C0040,2026-01-22,-26.25,transport,card
T002938,C0043,2026-01-22,-26.81,dining,card
T003587,C0052,2026-01-22,-19.76,dining,card
T003670,C0053,2026-01-22,-93.27,transfer_out,app_transfer
T004077,C0060,2026-01-22,-35.42,retail,card
T004184,C0062,2026-01-22,-77.23,groceries,card
T004282,C0063,2026-01-22,4027.3,salary,inbound_transfer
T004408,C0065,2026-01-22,-61.52,retail,card
T004479,C0066,2026-01-22,-114.39,retail,card
T004607,C0068,2026-01-22,-34.99,retail,card
T004683,C0069,2026-01-22,-214.84,transfer_out,app_transfer
T005257,C0076,2026-01-22,4459.5,salary,inbound_transfer
T005438,C0078,2026-01-22,-29.8,groceries,card
T005491,C0079,2026-01-22,-90.9,retail,card
T005494,C0079,2026-01-22,-23.09,dining,card
T005497,C0079,2026-01-22,-29.6,dining,card
T005741,C0082,2026-01-22,-104.31,transfer_out,app_transfer
T005881,C0085,2026-01-22,-92.71,transfer_out,app_transfer
T005973,C0086,2026-01-22,-61.17,groceries,card
T006111,C0088,2026-01-22,-67.57,groceries,card
T006699,C0095,2026-01-22,-34.51,retail,card
T007011,C0099,2026-01-22,-93.6,cash_withdrawal,atm
T007052,C0100,2026-01-22,2663.57,salary,inbound_transfer
T007092,C0101,2026-01-22,-31.22,groceries,card
T007118,C0102,2026-01-22,2867.16,salary,inbound_transfer
T007126,C0102,2026-01-22,-51.39,dining,card
T007370,C0107,2026-01-22,-28.19,transport,card
T007457,C0109,2026-01-22,-57.77,dining,card
T007567,C0110,2026-01-22,-23.76,cash_withdrawal,atm
T008112,C0118,2026-01-22,-51.98,dining,card
T008418,C0123,2026-01-22,-14.79,subscription,direct_debit
T008629,C0126,2026-01-22,-53.8,dining,card
T009009,C0131,2026-01-22,-14.83,transport,card
T009500,C0137,2026-01-22,-23.47,groceries,card
T009542,C0138,2026-01-22,-297.62,transfer_out,app_transfer
T009612,C0139,2026-01-22,-48.74,groceries,card
T010054,C0146,2026-01-22,-34.76,groceries,card
T010139,C0148,2026-01-22,-39.95,cash_withdrawal,atm
T010228,C0149,2026-01-22,-61.37,dining,card
T010492,C0152,2026-01-22,-27.38,dining,card
T010808,C0156,2026-01-22,-13.34,transport,card
T010897,C0157,2026-01-22,-85.34,groceries,card
T011510,C0166,2026-01-22,-18.48,subscription,direct_debit
T011515,C0166,2026-01-22,-8.4,transport,card
T011946,C0171,2026-01-22,-15.79,transport,card
T012089,C0174,2026-01-22,-24.23,groceries,card
T012554,C0181,2026-01-22,-21.54,transport,card
T013043,C0188,2026-01-22,4109.16,salary,inbound_transfer
T013413,C0193,2026-01-22,3415.92,salary,inbound_transfer
T013415,C0193,2026-01-22,-17.68,groceries,card
T013528,C0195,2026-01-22,-21.69,cash_withdrawal,atm
T013571,C0196,2026-01-22,-34.92,groceries,card
T013773,C0198,2026-01-22,-99.72,retail,card
T000130,C0003,2026-01-23,2823.55,salary,inbound_transfer
T000271,C0005,2026-01-23,-60.27,groceries,card
T000275,C0005,2026-01-23,-50.07,dining,card
T000327,C0006,2026-01-23,-92.91,cash_withdrawal,atm
T000420,C0007,2026-01-23,4542.87,salary,inbound_transfer
T000638,C0011,2026-01-23,-12.07,transport,card
T000737,C0012,2026-01-23,-75.94,groceries,card
T001196,C0019,2026-01-23,1230.21,salary,inbound_transfer
T002495,C0037,2026-01-23,-61.36,cash_withdrawal,atm
T002642,C0039,2026-01-23,-62.57,groceries,card
T002649,C0039,2026-01-23,-40.69,groceries,card
T002650,C0039,2026-01-23,-23.85,transport,card
T002778,C0041,2026-01-23,4018.43,salary,inbound_transfer
T003362,C0050,2026-01-23,-12.81,transport,card
T003580,C0052,2026-01-23,768.84,salary,inbound_transfer
T003838,C0055,2026-01-23,-63.46,cash_withdrawal,atm
T003983,C0057,2026-01-23,848.47,salary,inbound_transfer
T004605,C0068,2026-01-23,-9.43,subscription,direct_debit
T005261,C0076,2026-01-23,-374.83,transfer_out,app_transfer
T005264,C0076,2026-01-23,-30.03,dining,card
T005335,C0077,2026-01-23,3895.22,salary,inbound_transfer
T005878,C0085,2026-01-23,-41.08,groceries,card
T006099,C0088,2026-01-23,-58.72,dining,card
T006378,C0091,2026-01-23,-29.24,transport,card
T006434,C0092,2026-01-23,-118.31,transfer_out,app_transfer
T006903,C0098,2026-01-23,-83.46,groceries,card
T007054,C0100,2026-01-23,-201.46,transfer_out,app_transfer
T007129,C0102,2026-01-23,-89.76,retail,card
T007149,C0103,2026-01-23,-28.73,groceries,card
T007226,C0104,2026-01-23,-6.32,transport,card
T007278,C0105,2026-01-23,2777.07,salary,inbound_transfer
T007281,C0105,2026-01-23,-29.81,dining,card
T007334,C0106,2026-01-23,-153.67,utilities,direct_debit
T007565,C0110,2026-01-23,-21.9,groceries,card
T007711,C0112,2026-01-23,3511.2,salary,inbound_transfer
T007804,C0113,2026-01-23,-8.3,transport,card
T007839,C0114,2026-01-23,3605.07,salary,inbound_transfer
T007841,C0114,2026-01-23,-155.83,utilities,direct_debit
T007959,C0116,2026-01-23,-202.74,transfer_out,app_transfer
T008023,C0117,2026-01-23,-56.12,dining,card
T008111,C0118,2026-01-23,-90.48,cash_withdrawal,atm
T008265,C0120,2026-01-23,-364.12,transfer_out,app_transfer
T008625,C0126,2026-01-23,-8.39,subscription,direct_debit
T008871,C0129,2026-01-23,3434.68,salary,inbound_transfer
T008880,C0129,2026-01-23,-184.88,utilities,direct_debit
T009073,C0132,2026-01-23,2185.55,salary,inbound_transfer
T009180,C0133,2026-01-23,-51.5,groceries,card
T009375,C0135,2026-01-23,-56.07,cash_withdrawal,atm
T009429,C0136,2026-01-23,-45.61,cash_withdrawal,atm
T009492,C0137,2026-01-23,3973.73,salary,inbound_transfer
T009531,C0138,2026-01-23,3554.29,salary,inbound_transfer
T009633,C0140,2026-01-23,-16.59,subscription,direct_debit
T009781,C0142,2026-01-23,-64.05,retail,card
T009932,C0144,2026-01-23,-117.14,utilities,direct_debit
T010282,C0150,2026-01-23,2030.11,salary,inbound_transfer
T010288,C0150,2026-01-23,-14.23,dining,card
T010973,C0158,2026-01-23,-102.92,retail,card
T011095,C0161,2026-01-23,-132.57,utilities,direct_debit
T011098,C0161,2026-01-23,-41.69,retail,card
T011437,C0165,2026-01-23,-26.18,transport,card
T011447,C0165,2026-01-23,-10.7,subscription,direct_debit
T011774,C0169,2026-01-23,-43.96,dining,card
T011869,C0170,2026-01-23,-35.9,dining,card
T011944,C0171,2026-01-23,-77.67,groceries,card
T012005,C0172,2026-01-23,-20.93,transport,card
T012192,C0175,2026-01-23,-22.27,subscription,direct_debit
T012385,C0178,2026-01-23,-81.91,utilities,direct_debit
T012397,C0178,2026-01-23,-25.89,subscription,direct_debit
T012511,C0180,2026-01-23,-19.56,dining,card
T012515,C0180,2026-01-23,-61.56,retail,card
T012517,C0180,2026-01-23,-55.33,groceries,card
T012619,C0182,2026-01-23,-53.51,retail,card
T012812,C0185,2026-01-23,-367.83,transfer_out,app_transfer
T013133,C0189,2026-01-23,821.58,salary,inbound_transfer
T013490,C0194,2026-01-23,758.21,salary,inbound_transfer
T013527,C0195,2026-01-23,-50.68,groceries,card
T013834,C0199,2026-01-23,-50.57,utilities,direct_debit
T000190,C0004,2026-01-24,3742.34,salary,inbound_transfer
T000325,C0006,2026-01-24,-25.97,dining,card
T000331,C0006,2026-01-24,-10.75,transport,card
T000421,C0007,2026-01-24,-18.43,groceries,card
T000515,C0009,2026-01-24,-251.39,transfer_out,app_transfer
T000577,C0010,2026-01-24,3529.19,salary,inbound_transfer
T000579,C0010,2026-01-24,-301.12,transfer_out,app_transfer
T000635,C0011,2026-01-24,-11.07,subscription,direct_debit
T001312,C0020,2026-01-24,-104.97,cash_withdrawal,atm
T001346,C0021,2026-01-24,4249.6,salary,inbound_transfer
T001498,C0023,2026-01-24,-365.39,transfer_out,app_transfer
T001584,C0024,2026-01-24,-44.01,dining,card
T001873,C0028,2026-01-24,-14.36,dining,card
T002040,C0030,2026-01-24,-20.77,dining,card
T002052,C0030,2026-01-24,-129.95,retail,card
T002208,C0032,2026-01-24,-53.47,utilities,direct_debit
T002329,C0034,2026-01-24,3393.98,salary,inbound_transfer
T002597,C0038,2026-01-24,-45.2,retail,card
T002786,C0041,2026-01-24,-46.74,groceries,card
T002859,C0042,2026-01-24,-60.92,groceries,card
T003020,C0044,2026-01-24,-335.16,transfer_out,app_transfer
T003264,C0048,2026-01-24,1277.71,salary,inbound_transfer
T003301,C0049,2026-01-24,-23.74,transport,card
T003667,C0053,2026-01-24,-119.02,retail,card
T004034,C0059,2026-01-24,-130.29,retail,card
T004040,C0059,2026-01-24,-85.91,groceries,card
T004289,C0063,2026-01-24,-73.61,retail,card
T004553,C0067,2026-01-24,-54.35,groceries,card
T004557,C0067,2026-01-24,-48.47,dining,card
T004602,C0068,2026-01-24,1015.05,salary,inbound_transfer
T004987,C0073,2026-01-24,-13.76,transport,card
T005079,C0074,2026-01-24,-14.09,dining,card
T005794,C0083,2026-01-24,-72.73,groceries,card
T005974,C0086,2026-01-24,-24.05,groceries,card
T006109,C0088,2026-01-24,-71.3,groceries,card
T006294,C0090,2026-01-24,-77.41,groceries,card
T006529,C0093,2026-01-24,-278.63,transfer_out,app_transfer
T006601,C0094,2026-01-24,-390.52,transfer_out,app_transfer
T006851,C0097,2026-01-24,-126.63,retail,card
T006858,C0097,2026-01-24,-50.7,groceries,card
T007099,C0101,2026-01-24,-333.73,transfer_out,app_transfer
T007283,C0105,2026-01-24,-8.97,subscription,direct_debit
T007331,C0106,2026-01-24,-16.23,transport,card
T007332,C0106,2026-01-24,-148.86,utilities,direct_debit
T007369,C0107,2026-01-24,-50.92,groceries,card
T007451,C0109,2026-01-24,2774.39,salary,inbound_transfer
T007615,C0111,2026-01-24,-14.05,transport,card
T007800,C0113,2026-01-24,1197.25,salary,inbound_transfer
T008019,C0117,2026-01-24,-42.72,groceries,card
T008028,C0117,2026-01-24,-279.96,transfer_out,app_transfer
T008190,C0119,2026-01-24,-21.04,dining,card
T008428,C0123,2026-01-24,-307.81,transfer_out,app_transfer
T008701,C0127,2026-01-24,-6.22,transport,card
T008873,C0129,2026-01-24,-74.17,transfer_out,app_transfer
T008876,C0129,2026-01-24,-287.2,transfer_out,app_transfer
T009382,C0135,2026-01-24,-184.19,transfer_out,app_transfer
T009493,C0137,2026-01-24,-15.42,subscription,direct_debit
T009532,C0138,2026-01-24,-30.2,groceries,card
T009537,C0138,2026-01-24,-113.0,retail,card
T009705,C0141,2026-01-24,-25.18,transport,card
T009780,C0142,2026-01-24,-137.81,transfer_out,app_transfer
T009887,C0143,2026-01-24,-43.03,retail,card
T009972,C0145,2026-01-24,-35.14,dining,card
T010057,C0146,2026-01-24,-37.5,groceries,card
T010394,C0151,2026-01-24,-16.28,dining,card
T010650,C0154,2026-01-24,-34.77,cash_withdrawal,atm
T010809,C0156,2026-01-24,-33.02,retail,card
T010813,C0156,2026-01-24,-239.15,transfer_out,app_transfer
T011097,C0161,2026-01-24,-10.63,transport,card
T011295,C0163,2026-01-24,-173.74,utilities,direct_debit
T011444,C0165,2026-01-24,-46.43,dining,card
T011506,C0166,2026-01-24,4081.18,salary,inbound_transfer
T011675,C0168,2026-01-24,-71.66,cash_withdrawal,atm
T011767,C0169,2026-01-24,1483.13,salary,inbound_transfer
T012050,C0173,2026-01-24,-33.11,groceries,card
T012250,C0176,2026-01-24,-21.99,subscription,direct_debit
T012441,C0179,2026-01-24,-12.44,dining,card
T012450,C0179,2026-01-24,-40.94,groceries,card
T012706,C0183,2026-01-24,-34.3,dining,card
T012898,C0186,2026-01-24,3315.75,salary,inbound_transfer
T012912,C0186,2026-01-24,-104.96,retail,card
T013496,C0194,2026-01-24,-99.18,cash_withdrawal,atm
T013503,C0194,2026-01-24,-16.18,subscription,direct_debit
T013566,C0196,2026-01-24,-40.49,retail,card
T013768,C0198,2026-01-24,-79.21,utilities,direct_debit
T013832,C0199,2026-01-24,-24.54,dining,card
T000008,C0001,2026-01-25,-238.91,transfer_out,app_transfer
T000281,C0005,2026-01-25,-64.77,groceries,card
T000582,C0010,2026-01-25,-11.28,subscription,direct_debit
T000641,C0011,2026-01-25,-89.75,groceries,card
T000795,C0013,2026-01-25,-119.63,retail,card
T000797,C0013,2026-01-25,-22.88,subscription,direct_debit
T000969,C0016,2026-01-25,-29.29,transport,card
T001203,C0019,2026-01-25,-89.32,groceries,card
T001870,C0028,2026-01-25,3474.61,salary,inbound_transfer
T002203,C0032,2026-01-25,-26.97,dining,card
T002332,C0034,2026-01-25,-5.68,transport,card
T002481,C0037,2026-01-25,1508.81,salary,inbound_transfer
T002488,C0037,2026-01-25,-79.86,transfer_out,app_transfer
T002641,C0039,2026-01-25,2665.52,salary,inbound_transfer
T002645,C0039,2026-01-25,-36.95,dining,card
T002937,C0043,2026-01-25,-284.54,transfer_out,app_transfer
T003019,C0044,2026-01-25,-22.38,transport,card
T003058,C0045,2026-01-25,-154.18,transfer_out,app_transfer
T003271,C0048,2026-01-25,-104.41,retail,card
T003583,C0052,2026-01-25,-9.76,subscription,direct_debit
T003592,C0052,2026-01-25,-6.09,transport,card
T003672,C0053,2026-01-25,-69.21,retail,card
T004024,C0058,2026-01-25,-62.7,groceries,card
T004039,C0059,2026-01-25,-24.54,transport,card
T004176,C0061,2026-01-25,-73.49,groceries,card
T004290,C0063,2026-01-25,-39.62,groceries,card
T004915,C0072,2026-01-25,-20.71,transport,card
T004983,C0073,2026-01-25,-22.13,transport,card
T005160,C0075,2026-01-25,962.26,salary,inbound_transfer
T005441,C0078,2026-01-25,-163.95,transfer_out,app_transfer
T005442,C0078,2026-01-25,-58.6,groceries,card
T005493,C0079,2026-01-25,-12.36,transport,card
T005667,C0081,2026-01-25,-18.21,transport,card
T005744,C0082,2026-01-25,-20.63,transport,card
T005792,C0083,2026-01-25,-47.03,cash_withdrawal,atm
T005853,C0084,2026-01-25,-115.54,retail,card
T005884,C0085,2026-01-25,-31.12,groceries,card
T006207,C0089,2026-01-25,-15.83,dining,card
T006517,C0093,2026-01-25,-97.88,cash_withdrawal,atm
T006596,C0094,2026-01-25,-56.21,dining,card
T006693,C0095,2026-01-25,-100.22,retail,card
T007144,C0103,2026-01-25,-50.49,dining,card
T007227,C0104,2026-01-25,-342.55,transfer_out,app_transfer
T007333,C0106,2026-01-25,-53.02,dining,card
T007406,C0108,2026-01-25,-9.68,subscription,direct_debit
T007573,C0110,2026-01-25,-44.41,groceries,card
T007721,C0112,2026-01-25,-10.6,transport,card
T007722,C0112,2026-01-25,-22.73,dining,card
T007843,C0114,2026-01-25,-36.3,retail,card
T007885,C0115,2026-01-25,-24.02,groceries,card
T008191,C0119,2026-01-25,-202.97,utilities,direct_debit
T008390,C0122,2026-01-25,2489.85,salary,inbound_transfer
T008704,C0127,2026-01-25,-20.3,groceries,card
T008932,C0130,2026-01-25,-128.22,retail,card
T009010,C0131,2026-01-25,-49.82,utilities,direct_debit
T009085,C0132,2026-01-25,-19.41,groceries,card
T009173,C0133,2026-01-25,-147.73,utilities,direct_debit
T009187,C0133,2026-01-25,-25.32,dining,card
T009434,C0136,2026-01-25,-24.59,groceries,card
T009613,C0139,2026-01-25,-141.5,utilities,direct_debit
T010055,C0146,2026-01-25,-81.12,groceries,card
T010286,C0150,2026-01-25,-21.71,transport,card
T010289,C0150,2026-01-25,-50.01,retail,card
T010290,C0150,2026-01-25,-83.08,groceries,card
T010970,C0158,2026-01-25,-39.91,groceries,card
T011021,C0159,2026-01-25,-20.93,transport,card
T011023,C0159,2026-01-25,-37.53,groceries,card
T011069,C0160,2026-01-25,-20.62,dining,card
T011094,C0161,2026-01-25,-93.23,retail,card
T011210,C0162,2026-01-25,-231.3,transfer_out,app_transfer
T011218,C0162,2026-01-25,-25.12,retail,card
T011440,C0165,2026-01-25,-45.03,groceries,card
T011864,C0170,2026-01-25,-53.75,retail,card
T011867,C0170,2026-01-25,-7.37,transport,card
T011939,C0171,2026-01-25,-59.12,retail,card
T011999,C0172,2026-01-25,-6.6,transport,card
T012000,C0172,2026-01-25,-287.78,transfer_out,app_transfer
T012007,C0172,2026-01-25,-24.16,dining,card
T012091,C0174,2026-01-25,-122.56,retail,card
T012189,C0175,2026-01-25,-84.63,groceries,card
T012392,C0178,2026-01-25,-96.07,retail,card
T012561,C0181,2026-01-25,-7.8,transport,card
T012612,C0182,2026-01-25,-65.42,groceries,card
T012613,C0182,2026-01-25,-57.63,groceries,card
T012618,C0182,2026-01-25,-98.37,retail,card
T012700,C0183,2026-01-25,-60.97,groceries,card
T012901,C0186,2026-01-25,-87.73,retail,card
T013149,C0189,2026-01-25,-28.27,transport,card
T013203,C0190,2026-01-25,-30.17,groceries,card
T013204,C0190,2026-01-25,-60.52,groceries,card
T013489,C0194,2026-01-25,978.11,salary,inbound_transfer
T013499,C0194,2026-01-25,-15.67,dining,card
T013561,C0196,2026-01-25,3029.63,salary,inbound_transfer
T013672,C0197,2026-01-25,-29.71,transport,card
T000135,C0003,2026-01-26,-57.35,dining,card
T000445,C0008,2026-01-26,-16.05,subscription,direct_debit
T000864,C0014,2026-01-26,-8.87,transport,card
T001135,C0018,2026-01-26,-18.17,dining,card
T001349,C0021,2026-01-26,-21.77,groceries,card
T001428,C0022,2026-01-26,-45.34,groceries,card
T001429,C0022,2026-01-26,-42.59,dining,card
T001431,C0022,2026-01-26,-156.68,transfer_out,app_transfer
T001432,C0022,2026-01-26,-27.02,transport,card
T002199,C0032,2026-01-26,-89.75,transfer_out,app_transfer
T002339,C0034,2026-01-26,-44.53,retail,card
T002344,C0034,2026-01-26,-208.54,utilities,direct_debit
T002743,C0040,2026-01-26,-61.07,dining,card
T002852,C0042,2026-01-26,3524.44,salary,inbound_transfer
T003296,C0049,2026-01-26,-44.44,dining,card
T003582,C0052,2026-01-26,-78.7,retail,card
T003786,C0054,2026-01-26,-329.94,transfer_out,app_transfer
T004172,C0061,2026-01-26,-131.11,transfer_out,app_transfer
T004190,C0062,2026-01-26,-45.27,cash_withdrawal,atm
T004330,C0064,2026-01-26,-317.55,transfer_out,app_transfer
T004832,C0071,2026-01-26,-96.11,retail,card
T005174,C0075,2026-01-26,-22.0,transport,card
T005437,C0078,2026-01-26,-49.6,groceries,card
T005581,C0080,2026-01-26,-36.92,dining,card
T005796,C0083,2026-01-26,-32.03,dining,card
T005977,C0086,2026-01-26,-26.92,groceries,card
T006377,C0091,2026-01-26,-13.01,dining,card
T006694,C0095,2026-01-26,-27.35,dining,card
T006752,C0096,2026-01-26,-86.65,transfer_out,app_transfer
T006753,C0096,2026-01-26,-18.99,subscription,direct_debit
T007006,C0099,2026-01-26,-18.79,dining,card
T007009,C0099,2026-01-26,-90.32,cash_withdrawal,atm
T007130,C0102,2026-01-26,-43.36,groceries,card
T007563,C0110,2026-01-26,-279.5,transfer_out,app_transfer
T007801,C0113,2026-01-26,-53.52,groceries,card
T007803,C0113,2026-01-26,-20.3,groceries,card
T007883,C0115,2026-01-26,-23.16,transport,card
T008189,C0119,2026-01-26,803.38,salary,inbound_transfer
T008424,C0123,2026-01-26,-63.04,groceries,card
T008459,C0124,2026-01-26,-36.49,dining,card
T008532,C0125,2026-01-26,-87.83,groceries,card
T008877,C0129,2026-01-26,-35.07,dining,card
T008936,C0130,2026-01-26,-108.47,cash_withdrawal,atm
T009012,C0131,2026-01-26,-100.23,retail,card
T009083,C0132,2026-01-26,-83.12,retail,card
T009177,C0133,2026-01-26,-108.51,transfer_out,app_transfer
T009282,C0134,2026-01-26,-199.08,transfer_out,app_transfer
T009371,C0135,2026-01-26,886.26,salary,inbound_transfer
T009546,C0138,2026-01-26,-9.26,subscription,direct_debit
T009634,C0140,2026-01-26,-30.9,dining,card
T009789,C0142,2026-01-26,-145.12,transfer_out,app_transfer
T009962,C0145,2026-01-26,-270.1,transfer_out,app_transfer
T010124,C0147,2026-01-26,-124.53,transfer_out,app_transfer
T010229,C0149,2026-01-26,-54.08,groceries,card
T010283,C0150,2026-01-26,1856.29,salary,inbound_transfer
T010575,C0153,2026-01-26,-28.26,cash_withdrawal,atm
T010582,C0153,2026-01-26,-127.34,transfer_out,app_transfer
T010810,C0156,2026-01-26,-19.31,groceries,card
T010969,C0158,2026-01-26,-32.99,cash_withdrawal,atm
T011101,C0161,2026-01-26,-15.63,subscription,direct_debit
T011213,C0162,2026-01-26,-46.32,groceries,card
T011438,C0165,2026-01-26,-18.91,transport,card
T011511,C0166,2026-01-26,-39.11,dining,card
T011770,C0169,2026-01-26,-198.94,transfer_out,app_transfer
T011775,C0169,2026-01-26,-67.2,groceries,card
T011865,C0170,2026-01-26,-81.69,groceries,card
T012188,C0175,2026-01-26,-12.06,dining,card
T012194,C0175,2026-01-26,-29.56,groceries,card
T012389,C0178,2026-01-26,-242.16,transfer_out,app_transfer
T012616,C0182,2026-01-26,-30.62,groceries,card
T013299,C0191,2026-01-26,-51.23,groceries,card
T013673,C0197,2026-01-26,-172.19,utilities,direct_debit
T013835,C0199,2026-01-26,-52.83,groceries,card
T000138,C0003,2026-01-27,-32.8,dining,card
T000509,C0009,2026-01-27,-62.43,groceries,card
T000585,C0010,2026-01-27,-44.27,groceries,card
T000588,C0010,2026-01-27,-65.14,groceries,card
T000965,C0016,2026-01-27,-56.26,dining,card
T001134,C0018,2026-01-27,-19.42,dining,card
T001354,C0021,2026-01-27,-113.01,retail,card
T001689,C0025,2026-01-27,-105.04,retail,card
T001738,C0026,2026-01-27,-123.26,retail,card
T001818,C0027,2026-01-27,-199.12,utilities,direct_debit
T001875,C0028,2026-01-27,-114.5,retail,card
T001963,C0029,2026-01-27,3277.98,salary,inbound_transfer
T001965,C0029,2026-01-27,-55.53,dining,card
T002143,C0031,2026-01-27,-198.89,utilities,direct_debit
T002428,C0036,2026-01-27,-44.38,cash_withdrawal,atm
T002589,C0038,2026-01-27,2007.06,salary,inbound_transfer
T002601,C0038,2026-01-27,-11.01,transport,card
T002856,C0042,2026-01-27,-288.97,transfer_out,app_transfer
T002941,C0043,2026-01-27,-37.56,groceries,card
T003051,C0045,2026-01-27,-12.33,dining,card
T003360,C0050,2026-01-27,2232.06,salary,inbound_transfer
T003370,C0050,2026-01-27,-21.72,dining,card
T003476,C0051,2026-01-27,-27.26,retail,card
T003770,C0054,2026-01-27,4172.44,salary,inbound_transfer
T003771,C0054,2026-01-27,-145.38,transfer_out,app_transfer
T003788,C0054,2026-01-27,-64.66,groceries,card
T003831,C0055,2026-01-27,3843.4,salary,inbound_transfer
T003916,C0056,2026-01-27,-48.95,groceries,card
T004035,C0059,2026-01-27,-42.92,utilities,direct_debit
T004185,C0062,2026-01-27,-215.9,transfer_out,app_transfer
T004405,C0065,2026-01-27,-75.13,utilities,direct_debit
T004672,C0069,2026-01-27,-8.64,transport,card
T004754,C0070,2026-01-27,-42.97,groceries,card
T004831,C0071,2026-01-27,-28.53,groceries,card
T005077,C0074,2026-01-27,-70.74,utilities,direct_debit
T005262,C0076,2026-01-27,-152.79,transfer_out,app_transfer
T005656,C0081,2026-01-27,-114.78,retail,card
T005791,C0083,2026-01-27,-14.19,subscription,direct_debit
T005856,C0084,2026-01-27,-327.89,transfer_out,app_transfer
T005980,C0086,2026-01-27,-37.82,groceries,card
T005983,C0086,2026-01-27,-12.31,transport,card
T006293,C0090,2026-01-27,-30.22,retail,card
T006298,C0090,2026-01-27,-16.72,transport,card
T006429,C0092,2026-01-27,-13.18,subscription,direct_debit
T006758,C0096,2026-01-27,-52.45,groceries,card
T007285,C0105,2026-01-27,-78.24,utilities,direct_debit
T007336,C0106,2026-01-27,-378.28,transfer_out,app_transfer
T007465,C0109,2026-01-27,-28.58,transport,card
T007619,C0111,2026-01-27,-51.63,cash_withdrawal,atm
T007964,C0116,2026-01-27,-44.27,groceries,card
T007965,C0116,2026-01-27,-257.05,transfer_out,app_transfer
T008104,C0118,2026-01-27,-212.87,transfer_out,app_transfer
T008114,C0118,2026-01-27,-72.98,cash_withdrawal,atm
T008267,C0120,2026-01-27,-172.28,utilities,direct_debit
T008419,C0123,2026-01-27,-122.78,utilities,direct_debit
T008538,C0125,2026-01-27,-89.22,groceries,card
T008630,C0126,2026-01-27,-13.85,dining,card
T008775,C0128,2026-01-27,-146.48,utilities,direct_debit
T008781,C0128,2026-01-27,-73.75,groceries,card
T008878,C0129,2026-01-27,-5.4,subscription,direct_debit
T009008,C0131,2026-01-27,-41.61,dining,card
T009084,C0132,2026-01-27,-17.76,transport,card
T009498,C0137,2026-01-27,-86.58,retail,card
T010052,C0146,2026-01-27,-15.47,subscription,direct_debit
T010223,C0149,2026-01-27,-253.45,transfer_out,app_transfer
T010581,C0153,2026-01-27,-14.16,subscription,direct_debit
T010584,C0153,2026-01-27,-146.56,utilities,direct_debit
T010729,C0155,2026-01-27,-18.53,transport,card
T010815,C0156,2026-01-27,-333.58,transfer_out,app_transfer
T011102,C0161,2026-01-27,-66.14,groceries,card
T011104,C0161,2026-01-27,-71.96,groceries,card
T011206,C0162,2026-01-27,1529.76,salary,inbound_transfer
T011224,C0162,2026-01-27,-70.02,groceries,card
T011287,C0163,2026-01-27,2662.24,salary,inbound_transfer
T011582,C0167,2026-01-27,-51.23,dining,card
T011667,C0168,2026-01-27,-39.52,groceries,card
T011942,C0171,2026-01-27,-51.84,groceries,card
T012251,C0176,2026-01-27,-78.39,retail,card
T012609,C0182,2026-01-27,-10.23,transport,card
T012624,C0182,2026-01-27,-109.61,transfer_out,app_transfer
T012785,C0184,2026-01-27,-30.56,cash_withdrawal,atm
T012816,C0185,2026-01-27,-25.22,transport,card
T013049,C0188,2026-01-27,-65.25,groceries,card
T013296,C0191,2026-01-27,-110.55,transfer_out,app_transfer
T013306,C0191,2026-01-27,-183.85,utilities,direct_debit
T013417,C0193,2026-01-27,-392.98,transfer_out,app_transfer
T013574,C0196,2026-01-27,-123.62,utilities,direct_debit
T013774,C0198,2026-01-27,-13.78,subscription,direct_debit
T013882,C0200,2026-01-27,-66.83,cash_withdrawal,atm
T000133,C0003,2026-01-28,-38.02,dining,card
T000323,C0006,2026-01-28,-86.43,groceries,card
T000510,C0009,2026-01-28,-9.77,transport,card
T000586,C0010,2026-01-28,-105.68,transfer_out,app_transfer
T001051,C0017,2026-01-28,-18.22,groceries,card
T001311,C0020,2026-01-28,-28.57,cash_withdrawal,atm
T001351,C0021,2026-01-28,-46.26,dining,card
T001491,C0023,2026-01-28,-9.48,transport,card
T001502,C0023,2026-01-28,-32.28,retail,card
T002145,C0031,2026-01-28,-18.19,transport,card
T002740,C0040,2026-01-28,-17.84,dining,card
T002934,C0043,2026-01-28,-42.12,cash_withdrawal,atm
T003053,C0045,2026-01-28,-208.96,utilities,direct_debit
T003062,C0045,2026-01-28,-47.65,utilities,direct_debit
T003104,C0046,2026-01-28,3532.22,salary,inbound_transfer
T003266,C0048,2026-01-28,-12.95,transport,card
T003300,C0049,2026-01-28,-48.18,retail,card
T003304,C0049,2026-01-28,-50.0,dining,card
T003673,C0053,2026-01-28,-60.71,retail,card
T003837,C0055,2026-01-28,-49.68,dining,card
T003921,C0056,2026-01-28,-131.9,retail,card
T004037,C0059,2026-01-28,-32.04,dining,card
T004175,C0061,2026-01-28,-275.41,transfer_out,app_transfer
T004283,C0063,2026-01-28,-24.48,transport,card
T004474,C0066,2026-01-28,-368.63,transfer_out,app_transfer
T004677,C0069,2026-01-28,-28.34,dining,card
T004917,C0072,2026-01-28,-5.04,subscription,direct_debit
T005259,C0076,2026-01-28,-131.76,retail,card
T005350,C0077,2026-01-28,-25.84,transport,card
T005490,C0079,2026-01-28,-352.3,transfer_out,app_transfer
T005659,C0081,2026-01-28,-165.29,utilities,direct_debit
T005747,C0082,2026-01-28,-26.73,dining,card
T005860,C0084,2026-01-28,-85.89,retail,card
T006073,C0087,2026-01-28,-17.94,transport,card
T006101,C0088,2026-01-28,-58.29,retail,card
T006528,C0093,2026-01-28,-66.25,groceries,card
T006687,C0095,2026-01-28,1881.58,salary,inbound_transfer
T006906,C0098,2026-01-28,-22.23,transport,card
T007098,C0101,2026-01-28,-109.83,cash_withdrawal,atm
T007148,C0103,2026-01-28,-16.37,dining,card
T007279,C0105,2026-01-28,-26.07,transport,card
T007372,C0107,2026-01-28,-20.51,groceries,card
T007409,C0108,2026-01-28,-80.18,cash_withdrawal,atm
T007966,C0116,2026-01-28,-19.88,subscription,direct_debit
T008539,C0125,2026-01-28,-91.45,retail,card
T008695,C0127,2026-01-28,4129.47,salary,inbound_transfer
T008700,C0127,2026-01-28,-393.93,transfer_out,app_transfer
T008875,C0129,2026-01-28,-94.34,retail,card
T009171,C0133,2026-01-28,-88.49,groceries,card
T009274,C0134,2026-01-28,-80.21,retail,card
T009432,C0136,2026-01-28,-42.97,groceries,card
T009433,C0136,2026-01-28,-14.85,subscription,direct_debit
T009499,C0137,2026-01-28,-31.85,groceries,card
T009534,C0138,2026-01-28,-116.37,retail,card
T009541,C0138,2026-01-28,-143.46,utilities,direct_debit
T009610,C0139,2026-01-28,-20.32,transport,card
T009882,C0143,2026-01-28,-15.7,dining,card
T010380,C0151,2026-01-28,-28.33,transport,card
T010388,C0151,2026-01-28,-17.85,transport,card
T010728,C0155,2026-01-28,-86.22,cash_withdrawal,atm
T010731,C0155,2026-01-28,-151.86,transfer_out,app_transfer
T010807,C0156,2026-01-28,-14.53,transport,card
T010895,C0157,2026-01-28,-18.02,subscription,direct_debit
T011107,C0161,2026-01-28,-26.12,transport,card
T011108,C0161,2026-01-28,-5.88,transport,card
T011375,C0164,2026-01-28,-24.77,transport,card
T011450,C0165,2026-01-28,-59.51,retail,card
T012088,C0174,2026-01-28,-43.73,groceries,card
T012186,C0175,2026-01-28,-46.87,dining,card
T012333,C0177,2026-01-28,808.69,salary,inbound_transfer
T012384,C0178,2026-01-28,-69.67,cash_withdrawal,atm
T012560,C0181,2026-01-28,-22.01,transport,card
T012608,C0182,2026-01-28,924.12,salary,inbound_transfer
T013144,C0189,2026-01-28,-54.33,groceries,card
T013206,C0190,2026-01-28,-373.75,transfer_out,app_transfer
T013218,C0190,2026-01-28,-6.48,transport,card
T013419,C0193,2026-01-28,-54.98,groceries,card
T013670,C0197,2026-01-28,-72.3,utilities,direct_debit
T013760,C0198,2026-01-28,881.99,salary,inbound_transfer
T000002,C0001,2026-01-29,-26.48,groceries,card
T000318,C0006,2026-01-29,-17.78,groceries,card
T000450,C0008,2026-01-29,-132.73,utilities,direct_debit
T000578,C0010,2026-01-29,-34.58,dining,card
T000631,C0011,2026-01-29,1407.85,salary,inbound_transfer
T000912,C0015,2026-01-29,-19.73,groceries,card
T001052,C0017,2026-01-29,-8.71,subscription,direct_debit
T001127,C0018,2026-01-29,3332.16,salary,inbound_transfer
T001197,C0019,2026-01-29,-13.31,transport,card
T002038,C0030,2026-01-29,-20.58,groceries,card
T002147,C0031,2026-01-29,-232.95,transfer_out,app_transfer
T002482,C0037,2026-01-29,1496.17,salary,inbound_transfer
T002593,C0038,2026-01-29,-26.1,transport,card
T002782,C0041,2026-01-29,-94.61,cash_withdrawal,atm
T003015,C0044,2026-01-29,-19.99,subscription,direct_debit
T003194,C0047,2026-01-29,-44.05,groceries,card
T003480,C0051,2026-01-29,-23.53,subscription,direct_debit
T003665,C0053,2026-01-29,-14.13,transport,card
T003785,C0054,2026-01-29,-247.02,transfer_out,app_transfer
T003989,C0057,2026-01-29,-19.78,groceries,card
T003996,C0057,2026-01-29,-11.74,transport,card
T004016,C0058,2026-01-29,-79.31,retail,card
T004080,C0060,2026-01-29,-90.17,groceries,card
T004193,C0062,2026-01-29,-148.07,utilities,direct_debit
T004472,C0066,2026-01-29,-29.62,dining,card
T004555,C0067,2026-01-29,-30.63,dining,card
T004742,C0070,2026-01-29,-15.55,transport,card
T004747,C0070,2026-01-29,-126.06,retail,card
T004836,C0071,2026-01-29,-93.65,utilities,direct_debit
T004837,C0071,2026-01-29,-171.95,utilities,direct_debit
T005337,C0077,2026-01-29,-98.39,cash_withdrawal,atm
T005660,C0081,2026-01-29,-27.7,dining,card
T005975,C0086,2026-01-29,-58.87,dining,card
T006521,C0093,2026-01-29,-206.32,utilities,direct_debit
T006909,C0098,2026-01-29,-157.71,utilities,direct_debit
T007095,C0101,2026-01-29,-19.28,dining,card
T007101,C0101,2026-01-29,-26.87,groceries,card
T007453,C0109,2026-01-29,-11.98,dining,card
T007456,C0109,2026-01-29,-299.73,transfer_out,app_transfer
T008262,C0120,2026-01-29,-170.5,utilities,direct_debit
T009004,C0131,2026-01-29,1468.9,salary,inbound_transfer
T009277,C0134,2026-01-29,-40.11,dining,card
T009536,C0138,2026-01-29,-43.49,dining,card
T009627,C0140,2026-01-29,748.33,salary,inbound_transfer
T009630,C0140,2026-01-29,-29.69,retail,card
T009884,C0143,2026-01-29,-50.36,cash_withdrawal,atm
T009892,C0143,2026-01-29,-49.65,retail,card
T009930,C0144,2026-01-29,-66.75,groceries,card
T009931,C0144,2026-01-29,-392.09,transfer_out,app_transfer
T009958,C0145,2026-01-29,3374.67,salary,inbound_transfer
T010221,C0149,2026-01-29,1908.38,salary,inbound_transfer
T010224,C0149,2026-01-29,-5.39,subscription,direct_debit
T010227,C0149,2026-01-29,-116.86,transfer_out,app_transfer
T010292,C0150,2026-01-29,-6.67,transport,card
T010646,C0154,2026-01-29,1443.08,salary,inbound_transfer
T010648,C0154,2026-01-29,-88.56,cash_withdrawal,atm
T010721,C0155,2026-01-29,3240.0,salary,inbound_transfer
T011026,C0159,2026-01-29,-36.83,dining,card
T011070,C0160,2026-01-29,-139.14,utilities,direct_debit
T011370,C0164,2026-01-29,3862.72,salary,inbound_transfer
T011379,C0164,2026-01-29,-103.67,retail,card
T011436,C0165,2026-01-29,932.05,salary,inbound_transfer
T011583,C0167,2026-01-29,-93.96,retail,card
T011678,C0168,2026-01-29,-29.62,dining,card
T011861,C0170,2026-01-29,-14.57,dining,card
T011947,C0171,2026-01-29,-11.85,dining,card
T012048,C0173,2026-01-29,-68.87,cash_withdrawal,atm
T012094,C0174,2026-01-29,-30.73,transport,card
T012246,C0176,2026-01-29,-81.5,cash_withdrawal,atm
T012337,C0177,2026-01-29,-84.5,transfer_out,app_transfer
T012621,C0182,2026-01-29,-34.11,dining,card
T012979,C0187,2026-01-29,-30.39,dining,card
T013044,C0188,2026-01-29,-102.19,cash_withdrawal,atm
T013139,C0189,2026-01-29,-70.25,groceries,card
T013215,C0190,2026-01-29,-102.3,retail,card
T013216,C0190,2026-01-29,-98.04,cash_withdrawal,atm
T013526,C0195,2026-01-29,-19.34,dining,card
T013565,C0196,2026-01-29,-55.67,dining,card
T013838,C0199,2026-01-29,-83.59,groceries,card
T013878,C0200,2026-01-29,-46.1,groceries,card
T000131,C0003,2026-01-30,-49.67,groceries,card
T000192,C0004,2026-01-30,-89.69,retail,card
T000423,C0007,2026-01-30,-27.6,groceries,card
T000433,C0007,2026-01-30,-56.36,groceries,card
T000512,C0009,2026-01-30,-15.87,transport,card
T000791,C0013,2026-01-30,920.59,salary,inbound_transfer
T001128,C0018,2026-01-30,-31.57,cash_withdrawal,atm
T001198,C0019,2026-01-30,-86.78,transfer_out,app_transfer
T001686,C0025,2026-01-30,-71.15,groceries,card
T001732,C0026,2026-01-30,-15.54,transport,card
T001816,C0027,2026-01-30,-129.81,retail,card
T002053,C0030,2026-01-30,-20.63,transport,card
T002299,C0033,2026-01-30,831.56,salary,inbound_transfer
T002331,C0034,2026-01-30,-20.46,dining,card
T002857,C0042,2026-01-30,-317.43,transfer_out,app_transfer
T002939,C0043,2026-01-30,-41.92,groceries,card
T003014,C0044,2026-01-30,-11.62,transport,card
T003188,C0047,2026-01-30,-95.82,retail,card
T003193,C0047,2026-01-30,-162.64,utilities,direct_debit
T003268,C0048,2026-01-30,-102.99,retail,card
T003366,C0050,2026-01-30,-8.41,transport,card
T003675,C0053,2026-01-30,-192.95,transfer_out,app_transfer
T003781,C0054,2026-01-30,-150.09,utilities,direct_debit
T003833,C0055,2026-01-30,-104.38,retail,card
T004173,C0061,2026-01-30,-105.84,utilities,direct_debit
T004409,C0065,2026-01-30,-381.68,transfer_out,app_transfer
T004480,C0066,2026-01-30,-53.41,dining,card
T004745,C0070,2026-01-30,-25.41,dining,card
T004753,C0070,2026-01-30,-70.27,retail,card
T004835,C0071,2026-01-30,-16.79,subscription,direct_debit
T004984,C0073,2026-01-30,-123.75,retail,card
T004986,C0073,2026-01-30,-13.61,transport,card
T005068,C0074,2026-01-30,-53.62,dining,card
T005738,C0082,2026-01-30,-41.71,groceries,card
T005740,C0082,2026-01-30,-282.24,transfer_out,app_transfer
T005857,C0084,2026-01-30,-70.39,groceries,card
T006070,C0087,2026-01-30,-38.04,dining,card
T006210,C0089,2026-01-30,-19.51,groceries,card
T006600,C0094,2026-01-30,-24.55,transport,card
T007143,C0103,2026-01-30,-21.48,subscription,direct_debit
T007232,C0104,2026-01-30,-86.18,retail,card
T007289,C0105,2026-01-30,-64.79,groceries,card
T007328,C0106,2026-01-30,3482.67,salary,inbound_transfer
T007880,C0115,2026-01-30,813.27,salary,inbound_transfer
T008024,C0117,2026-01-30,-313.1,transfer_out,app_transfer
T008352,C0121,2026-01-30,-50.29,groceries,card
T008456,C0124,2026-01-30,-56.08,cash_withdrawal,atm
T008457,C0124,2026-01-30,-88.6,utilities,direct_debit
T009005,C0131,2026-01-30,-24.65,transport,card
T009175,C0133,2026-01-30,-29.82,transport,card
T009496,C0137,2026-01-30,-300.25,transfer_out,app_transfer
T009606,C0139,2026-01-30,4102.82,salary,inbound_transfer
T009704,C0141,2026-01-30,-104.75,utilities,direct_debit
T009784,C0142,2026-01-30,-256.93,transfer_out,app_transfer
T009960,C0145,2026-01-30,-89.76,groceries,card
T010220,C0149,2026-01-30,1921.88,salary,inbound_transfer
T010287,C0150,2026-01-30,-92.31,retail,card
T010389,C0151,2026-01-30,-66.72,retail,card
T011018,C0159,2026-01-30,-23.23,subscription,direct_debit
T011091,C0161,2026-01-30,3637.95,salary,inbound_transfer
T011289,C0163,2026-01-30,-16.88,groceries,card
T011666,C0168,2026-01-30,3305.85,salary,inbound_transfer
T011674,C0168,2026-01-30,-10.26,subscription,direct_debit
T011768,C0169,2026-01-30,1532.83,salary,inbound_transfer
T011863,C0170,2026-01-30,-179.88,utilities,direct_debit
T012003,C0172,2026-01-30,-33.16,dining,card
T012245,C0176,2026-01-30,4330.34,salary,inbound_transfer
T012340,C0177,2026-01-30,-43.57,groceries,card
T012703,C0183,2026-01-30,-109.15,retail,card
T012707,C0183,2026-01-30,-42.16,dining,card
T012791,C0184,2026-01-30,-45.04,retail,card
T012907,C0186,2026-01-30,-90.33,groceries,card
T012984,C0187,2026-01-30,-83.22,groceries,card
T013046,C0188,2026-01-30,-89.24,groceries,card
T013140,C0189,2026-01-30,-65.2,retail,card
T013302,C0191,2026-01-30,-137.35,transfer_out,app_transfer
T013422,C0193,2026-01-30,-271.88,transfer_out,app_transfer
T013494,C0194,2026-01-30,-18.68,transport,card
T013669,C0197,2026-01-30,-7.52,transport,card
T013874,C0200,2026-01-30,810.79,salary,inbound_transfer
T000432,C0007,2026-01-31,-20.88,dining,card
T000732,C0012,2026-01-31,-31.04,dining,card
T000734,C0012,2026-01-31,-105.92,retail,card
T001131,C0018,2026-01-31,-43.14,dining,card
T001133,C0018,2026-01-31,-74.0,groceries,card
T001967,C0029,2026-01-31,-18.61,transport,card
T002137,C0031,2026-01-31,-31.19,groceries,card
T002206,C0032,2026-01-31,-190.54,transfer_out,app_transfer
T002853,C0042,2026-01-31,-32.21,dining,card
T003013,C0044,2026-01-31,-30.42,retail,card
T003112,C0046,2026-01-31,-8.71,transport,card
T003295,C0049,2026-01-31,3481.82,salary,inbound_transfer
T003373,C0050,2026-01-31,-23.45,groceries,card
T003664,C0053,2026-01-31,3589.22,salary,inbound_transfer
T003840,C0055,2026-01-31,-91.46,cash_withdrawal,atm
T003915,C0056,2026-01-31,-41.81,groceries,card
T003924,C0056,2026-01-31,-29.13,transport,card
T003927,C0056,2026-01-31,-44.1,dining,card
T003993,C0057,2026-01-31,-36.4,dining,card
T004286,C0063,2026-01-31,-74.53,cash_withdrawal,atm
T004291,C0063,2026-01-31,-29.87,groceries,card
T004477,C0066,2026-01-31,-34.77,dining,card
T004919,C0072,2026-01-31,-8.33,transport,card
T005067,C0074,2026-01-31,-381.72,transfer_out,app_transfer
T005348,C0077,2026-01-31,-20.01,groceries,card
T005488,C0079,2026-01-31,3698.92,salary,inbound_transfer
T005498,C0079,2026-01-31,-243.44,transfer_out,app_transfer
T005582,C0080,2026-01-31,-41.72,dining,card
T005585,C0080,2026-01-31,-98.68,retail,card
T005664,C0081,2026-01-31,-11.66,transport,card
T005979,C0086,2026-01-31,-189.23,utilities,direct_debit
T006066,C0087,2026-01-31,3295.83,salary,inbound_transfer
T006102,C0088,2026-01-31,-20.24,groceries,card
T006107,C0088,2026-01-31,-82.94,cash_withdrawal,atm
T006300,C0090,2026-01-31,-49.15,groceries,card
T006432,C0092,2026-01-31,-38.56,retail,card
T006751,C0096,2026-01-31,3752.35,salary,inbound_transfer
T006754,C0096,2026-01-31,-92.1,groceries,card
T006850,C0097,2026-01-31,914.68,salary,inbound_transfer
T007058,C0100,2026-01-31,-78.74,utilities,direct_debit
T007620,C0111,2026-01-31,-62.89,retail,card
T007715,C0112,2026-01-31,-105.87,transfer_out,app_transfer
T008392,C0122,2026-01-31,-59.27,groceries,card
T008535,C0125,2026-01-31,-17.19,groceries,card
T009081,C0132,2026-01-31,-25.38,dining,card
T009174,C0133,2026-01-31,-54.0,utilities,direct_debit
T009376,C0135,2026-01-31,-26.7,retail,card
T009611,C0139,2026-01-31,-17.71,subscription,direct_debit
T009894,C0143,2026-01-31,-190.75,utilities,direct_debit
T009965,C0145,2026-01-31,-19.53,transport,card
T009968,C0145,2026-01-31,-25.15,cash_withdrawal,atm
T010225,C0149,2026-01-31,-54.3,retail,card
T010379,C0151,2026-01-31,2784.8,salary,inbound_transfer
T010488,C0152,2026-01-31,784.16,salary,inbound_transfer
T010491,C0152,2026-01-31,-29.39,groceries,card
T010576,C0153,2026-01-31,-107.8,retail,card
T010889,C0157,2026-01-31,4209.94,salary,inbound_transfer
T011096,C0161,2026-01-31,-57.53,groceries,card
T011288,C0163,2026-01-31,-266.92,transfer_out,app_transfer
T011296,C0163,2026-01-31,-6.91,subscription,direct_debit
T011575,C0167,2026-01-31,-25.86,transport,card
T011676,C0168,2026-01-31,-24.85,dining,card
T011778,C0169,2026-01-31,-24.05,subscription,direct_debit
T011862,C0170,2026-01-31,-113.77,retail,card
T012247,C0176,2026-01-31,-83.37,retail,card
T012387,C0178,2026-01-31,-30.78,transport,card
T012559,C0181,2026-01-31,-7.59,subscription,direct_debit
T012796,C0184,2026-01-31,-78.34,groceries,card
T012904,C0186,2026-01-31,-194.2,utilities,direct_debit
T013501,C0194,2026-01-31,-92.71,retail,card
T000095,C0002,2026-02-01,-349.76,transfer_out,app_transfer
T000457,C0008,2026-02-01,-13.06,dining,card
T000462,C0008,2026-02-01,-88.35,retail,card
T000592,C0010,2026-02-01,-58.83,retail,card
T000650,C0011,2026-02-01,-15.21,dining,card
T000654,C0011,2026-02-01,-22.06,subscription,direct_debit
T000806,C0013,2026-02-01,-88.16,utilities,direct_debit
T000976,C0016,2026-02-01,-329.96,transfer_out,app_transfer
T001356,C0021,2026-02-01,3752.16,salary,inbound_transfer
T001599,C0024,2026-02-01,-53.47,groceries,card
T001884,C0028,2026-02-01,-46.09,cash_withdrawal,atm
T001885,C0028,2026-02-01,-13.04,subscription,direct_debit
T001891,C0028,2026-02-01,-35.21,groceries,card
T001976,C0029,2026-02-01,-19.18,transport,card
T002065,C0030,2026-02-01,-66.96,retail,card
T002347,C0034,2026-02-01,4210.49,salary,inbound_transfer
T002501,C0037,2026-02-01,-65.16,retail,card
T002502,C0037,2026-02-01,-205.53,transfer_out,app_transfer
T002606,C0038,2026-02-01,-43.86,groceries,card
T002755,C0040,2026-02-01,-18.33,transport,card
T002759,C0040,2026-02-01,-152.37,transfer_out,app_transfer
T003198,C0047,2026-02-01,-206.74,transfer_out,app_transfer
T003306,C0049,2026-02-01,-77.26,groceries,card
T003853,C0055,2026-02-01,-118.87,utilities,direct_debit
T003931,C0056,2026-02-01,-73.69,groceries,card
T003938,C0056,2026-02-01,-27.2,groceries,card
T004178,C0061,2026-02-01,-15.48,subscription,direct_debit
T004350,C0064,2026-02-01,-26.2,cash_withdrawal,atm
T004419,C0065,2026-02-01,-188.05,transfer_out,app_transfer
T004704,C0069,2026-02-01,-72.18,groceries,card
T005083,C0074,2026-02-01,-52.08,dining,card
T005596,C0080,2026-02-01,-89.91,retail,card
T005799,C0083,2026-02-01,-30.17,groceries,card
T005808,C0083,2026-02-01,-36.08,groceries,card
T006115,C0088,2026-02-01,-22.51,subscription,direct_debit
T006609,C0094,2026-02-01,-28.59,transport,card
T006870,C0097,2026-02-01,-39.99,dining,card
T006915,C0098,2026-02-01,978.11,salary,inbound_transfer
T006921,C0098,2026-02-01,-38.2,groceries,card
T007019,C0099,2026-02-01,-17.86,transport,card
T007138,C0102,2026-02-01,-312.83,transfer_out,app_transfer
T007140,C0102,2026-02-01,-20.01,dining,card
T007157,C0103,2026-02-01,-93.46,cash_withdrawal,atm
T007237,C0104,2026-02-01,-125.07,utilities,direct_debit
T007338,C0106,2026-02-01,3787.81,salary,inbound_transfer
T007340,C0106,2026-02-01,-29.06,transport,card
T007383,C0107,2026-02-01,-205.65,utilities,direct_debit
T007384,C0107,2026-02-01,-35.14,dining,card
T007472,C0109,2026-02-01,-21.74,transport,card
T007473,C0109,2026-02-01,-57.44,retail,card
T007475,C0109,2026-02-01,-56.73,dining,card
T007476,C0109,2026-02-01,-32.79,groceries,card
T007590,C0110,2026-02-01,-68.12,groceries,card
T007988,C0116,2026-02-01,-51.56,groceries,card
T008357,C0121,2026-02-01,-182.16,utilities,direct_debit
T008550,C0125,2026-02-01,-17.33,dining,card
T008634,C0126,2026-02-01,-161.65,transfer_out,app_transfer
T008944,C0130,2026-02-01,-30.16,transport,card
T009388,C0135,2026-02-01,-85.91,retail,card
T009621,C0139,2026-02-01,-6.41,transport,card
T009645,C0140,2026-02-01,-69.31,groceries,card
T009900,C0143,2026-02-01,-18.62,subscription,direct_debit
T010159,C0148,2026-02-01,-24.73,transport,card
T010660,C0154,2026-02-01,-195.34,utilities,direct_debit
T010741,C0155,2026-02-01,-38.81,dining,card
T011077,C0160,2026-02-01,2779.39,salary,inbound_transfer
T011692,C0168,2026-02-01,-20.13,transport,card
T011784,C0169,2026-02-01,1399.06,salary,inbound_transfer
T011874,C0170,2026-02-01,-6.81,subscription,direct_debit
T012199,C0175,2026-02-01,-40.76,dining,card
T012401,C0178,2026-02-01,-29.49,dining,card
T012462,C0179,2026-02-01,-70.02,cash_withdrawal,atm
T012567,C0181,2026-02-01,-310.15,transfer_out,app_transfer
T012633,C0182,2026-02-01,-112.65,utilities,direct_debit
T013070,C0188,2026-02-01,-205.22,utilities,direct_debit
T013540,C0195,2026-02-01,-43.76,groceries,card
T013581,C0196,2026-02-01,-137.05,transfer_out,app_transfer
T013782,C0198,2026-02-01,-179.76,transfer_out,app_transfer
T000093,C0002,2026-02-02,-82.83,groceries,card
T000096,C0002,2026-02-02,-58.84,groceries,card
T000741,C0012,2026-02-02,-25.6,dining,card
T000980,C0016,2026-02-02,-51.62,dining,card
T001221,C0019,2026-02-02,-91.79,groceries,card
T001436,C0022,2026-02-02,-16.72,dining,card
T001746,C0026,2026-02-02,-56.68,utilities,direct_debit
T001893,C0028,2026-02-02,-23.79,dining,card
T002418,C0035,2026-02-02,-148.53,transfer_out,app_transfer
T002419,C0035,2026-02-02,-12.66,transport,card
T002503,C0037,2026-02-02,-103.85,retail,card
T002508,C0037,2026-02-02,-206.72,utilities,direct_debit
T002609,C0038,2026-02-02,-74.22,groceries,card
T002612,C0038,2026-02-02,-386.74,transfer_out,app_transfer
T002790,C0041,2026-02-02,-96.12,retail,card
T003377,C0050,2026-02-02,-126.29,retail,card
T003382,C0050,2026-02-02,-163.23,utilities,direct_debit
T003678,C0053,2026-02-02,1364.24,salary,inbound_transfer
T003681,C0053,2026-02-02,-50.46,groceries,card
T003792,C0054,2026-02-02,-67.7,retail,card
T003930,C0056,2026-02-02,2086.85,salary,inbound_transfer
T004006,C0057,2026-02-02,-268.92,transfer_out,app_transfer
T004201,C0062,2026-02-02,-36.21,dining,card
T004212,C0062,2026-02-02,-159.34,utilities,direct_debit
T004349,C0064,2026-02-02,-45.23,groceries,card
T004564,C0067,2026-02-02,-96.03,retail,card
T004699,C0069,2026-02-02,-88.33,groceries,card
T004841,C0071,2026-02-02,-130.45,retail,card
T005269,C0076,2026-02-02,2201.93,salary,inbound_transfer
T005364,C0077,2026-02-02,-39.97,retail,card
T005365,C0077,2026-02-02,-32.69,dining,card
T005368,C0077,2026-02-02,-60.88,groceries,card
T005451,C0078,2026-02-02,-19.41,dining,card
T006224,C0089,2026-02-02,-90.98,groceries,card
T006310,C0090,2026-02-02,-39.64,dining,card
T006384,C0091,2026-02-02,-17.64,subscription,direct_debit
T006539,C0093,2026-02-02,-41.14,groceries,card
T006607,C0094,2026-02-02,-31.01,cash_withdrawal,atm
T006608,C0094,2026-02-02,-50.88,dining,card
T007016,C0099,2026-02-02,-77.86,groceries,card
T007159,C0103,2026-02-02,-112.42,retail,card
T007167,C0103,2026-02-02,-59.73,groceries,card
T007378,C0107,2026-02-02,2975.33,salary,inbound_transfer
T007482,C0109,2026-02-02,-42.57,groceries,card
T007588,C0110,2026-02-02,-27.86,groceries,card
T007589,C0110,2026-02-02,-50.7,retail,card
T007637,C0111,2026-02-02,-54.84,utilities,direct_debit
T007734,C0112,2026-02-02,-71.6,groceries,card
T007815,C0113,2026-02-02,-16.27,transport,card
T007981,C0116,2026-02-02,-305.7,transfer_out,app_transfer
T008035,C0117,2026-02-02,-31.87,cash_withdrawal,atm
T008360,C0121,2026-02-02,-73.44,groceries,card
T008365,C0121,2026-02-02,-77.79,cash_withdrawal,atm
T008408,C0122,2026-02-02,-28.81,transport,card
T008460,C0124,2026-02-02,3049.26,salary,inbound_transfer
T008461,C0124,2026-02-02,-10.61,subscription,direct_debit
T008471,C0124,2026-02-02,-115.47,retail,card
T008636,C0126,2026-02-02,-92.11,groceries,card
T008782,C0128,2026-02-02,757.68,salary,inbound_transfer
T009285,C0134,2026-02-02,4021.58,salary,inbound_transfer
T009504,C0137,2026-02-02,-186.95,utilities,direct_debit
T010063,C0146,2026-02-02,-67.13,retail,card
T010150,C0148,2026-02-02,1165.02,salary,inbound_transfer
T010241,C0149,2026-02-02,-43.07,utilities,direct_debit
T010306,C0150,2026-02-02,-18.94,transport,card
T010661,C0154,2026-02-02,-60.01,groceries,card
T010663,C0154,2026-02-02,-59.19,retail,card
T010734,C0155,2026-02-02,-107.33,retail,card
T010820,C0156,2026-02-02,-28.7,groceries,card
T010826,C0156,2026-02-02,-276.52,transfer_out,app_transfer
T011083,C0160,2026-02-02,-30.1,groceries,card
T011085,C0160,2026-02-02,-17.71,groceries,card
T011121,C0161,2026-02-02,-36.46,dining,card
T011231,C0162,2026-02-02,-288.48,transfer_out,app_transfer
T011454,C0165,2026-02-02,-68.3,groceries,card
T012018,C0172,2026-02-02,-71.49,utilities,direct_debit
T012020,C0172,2026-02-02,-103.39,retail,card
T012204,C0175,2026-02-02,-27.74,transport,card
T012532,C0180,2026-02-02,-18.85,transport,card
T012715,C0183,2026-02-02,-71.9,groceries,card
T012919,C0186,2026-02-02,-88.77,groceries,card
T013308,C0191,2026-02-02,3832.62,salary,inbound_transfer
T013316,C0191,2026-02-02,-71.39,retail,card
T013539,C0195,2026-02-02,-23.02,transport,card
T013683,C0197,2026-02-02,-82.86,groceries,card
T013778,C0198,2026-02-02,-68.07,groceries,card
T000098,C0002,2026-02-03,-17.9,transport,card
T000207,C0004,2026-02-03,-34.43,dining,card
T000209,C0004,2026-02-03,-50.11,cash_withdrawal,atm
T000284,C0005,2026-02-03,-32.38,dining,card
T000460,C0008,2026-02-03,-78.09,retail,card
T000531,C0009,2026-02-03,-23.74,dining,card
T000645,C0011,2026-02-03,-22.21,dining,card
T001063,C0017,2026-02-03,-48.6,utilities,direct_debit
T001146,C0018,2026-02-03,-351.4,transfer_out,app_transfer
T001441,C0022,2026-02-03,-80.11,groceries,card
T001593,C0024,2026-02-03,3414.52,salary,inbound_transfer
T001970,C0029,2026-02-03,-110.52,retail,card
T002152,C0031,2026-02-03,2614.96,salary,inbound_transfer
T002213,C0032,2026-02-03,-22.79,transport,card
T002215,C0032,2026-02-03,-21.79,dining,card
T002500,C0037,2026-02-03,1397.55,salary,inbound_transfer
T002514,C0037,2026-02-03,-18.92,transport,card
T002610,C0038,2026-02-03,-198.29,utilities,direct_debit
T002665,C0039,2026-02-03,-27.43,transport,card
T002866,C0042,2026-02-03,-74.27,groceries,card
T002946,C0043,2026-02-03,-23.49,transport,card
T003309,C0049,2026-02-03,-69.15,utilities,direct_debit
T003690,C0053,2026-02-03,-77.81,retail,card
T004001,C0057,2026-02-03,-90.7,groceries,card
T004007,C0057,2026-02-03,-98.65,retail,card
T004090,C0060,2026-02-03,-76.23,cash_withdrawal,atm
T004570,C0067,2026-02-03,-102.34,retail,card
T004617,C0068,2026-02-03,-115.41,utilities,direct_debit
T004689,C0069,2026-02-03,-16.26,transport,card
T004765,C0070,2026-02-03,-32.08,dining,card
T004838,C0071,2026-02-03,874.97,salary,inbound_transfer
T004845,C0071,2026-02-03,-29.37,groceries,card
T005458,C0078,2026-02-03,-81.75,retail,card
T005508,C0079,2026-02-03,-22.8,transport,card
T005511,C0079,2026-02-03,-9.73,transport,card
T005668,C0081,2026-02-03,942.01,salary,inbound_transfer
T005672,C0081,2026-02-03,-129.57,transfer_out,app_transfer
T005987,C0086,2026-02-03,1032.27,salary,inbound_transfer
T006082,C0087,2026-02-03,-72.35,cash_withdrawal,atm
T006223,C0089,2026-02-03,-18.8,dining,card
T006315,C0090,2026-02-03,-21.02,transport,card
T006316,C0090,2026-02-03,-53.66,groceries,card
T006318,C0090,2026-02-03,-24.58,subscription,direct_debit
T006385,C0091,2026-02-03,-76.47,groceries,card
T006710,C0095,2026-02-03,-90.26,transfer_out,app_transfer
T007068,C0100,2026-02-03,-18.25,dining,card
T007162,C0103,2026-02-03,-18.03,dining,card
T007470,C0109,2026-02-03,-9.38,subscription,direct_debit
T008034,C0117,2026-02-03,-91.28,retail,card
T008036,C0117,2026-02-03,-288.67,transfer_out,app_transfer
T008119,C0118,2026-02-03,-59.74,groceries,card
T008552,C0125,2026-02-03,-77.01,retail,card
T008885,C0129,2026-02-03,-57.53,dining,card
T008886,C0129,2026-02-03,-25.45,groceries,card
T008890,C0129,2026-02-03,-29.21,dining,card
T009555,C0138,2026-02-03,-6.78,transport,card
T009642,C0140,2026-02-03,-25.18,transport,card
T009796,C0142,2026-02-03,-23.78,groceries,card
T009905,C0143,2026-02-03,-97.89,retail,card
T010308,C0150,2026-02-03,-27.24,transport,card
T010821,C0156,2026-02-03,-40.29,dining,card
T010907,C0157,2026-02-03,-103.93,cash_withdrawal,atm
T010982,C0158,2026-02-03,-395.08,transfer_out,app_transfer
T011086,C0160,2026-02-03,-66.55,groceries,card
T011234,C0162,2026-02-03,-44.94,dining,card
T011236,C0162,2026-02-03,-58.73,groceries,card
T011297,C0163,2026-02-03,3140.74,salary,inbound_transfer
T011455,C0165,2026-02-03,-76.22,groceries,card
T011684,C0168,2026-02-03,-44.38,groceries,card
T011696,C0168,2026-02-03,-43.74,groceries,card
T011876,C0170,2026-02-03,-87.44,groceries,card
T012099,C0174,2026-02-03,3996.77,salary,inbound_transfer
T012113,C0174,2026-02-03,-76.89,cash_withdrawal,atm
T012200,C0175,2026-02-03,-35.39,dining,card
T012260,C0176,2026-02-03,-85.82,retail,card
T012458,C0179,2026-02-03,-212.12,transfer_out,app_transfer
T012530,C0180,2026-02-03,-13.66,transport,card
T012566,C0181,2026-02-03,-45.88,groceries,card
T012571,C0181,2026-02-03,-51.39,dining,card
T012710,C0183,2026-02-03,-40.79,groceries,card
T012801,C0184,2026-02-03,-115.66,utilities,direct_debit
T012831,C0185,2026-02-03,-13.84,transport,card
T013155,C0189,2026-02-03,-33.7,retail,card
T013508,C0194,2026-02-03,-28.5,transport,card
T013583,C0196,2026-02-03,-139.71,utilities,direct_debit
T013590,C0196,2026-02-03,-39.82,utilities,direct_debit
T013844,C0199,2026-02-03,-59.99,retail,card
T000145,C0003,2026-02-04,-128.01,retail,card
T000282,C0005,2026-02-04,4315.64,salary,inbound_transfer
T000344,C0006,2026-02-04,-352.72,transfer_out,app_transfer
T000529,C0009,2026-02-04,-119.8,retail,card
T000921,C0015,2026-02-04,-103.35,retail,card
T000984,C0016,2026-02-04,-193.53,utilities,direct_debit
T001056,C0017,2026-02-04,-125.92,retail,card
T001357,C0021,2026-02-04,-75.96,retail,card
T001823,C0027,2026-02-04,-28.88,dining,card
T001824,C0027,2026-02-04,-53.4,dining,card
T001972,C0029,2026-02-04,-21.23,subscription,direct_debit
T002161,C0031,2026-02-04,-12.54,dining,card
T002164,C0031,2026-02-04,-89.93,groceries,card
T002167,C0031,2026-02-04,-41.76,dining,card
T002306,C0033,2026-02-04,-196.93,utilities,direct_debit
T002310,C0033,2026-02-04,-45.8,retail,card
T002659,C0039,2026-02-04,-18.48,transport,card
T002864,C0042,2026-02-04,-105.45,transfer_out,app_transfer
T002942,C0043,2026-02-04,4228.89,salary,inbound_transfer
T003028,C0044,2026-02-04,-124.83,retail,card
T003274,C0048,2026-02-04,-24.11,groceries,card
T003275,C0048,2026-02-04,-22.31,dining,card
T003384,C0050,2026-02-04,-59.82,groceries,card
T003604,C0052,2026-02-04,-35.23,dining,card
T003676,C0053,2026-02-04,1348.36,salary,inbound_transfer
T003677,C0053,2026-02-04,1465.95,salary,inbound_transfer
T003692,C0053,2026-02-04,-17.17,transport,card
T003848,C0055,2026-02-04,-86.11,groceries,card
T003850,C0055,2026-02-04,-29.68,groceries,card
T004030,C0058,2026-02-04,-88.52,groceries,card
T004043,C0059,2026-02-04,1445.59,salary,inbound_transfer
T004205,C0062,2026-02-04,-17.8,transport,card
T004356,C0064,2026-02-04,-104.71,utilities,direct_debit
T004561,C0067,2026-02-04,-71.1,groceries,card
T004928,C0072,2026-02-04,-29.52,groceries,card
T005355,C0077,2026-02-04,-46.34,groceries,card
T005452,C0078,2026-02-04,-38.05,groceries,card
T005513,C0079,2026-02-04,-69.84,groceries,card
T005676,C0081,2026-02-04,-257.5,transfer_out,app_transfer
T005750,C0082,2026-02-04,-37.71,dining,card
T005990,C0086,2026-02-04,-52.93,dining,card
T006080,C0087,2026-02-04,-32.6,retail,card
T006119,C0088,2026-02-04,-16.07,transport,card
T006217,C0089,2026-02-04,-19.43,transport,card
T006317,C0090,2026-02-04,-106.76,retail,card
T006440,C0092,2026-02-04,-90.34,groceries,card
T006444,C0092,2026-02-04,-94.8,retail,card
T006611,C0094,2026-02-04,-179.69,transfer_out,app_transfer
T006612,C0094,2026-02-04,-28.45,retail,card
T006707,C0095,2026-02-04,-32.5,groceries,card
T007386,C0107,2026-02-04,-53.74,dining,card
T007412,C0108,2026-02-04,-31.39,dining,card
T007478,C0109,2026-02-04,-22.38,subscription,direct_debit
T007896,C0115,2026-02-04,783.74,salary,inbound_transfer
T008037,C0117,2026-02-04,-28.61,dining,card
T008197,C0119,2026-02-04,-45.17,dining,card
T008363,C0121,2026-02-04,-7.63,transport,card
T008951,C0130,2026-02-04,-75.61,retail,card
T009189,C0133,2026-02-04,-53.18,groceries,card
T009290,C0134,2026-02-04,-14.33,subscription,direct_debit
T009435,C0136,2026-02-04,3134.6,salary,inbound_transfer
T009439,C0136,2026-02-04,-6.1,transport,card
T009446,C0136,2026-02-04,-51.74,groceries,card
T009503,C0137,2026-02-04,-6.85,transport,card
T009625,C0139,2026-02-04,-17.49,subscription,direct_debit
T009902,C0143,2026-02-04,-13.11,transport,card
T010310,C0150,2026-02-04,-29.68,transport,card
T010591,C0153,2026-02-04,-38.93,utilities,direct_debit
T011082,C0160,2026-02-04,-337.06,transfer_out,app_transfer
T011088,C0160,2026-02-04,-14.61,transport,card
T011302,C0163,2026-02-04,-108.5,utilities,direct_debit
T011385,C0164,2026-02-04,-86.02,retail,card
T011593,C0167,2026-02-04,-26.16,dining,card
T012346,C0177,2026-02-04,-15.88,dining,card
T012350,C0177,2026-02-04,-20.57,dining,card
T012625,C0182,2026-02-04,1303.65,salary,inbound_transfer
T012711,C0183,2026-02-04,-192.34,utilities,direct_debit
T012990,C0187,2026-02-04,3505.2,salary,inbound_transfer
T013060,C0188,2026-02-04,-17.66,subscription,direct_debit
T013164,C0189,2026-02-04,-13.59,transport,card
T013318,C0191,2026-02-04,-8.63,subscription,direct_debit
T013426,C0193,2026-02-04,-29.08,dining,card
T013428,C0193,2026-02-04,-64.94,cash_withdrawal,atm
T013433,C0193,2026-02-04,-337.71,transfer_out,app_transfer
T013509,C0194,2026-02-04,-96.98,utilities,direct_debit
T013535,C0195,2026-02-04,-94.65,retail,card
T013777,C0198,2026-02-04,-22.53,subscription,direct_debit
T013887,C0200,2026-02-04,789.87,salary,inbound_transfer
T000017,C0001,2026-02-05,-29.67,groceries,card
T000522,C0009,2026-02-05,-36.82,retail,card
T000526,C0009,2026-02-05,-73.94,groceries,card
T000653,C0011,2026-02-05,-173.05,transfer_out,app_transfer
T000920,C0015,2026-02-05,-48.87,dining,card
T000974,C0016,2026-02-05,-69.01,cash_withdrawal,atm
T001696,C0025,2026-02-05,-88.99,utilities,direct_debit
T001701,C0025,2026-02-05,-22.5,transport,card
T001702,C0025,2026-02-05,-79.89,retail,card
T001892,C0028,2026-02-05,-21.52,subscription,direct_debit
T002057,C0030,2026-02-05,-25.57,dining,card
T002060,C0030,2026-02-05,-39.09,dining,card
T002067,C0030,2026-02-05,-206.55,utilities,direct_debit
T002068,C0030,2026-02-05,-165.65,utilities,direct_debit
T002157,C0031,2026-02-05,-22.33,cash_withdrawal,atm
T002226,C0032,2026-02-05,-77.46,groceries,card
T002228,C0032,2026-02-05,-338.92,transfer_out,app_transfer
T002348,C0034,2026-02-05,-180.89,utilities,direct_debit
T002498,C0037,2026-02-05,1514.66,salary,inbound_transfer
T002605,C0038,2026-02-05,-151.3,transfer_out,app_transfer
T002663,C0039,2026-02-05,-82.44,utilities,direct_debit
T002750,C0040,2026-02-05,-79.56,cash_withdrawal,atm
T003277,C0048,2026-02-05,-124.82,retail,card
T003392,C0050,2026-02-05,-28.0,dining,card
T003495,C0051,2026-02-05,-66.15,groceries,card
T003500,C0051,2026-02-05,-41.18,retail,card
T003501,C0051,2026-02-05,-59.32,groceries,card
T003793,C0054,2026-02-05,-96.6,transfer_out,app_transfer
T003851,C0055,2026-02-05,-40.88,retail,card
T004028,C0058,2026-02-05,-34.43,dining,card
T004359,C0064,2026-02-05,-16.85,transport,card
T004481,C0066,2026-02-05,2640.73,salary,inbound_transfer
T004762,C0070,2026-02-05,-16.55,transport,card
T004764,C0070,2026-02-05,-19.24,dining,card
T004848,C0071,2026-02-05,-6.13,transport,card
T005087,C0074,2026-02-05,-62.58,retail,card
T005176,C0075,2026-02-05,-73.44,groceries,card
T005274,C0076,2026-02-05,-16.49,subscription,direct_debit
T005278,C0076,2026-02-05,-22.0,subscription,direct_debit
T005359,C0077,2026-02-05,-107.7,retail,card
T005369,C0077,2026-02-05,-24.96,groceries,card
T005503,C0079,2026-02-05,-249.81,transfer_out,app_transfer
T005748,C0082,2026-02-05,4478.08,salary,inbound_transfer
T005753,C0082,2026-02-05,-17.24,transport,card
T005894,C0085,2026-02-05,-15.92,subscription,direct_debit
T005896,C0085,2026-02-05,-24.15,dining,card
T006122,C0088,2026-02-05,-14.06,transport,card
T006531,C0093,2026-02-05,-9.86,subscription,direct_debit
T006708,C0095,2026-02-05,-55.46,dining,card
T006928,C0098,2026-02-05,-87.95,transfer_out,app_transfer
T007136,C0102,2026-02-05,-385.04,transfer_out,app_transfer
T007349,C0106,2026-02-05,-103.45,retail,card
T007420,C0108,2026-02-05,-67.47,utilities,direct_debit
T007481,C0109,2026-02-05,-28.12,dining,card
T007629,C0111,2026-02-05,-19.01,transport,card
T007814,C0113,2026-02-05,-186.91,transfer_out,app_transfer
T007851,C0114,2026-02-05,-24.17,transport,card
T007857,C0114,2026-02-05,-14.64,subscription,direct_debit
T007897,C0115,2026-02-05,-14.32,transport,card
T008198,C0119,2026-02-05,-41.04,groceries,card
T008369,C0121,2026-02-05,-5.36,subscription,direct_debit
T008637,C0126,2026-02-05,-92.44,retail,card
T008711,C0127,2026-02-05,-63.37,utilities,direct_debit
T009026,C0131,2026-02-05,-68.38,cash_withdrawal,atm
T009091,C0132,2026-02-05,-39.1,retail,card
T009288,C0134,2026-02-05,-95.79,utilities,direct_debit
T009438,C0136,2026-02-05,-90.54,groceries,card
T009448,C0136,2026-02-05,-161.05,utilities,direct_debit
T009505,C0137,2026-02-05,-59.72,dining,card
T009618,C0139,2026-02-05,-48.84,retail,card
T009718,C0141,2026-02-05,-20.95,groceries,card
T009945,C0144,2026-02-05,-60.88,cash_withdrawal,atm
T010067,C0146,2026-02-05,-41.56,retail,card
T010131,C0147,2026-02-05,-87.94,groceries,card
T010411,C0151,2026-02-05,-90.68,groceries,card
T010517,C0152,2026-02-05,-127.37,retail,card
T010589,C0153,2026-02-05,-23.43,dining,card
T010662,C0154,2026-02-05,-95.05,retail,card
T010908,C0157,2026-02-05,-285.77,transfer_out,app_transfer
T011521,C0166,2026-02-05,-259.16,transfer_out,app_transfer
T011596,C0167,2026-02-05,-25.85,groceries,card
T011875,C0170,2026-02-05,-58.17,dining,card
T012027,C0172,2026-02-05,-57.63,groceries,card
T012059,C0173,2026-02-05,-28.65,dining,card
T012402,C0178,2026-02-05,-30.95,retail,card
T012452,C0179,2026-02-05,3387.57,salary,inbound_transfer
T012519,C0180,2026-02-05,-55.51,dining,card
T012525,C0180,2026-02-05,-39.93,groceries,card
T012914,C0186,2026-02-05,-51.73,dining,card
T013580,C0196,2026-02-05,-68.54,retail,card
T013841,C0199,2026-02-05,1117.14,salary,inbound_transfer
T000146,C0003,2026-02-06,-25.38,groceries,card
T000206,C0004,2026-02-06,3860.74,salary,inbound_transfer
T000212,C0004,2026-02-06,-29.72,dining,card
T000293,C0005,2026-02-06,-88.59,transfer_out,app_transfer
T000339,C0006,2026-02-06,-64.3,retail,card
T000340,C0006,2026-02-06,-57.77,groceries,card
T000442,C0007,2026-02-06,-85.38,retail,card
T000596,C0010,2026-02-06,-29.9,transport,card
T000804,C0013,2026-02-06,-265.18,transfer_out,app_transfer
T001211,C0019,2026-02-06,1177.55,salary,inbound_transfer
T001434,C0022,2026-02-06,1553.45,salary,inbound_transfer
T001508,C0023,2026-02-06,-10.18,transport,card
T001511,C0023,2026-02-06,-60.39,groceries,card
T001699,C0025,2026-02-06,-146.5,utilities,direct_debit
T001708,C0025,2026-02-06,-261.22,transfer_out,app_transfer
T001749,C0026,2026-02-06,-126.6,retail,card
T001890,C0028,2026-02-06,-120.04,retail,card
T001971,C0029,2026-02-06,-24.63,transport,card
T002055,C0030,2026-02-06,3628.79,salary,inbound_transfer
T002056,C0030,2026-02-06,-37.54,groceries,card
T002430,C0036,2026-02-06,-21.5,transport,card
T002614,C0038,2026-02-06,-58.09,groceries,card
T002657,C0039,2026-02-06,-29.24,transport,card
T002948,C0043,2026-02-06,-67.24,groceries,card
T003064,C0045,2026-02-06,-165.15,utilities,direct_debit
T003197,C0047,2026-02-06,3721.61,salary,inbound_transfer
T003490,C0051,2026-02-06,-22.95,transport,card
T003686,C0053,2026-02-06,-137.44,utilities,direct_debit
T003843,C0055,2026-02-06,4019.86,salary,inbound_transfer
T003932,C0056,2026-02-06,-21.78,subscription,direct_debit
T003943,C0056,2026-02-06,-11.34,transport,card
T003944,C0056,2026-02-06,-34.67,dining,card
T004096,C0060,2026-02-06,-57.75,dining,card
T004203,C0062,2026-02-06,-20.83,transport,card
T004355,C0064,2026-02-06,-71.85,retail,card
T004357,C0064,2026-02-06,-60.51,retail,card
T004563,C0067,2026-02-06,-5.17,subscription,direct_debit
T004615,C0068,2026-02-06,-67.4,groceries,card
T004616,C0068,2026-02-06,-29.77,transport,card
T004929,C0072,2026-02-06,-88.12,groceries,card
T004994,C0073,2026-02-06,-89.82,groceries,card
T005179,C0075,2026-02-06,-122.05,transfer_out,app_transfer
T005505,C0079,2026-02-06,-60.47,groceries,card
T005506,C0079,2026-02-06,-75.12,retail,card
T005595,C0080,2026-02-06,-29.04,transport,card
T005757,C0082,2026-02-06,-35.87,dining,card
T005809,C0083,2026-02-06,-26.59,groceries,card
T005898,C0085,2026-02-06,-103.79,retail,card
T006076,C0087,2026-02-06,-21.46,transport,card
T006388,C0091,2026-02-06,-13.74,transport,card
T006709,C0095,2026-02-06,-37.99,retail,card
T006773,C0096,2026-02-06,-137.85,transfer_out,app_transfer
T006916,C0098,2026-02-06,-303.52,transfer_out,app_transfer
T007018,C0099,2026-02-06,-54.03,dining,card
T007241,C0104,2026-02-06,-22.51,transport,card
T007413,C0108,2026-02-06,-43.03,groceries,card
T007414,C0108,2026-02-06,-47.7,utilities,direct_debit
T007471,C0109,2026-02-06,-109.11,retail,card
T007480,C0109,2026-02-06,-85.45,groceries,card
T007732,C0112,2026-02-06,-48.84,dining,card
T007898,C0115,2026-02-06,-17.86,subscription,direct_debit
T008269,C0120,2026-02-06,4705.42,salary,inbound_transfer
T008275,C0120,2026-02-06,-73.53,groceries,card
T008545,C0125,2026-02-06,-11.93,transport,card
T008638,C0126,2026-02-06,-27.35,transport,card
T008788,C0128,2026-02-06,-17.0,dining,card
T008793,C0128,2026-02-06,-89.29,retail,card
T008950,C0130,2026-02-06,-86.21,groceries,card
T009093,C0132,2026-02-06,-8.42,transport,card
T009507,C0137,2026-02-06,-88.03,groceries,card
T009619,C0139,2026-02-06,-6.62,subscription,direct_debit
T009639,C0140,2026-02-06,-17.65,dining,card
T009722,C0141,2026-02-06,-86.34,retail,card
T010132,C0147,2026-02-06,-15.89,transport,card
T010509,C0152,2026-02-06,-69.22,cash_withdrawal,atm
T010906,C0157,2026-02-06,-17.11,dining,card
T011036,C0159,2026-02-06,-65.99,utilities,direct_debit
T011038,C0159,2026-02-06,-42.02,dining,card
T011110,C0161,2026-02-06,-67.96,groceries,card
T011520,C0166,2026-02-06,-21.23,groceries,card
T012023,C0172,2026-02-06,-54.05,groceries,card
T012058,C0173,2026-02-06,-154.17,utilities,direct_debit
T012101,C0174,2026-02-06,-207.63,utilities,direct_debit
T012108,C0174,2026-02-06,-163.87,utilities,direct_debit
T012255,C0176,2026-02-06,4056.81,salary,inbound_transfer
T012463,C0179,2026-02-06,-43.16,groceries,card
T012528,C0180,2026-02-06,-35.58,groceries,card
T012572,C0181,2026-02-06,-24.44,subscription,direct_debit
T012579,C0181,2026-02-06,-40.82,groceries,card
T012833,C0185,2026-02-06,-5.02,subscription,direct_debit
T012916,C0186,2026-02-06,-208.11,transfer_out,app_transfer
T013061,C0188,2026-02-06,-28.42,dining,card
T013063,C0188,2026-02-06,-77.3,groceries,card
T013151,C0189,2026-02-06,783.52,salary,inbound_transfer
T013157,C0189,2026-02-06,-73.3,retail,card
T013309,C0191,2026-02-06,-30.99,dining,card
T013342,C0192,2026-02-06,-19.41,dining,card
T013781,C0198,2026-02-06,-81.74,retail,card
T000289,C0005,2026-02-07,-36.84,groceries,card
T000346,C0006,2026-02-07,-18.4,groceries,card
T000532,C0009,2026-02-07,-21.09,subscription,direct_debit
T000646,C0011,2026-02-07,-66.52,cash_withdrawal,atm
T000871,C0014,2026-02-07,-100.82,cash_withdrawal,atm
T000914,C0015,2026-02-07,-87.33,groceries,card
T000986,C0016,2026-02-07,-27.59,transport,card
T001068,C0017,2026-02-07,-25.23,transport,card
T001212,C0019,2026-02-07,1244.37,salary,inbound_transfer
T001596,C0024,2026-02-07,-25.0,retail,card
T001706,C0025,2026-02-07,-306.88,transfer_out,app_transfer
T001748,C0026,2026-02-07,-29.71,transport,card
T001752,C0026,2026-02-07,-20.23,transport,card
T001754,C0026,2026-02-07,-99.79,retail,card
T001819,C0027,2026-02-07,3337.92,salary,inbound_transfer
T001969,C0029,2026-02-07,3712.53,salary,inbound_transfer
T002359,C0034,2026-02-07,-87.5,retail,card
T002753,C0040,2026-02-07,-14.94,dining,card
T003022,C0044,2026-02-07,983.82,salary,inbound_transfer
T003025,C0044,2026-02-07,-382.85,transfer_out,app_transfer
T003202,C0047,2026-02-07,-6.02,transport,card
T003390,C0050,2026-02-07,-91.64,groceries,card
T003689,C0053,2026-02-07,-209.33,transfer_out,app_transfer
T003845,C0055,2026-02-07,-51.24,groceries,card
T003852,C0055,2026-02-07,-49.66,dining,card
T004044,C0059,2026-02-07,1459.5,salary,inbound_transfer
T004420,C0065,2026-02-07,-7.13,transport,card
T004422,C0065,2026-02-07,-33.97,groceries,card
T004693,C0069,2026-02-07,-36.22,retail,card
T004931,C0072,2026-02-07,-5.9,transport,card
T004991,C0073,2026-02-07,3829.5,salary,inbound_transfer
T004992,C0073,2026-02-07,-89.3,transfer_out,app_transfer
T005352,C0077,2026-02-07,4351.34,salary,inbound_transfer
T005457,C0078,2026-02-07,-111.71,retail,card
T005673,C0081,2026-02-07,-17.58,transport,card
T006221,C0089,2026-02-07,-28.89,transport,card
T006308,C0090,2026-02-07,-17.32,transport,card
T006438,C0092,2026-02-07,-13.34,transport,card
T006439,C0092,2026-02-07,-235.02,transfer_out,app_transfer
T006771,C0096,2026-02-07,-27.13,transport,card
T007015,C0099,2026-02-07,-46.87,groceries,card
T007105,C0101,2026-02-07,-129.93,utilities,direct_debit
T007165,C0103,2026-02-07,-29.81,cash_withdrawal,atm
T007238,C0104,2026-02-07,-61.76,retail,card
T007580,C0110,2026-02-07,-58.17,dining,card
T007581,C0110,2026-02-07,-53.78,groceries,card
T007812,C0113,2026-02-07,-49.28,groceries,card
T007852,C0114,2026-02-07,-42.79,cash_withdrawal,atm
T008358,C0121,2026-02-07,-16.47,dining,card
T008437,C0123,2026-02-07,-147.08,transfer_out,app_transfer
T008440,C0123,2026-02-07,-18.63,groceries,card
T008468,C0124,2026-02-07,-44.69,retail,card
T008794,C0128,2026-02-07,-63.54,utilities,direct_debit
T009021,C0131,2026-02-07,-63.96,retail,card
T009025,C0131,2026-02-07,-57.96,groceries,card
T009095,C0132,2026-02-07,-28.38,transport,card
T009096,C0132,2026-02-07,-20.7,transport,card
T009641,C0140,2026-02-07,-78.41,groceries,card
T009723,C0141,2026-02-07,-21.97,subscription,direct_debit
T009895,C0143,2026-02-07,4409.22,salary,inbound_transfer
T009985,C0145,2026-02-07,-132.68,utilities,direct_debit
T010396,C0151,2026-02-07,1220.17,salary,inbound_transfer
T010817,C0156,2026-02-07,2866.37,salary,inbound_transfer
T011035,C0159,2026-02-07,-28.79,transport,card
T011084,C0160,2026-02-07,-100.91,retail,card
T011225,C0162,2026-02-07,3822.31,salary,inbound_transfer
T011453,C0165,2026-02-07,-220.61,transfer_out,app_transfer
T012112,C0174,2026-02-07,-67.49,groceries,card
T012206,C0175,2026-02-07,-77.82,retail,card
T012521,C0180,2026-02-07,-20.89,subscription,direct_debit
T012627,C0182,2026-02-07,-71.93,groceries,card
T012798,C0184,2026-02-07,-80.04,groceries,card
T012827,C0185,2026-02-07,-29.08,dining,card
T012830,C0185,2026-02-07,-13.98,dining,card
T012835,C0185,2026-02-07,-21.85,transport,card
T012913,C0186,2026-02-07,4132.03,salary,inbound_transfer
T013152,C0189,2026-02-07,815.36,salary,inbound_transfer
T013220,C0190,2026-02-07,-69.95,retail,card
T013222,C0190,2026-02-07,-22.47,groceries,card
T013341,C0192,2026-02-07,-41.04,dining,card
T013435,C0193,2026-02-07,-60.96,retail,card
T013436,C0193,2026-02-07,-58.84,dining,card
T013588,C0196,2026-02-07,-323.13,transfer_out,app_transfer
T013684,C0197,2026-02-07,-12.15,transport,card
T013779,C0198,2026-02-07,-97.13,retail,card
T013847,C0199,2026-02-07,-44.82,cash_withdrawal,atm
T000593,C0010,2026-02-08,-104.13,cash_withdrawal,atm
T000652,C0011,2026-02-08,-20.35,transport,card
T000879,C0014,2026-02-08,-288.09,transfer_out,app_transfer
T001214,C0019,2026-02-08,-65.7,groceries,card
T001218,C0019,2026-02-08,-130.78,transfer_out,app_transfer
T002155,C0031,2026-02-08,-41.01,retail,card
T002158,C0031,2026-02-08,-24.57,cash_withdrawal,atm
T002223,C0032,2026-02-08,-18.89,transport,card
T002413,C0035,2026-02-08,-173.11,transfer_out,app_transfer
T002438,C0036,2026-02-08,-15.77,transport,card
T002751,C0040,2026-02-08,-37.0,cash_withdrawal,atm
T002945,C0043,2026-02-08,-22.27,groceries,card
T003068,C0045,2026-02-08,-11.29,transport,card
T003598,C0052,2026-02-08,-27.58,transport,card
T003794,C0054,2026-02-08,-21.06,subscription,direct_debit
T004491,C0066,2026-02-08,-25.18,subscription,direct_debit
T004567,C0067,2026-02-08,-24.21,transport,card
T004703,C0069,2026-02-08,-89.78,retail,card
T004707,C0069,2026-02-08,-121.08,retail,card
T005001,C0073,2026-02-08,-48.57,groceries,card
T005082,C0074,2026-02-08,-23.96,transport,card
T005270,C0076,2026-02-08,-37.16,retail,card
T005357,C0077,2026-02-08,-52.65,retail,card
T005362,C0077,2026-02-08,-114.19,utilities,direct_debit
T005454,C0078,2026-02-08,-102.78,utilities,direct_debit
T005669,C0081,2026-02-08,-26.06,groceries,card
T005810,C0083,2026-02-08,-31.08,retail,card
T006214,C0089,2026-02-08,1187.6,salary,inbound_transfer
T006443,C0092,2026-02-08,-41.81,dining,card
T006701,C0095,2026-02-08,1987.11,salary,inbound_transfer
T006779,C0096,2026-02-08,-13.4,dining,card
T006923,C0098,2026-02-08,-96.45,cash_withdrawal,atm
T006927,C0098,2026-02-08,-26.12,retail,card
T007069,C0100,2026-02-08,-26.46,cash_withdrawal,atm
T007108,C0101,2026-02-08,-126.09,retail,card
T007168,C0103,2026-02-08,-70.91,groceries,card
T007417,C0108,2026-02-08,-23.1,transport,card
T007858,C0114,2026-02-08,-90.13,groceries,card
T007899,C0115,2026-02-08,-341.3,transfer_out,app_transfer
T007976,C0116,2026-02-08,-96.13,retail,card
T008200,C0119,2026-02-08,-77.9,retail,card
T008362,C0121,2026-02-08,-28.59,transport,card
T008438,C0123,2026-02-08,-10.86,transport,card
T008465,C0124,2026-02-08,-85.02,groceries,card
T008467,C0124,2026-02-08,-20.82,dining,card
T008469,C0124,2026-02-08,-41.11,retail,card
T008542,C0125,2026-02-08,-76.0,groceries,card
T009017,C0131,2026-02-08,-40.84,cash_withdrawal,atm
T009094,C0132,2026-02-08,-48.25,groceries,card
T009193,C0133,2026-02-08,-82.38,transfer_out,app_transfer
T009200,C0133,2026-02-08,-20.16,transport,card
T009726,C0141,2026-02-08,-63.9,groceries,card
T010153,C0148,2026-02-08,-296.33,transfer_out,app_transfer
T010513,C0152,2026-02-08,-65.31,groceries,card
T010904,C0157,2026-02-08,-318.93,transfer_out,app_transfer
T011301,C0163,2026-02-08,-6.15,subscription,direct_debit
T011683,C0168,2026-02-08,-26.0,transport,card
T011689,C0168,2026-02-08,-34.53,retail,card
T011693,C0168,2026-02-08,-28.51,transport,card
T011794,C0169,2026-02-08,-51.75,dining,card
T011796,C0169,2026-02-08,-11.41,subscription,direct_debit
T012025,C0172,2026-02-08,-31.57,groceries,card
T012104,C0174,2026-02-08,-26.87,dining,card
T012351,C0177,2026-02-08,-163.36,utilities,direct_debit
T012825,C0185,2026-02-08,-48.2,dining,card
T013069,C0188,2026-02-08,-188.26,utilities,direct_debit
T013165,C0189,2026-02-08,-103.17,retail,card
T013219,C0190,2026-02-08,3025.98,salary,inbound_transfer
T013340,C0192,2026-02-08,-57.85,groceries,card
T000452,C0008,2026-02-09,2852.19,salary,inbound_transfer
T000595,C0010,2026-02-09,-24.55,transport,card
T000979,C0016,2026-02-09,-16.73,subscription,direct_debit
T000982,C0016,2026-02-09,-74.44,retail,card
T001053,C0017,2026-02-09,828.37,salary,inbound_transfer
T001058,C0017,2026-02-09,-96.38,retail,card
T001323,C0020,2026-02-09,-86.49,retail,card
T001324,C0020,2026-02-09,-60.96,groceries,card
T001751,C0026,2026-02-09,-59.82,retail,card
T001828,C0027,2026-02-09,-79.44,groceries,card
T001886,C0028,2026-02-09,-15.45,dining,card
T002059,C0030,2026-02-09,-14.02,subscription,direct_debit
T002061,C0030,2026-02-09,-15.04,subscription,direct_debit
T002071,C0030,2026-02-09,-40.12,groceries,card
T002159,C0031,2026-02-09,-18.55,dining,card
T002227,C0032,2026-02-09,-33.2,dining,card
T002437,C0036,2026-02-09,-46.18,dining,card
T002662,C0039,2026-02-09,-57.51,dining,card
T002756,C0040,2026-02-09,-24.04,retail,card
T002871,C0042,2026-02-09,-48.11,dining,card
T002947,C0043,2026-02-09,-38.37,dining,card
T003381,C0050,2026-02-09,-93.88,retail,card
T003383,C0050,2026-02-09,-15.94,dining,card
T004093,C0060,2026-02-09,-97.61,retail,card
T004345,C0064,2026-02-09,-85.85,groceries,card
T004358,C0064,2026-02-09,-17.47,groceries,card
T004620,C0068,2026-02-09,-374.57,transfer_out,app_transfer
T004706,C0069,2026-02-09,-90.08,groceries,card
T004927,C0072,2026-02-09,-16.5,dining,card
T005084,C0074,2026-02-09,-43.37,retail,card
T005353,C0077,2026-02-09,-121.08,retail,card
T005797,C0083,2026-02-09,2092.56,salary,inbound_transfer
T005867,C0084,2026-02-09,-55.56,groceries,card
T005869,C0084,2026-02-09,-41.06,dining,card
T005889,C0085,2026-02-09,-23.09,subscription,direct_debit
T006081,C0087,2026-02-09,-78.88,retail,card
T006215,C0089,2026-02-09,-143.91,utilities,direct_debit
T006320,C0090,2026-02-09,-20.84,groceries,card
T006391,C0091,2026-02-09,-19.68,transport,card
T006537,C0093,2026-02-09,-6.51,transport,card
T006603,C0094,2026-02-09,910.7,salary,inbound_transfer
T006778,C0096,2026-02-09,-296.03,transfer_out,app_transfer
T006919,C0098,2026-02-09,-50.61,retail,card
T006924,C0098,2026-02-09,-153.11,utilities,direct_debit
T007131,C0102,2026-02-09,-69.52,groceries,card
T007133,C0102,2026-02-09,-17.02,groceries,card
T007160,C0103,2026-02-09,-20.85,groceries,card
T007380,C0107,2026-02-09,-23.36,subscription,direct_debit
T007628,C0111,2026-02-09,-25.77,dining,card
T007989,C0116,2026-02-09,-10.23,transport,card
T008123,C0118,2026-02-09,-31.39,dining,card
T008407,C0122,2026-02-09,-39.24,groceries,card
T008643,C0126,2026-02-09,-19.08,transport,card
T008713,C0127,2026-02-09,-41.4,cash_withdrawal,atm
T008785,C0128,2026-02-09,-26.08,retail,card
T008887,C0129,2026-02-09,-84.72,utilities,direct_debit
T008888,C0129,2026-02-09,-62.73,groceries,card
T009190,C0133,2026-02-09,-73.4,groceries,card
T009506,C0137,2026-02-09,-71.86,groceries,card
T009646,C0140,2026-02-09,-61.08,dining,card
T009896,C0143,2026-02-09,-27.77,transport,card
T009901,C0143,2026-02-09,-74.86,utilities,direct_debit
T009903,C0143,2026-02-09,-120.62,retail,card
T009906,C0143,2026-02-09,-19.63,subscription,direct_debit
T009986,C0145,2026-02-09,-60.39,cash_withdrawal,atm
T010066,C0146,2026-02-09,-113.59,transfer_out,app_transfer
T010128,C0147,2026-02-09,-23.4,groceries,card
T010133,C0147,2026-02-09,-18.72,groceries,card
T010134,C0147,2026-02-09,-7.38,transport,card
T010506,C0152,2026-02-09,-22.42,dining,card
T010822,C0156,2026-02-09,-64.81,groceries,card
T011117,C0161,2026-02-09,-364.03,transfer_out,app_transfer
T011304,C0163,2026-02-09,-14.87,transport,card
T011387,C0164,2026-02-09,-133.36,utilities,direct_debit
T011452,C0165,2026-02-09,878.92,salary,inbound_transfer
T011522,C0166,2026-02-09,-79.28,groceries,card
T011589,C0167,2026-02-09,-21.44,transport,card
T011695,C0168,2026-02-09,-122.16,transfer_out,app_transfer
T011954,C0171,2026-02-09,-80.98,groceries,card
T012344,C0177,2026-02-09,-79.69,retail,card
T012399,C0178,2026-02-09,-41.75,groceries,card
T012565,C0181,2026-02-09,-20.41,dining,card
T012568,C0181,2026-02-09,-25.06,subscription,direct_debit
T012635,C0182,2026-02-09,-337.15,transfer_out,app_transfer
T012638,C0182,2026-02-09,-195.84,utilities,direct_debit
T012998,C0187,2026-02-09,-52.78,dining,card
T013158,C0189,2026-02-09,-82.23,groceries,card
T013162,C0189,2026-02-09,-61.27,dining,card
T013541,C0195,2026-02-09,-177.14,transfer_out,app_transfer
T013686,C0197,2026-02-09,-340.18,transfer_out,app_transfer
T013786,C0198,2026-02-09,-45.48,cash_withdrawal,atm
T000015,C0001,2026-02-10,-81.41,utilities,direct_debit
T000347,C0006,2026-02-10,-55.85,groceries,card
T000441,C0007,2026-02-10,-85.71,retail,card
T000975,C0016,2026-02-10,-54.75,groceries,card
T001318,C0020,2026-02-10,-8.29,subscription,direct_debit
T001358,C0021,2026-02-10,-31.52,dining,card
T001691,C0025,2026-02-10,1941.5,salary,inbound_transfer
T001820,C0027,2026-02-10,-44.66,dining,card
T001887,C0028,2026-02-10,-6.91,transport,card
T003066,C0045,2026-02-10,-77.84,retail,card
T003200,C0047,2026-02-10,-96.18,retail,card
T003204,C0047,2026-02-10,-256.04,transfer_out,app_transfer
T003374,C0050,2026-02-10,1317.32,salary,inbound_transfer
T003680,C0053,2026-02-10,-60.88,dining,card
T003693,C0053,2026-02-10,-28.23,transport,card
T004182,C0061,2026-02-10,-42.83,utilities,direct_debit
T004294,C0063,2026-02-10,-20.86,dining,card
T004295,C0063,2026-02-10,-32.37,dining,card
T004351,C0064,2026-02-10,-20.55,dining,card
T004484,C0066,2026-02-10,-42.22,groceries,card
T004487,C0066,2026-02-10,-21.55,transport,card
T004618,C0068,2026-02-10,-13.04,dining,card
T004691,C0069,2026-02-10,-9.41,transport,card
T004844,C0071,2026-02-10,-98.52,retail,card
T004846,C0071,2026-02-10,-367.55,transfer_out,app_transfer
T005590,C0080,2026-02-10,-85.6,groceries,card
T005798,C0083,2026-02-10,1818.01,salary,inbound_transfer
T005866,C0084,2026-02-10,-40.47,dining,card
T006387,C0091,2026-02-10,-26.16,transport,card
T006704,C0095,2026-02-10,-166.46,utilities,direct_debit
T007348,C0106,2026-02-10,-39.66,dining,card
T007585,C0110,2026-02-10,-15.4,transport,card
T007726,C0112,2026-02-10,4160.41,salary,inbound_transfer
T007901,C0115,2026-02-10,-47.34,groceries,card
T007979,C0116,2026-02-10,-28.32,retail,card
T008470,C0124,2026-02-10,-27.51,dining,card
T008472,C0124,2026-02-10,-186.33,utilities,direct_debit
T008884,C0129,2026-02-10,-33.11,groceries,card
T009089,C0132,2026-02-10,-22.38,subscription,direct_debit
T009201,C0133,2026-02-10,-188.07,transfer_out,app_transfer
T009202,C0133,2026-02-10,-68.78,groceries,card
T009443,C0136,2026-02-10,-60.43,dining,card
T009510,C0137,2026-02-10,-27.3,transport,card
T009550,C0138,2026-02-10,-76.85,groceries,card
T009558,C0138,2026-02-10,-19.52,subscription,direct_debit
T009620,C0139,2026-02-10,-144.69,transfer_out,app_transfer
T009622,C0139,2026-02-10,-8.85,transport,card
T009624,C0139,2026-02-10,-83.84,retail,card
T009640,C0140,2026-02-10,-57.57,retail,card
T009803,C0142,2026-02-10,-104.57,retail,card
T009940,C0144,2026-02-10,-27.84,groceries,card
T010149,C0148,2026-02-10,1490.29,salary,inbound_transfer
T010236,C0149,2026-02-10,-108.44,retail,card
T010298,C0150,2026-02-10,-37.95,cash_withdrawal,atm
T010312,C0150,2026-02-10,-58.51,groceries,card
T010397,C0151,2026-02-10,1159.68,salary,inbound_transfer
T010508,C0152,2026-02-10,-11.12,subscription,direct_debit
T010658,C0154,2026-02-10,-40.8,groceries,card
T010823,C0156,2026-02-10,-56.46,dining,card
T011229,C0162,2026-02-10,-74.43,groceries,card
T011232,C0162,2026-02-10,-6.4,transport,card
T011384,C0164,2026-02-10,-56.76,cash_withdrawal,atm
T011590,C0167,2026-02-10,-20.79,groceries,card
T011955,C0171,2026-02-10,-34.96,dining,card
T012028,C0172,2026-02-10,-87.97,groceries,card
T012054,C0173,2026-02-10,4051.95,salary,inbound_transfer
T012057,C0173,2026-02-10,-20.13,dining,card
T012343,C0177,2026-02-10,-23.19,transport,card
T012347,C0177,2026-02-10,-38.0,groceries,card
T012578,C0181,2026-02-10,-29.01,transport,card
T013427,C0193,2026-02-10,-43.09,dining,card
T013681,C0197,2026-02-10,-24.89,transport,card
T013775,C0198,2026-02-10,2932.91,salary,inbound_transfer
T013787,C0198,2026-02-10,-149.54,transfer_out,app_transfer
T000142,C0003,2026-02-11,-39.51,groceries,card
T000285,C0005,2026-02-11,-30.23,groceries,card
T000597,C0010,2026-02-11,-28.62,transport,card
T000747,C0012,2026-02-11,-79.25,groceries,card
T000913,C0015,2026-02-11,1016.02,salary,inbound_transfer
T000917,C0015,2026-02-11,-140.43,transfer_out,app_transfer
T001064,C0017,2026-02-11,-41.63,dining,card
T001220,C0019,2026-02-11,-46.74,dining,card
T001322,C0020,2026-02-11,-26.15,transport,card
T001507,C0023,2026-02-11,3156.61,salary,inbound_transfer
T002154,C0031,2026-02-11,-21.34,transport,card
T003119,C0046,2026-02-11,-12.91,transport,card
T003121,C0046,2026-02-11,-23.41,groceries,card
T003498,C0051,2026-02-11,-291.34,transfer_out,app_transfer
T003499,C0051,2026-02-11,-174.97,utilities,direct_debit
T004046,C0059,2026-02-11,-332.14,transfer_out,app_transfer
T004687,C0069,2026-02-11,-206.05,utilities,direct_debit
T005088,C0074,2026-02-11,-75.85,groceries,card
T005447,C0078,2026-02-11,905.24,salary,inbound_transfer
T005756,C0082,2026-02-11,-112.09,retail,card
T005806,C0083,2026-02-11,-318.72,transfer_out,app_transfer
T005895,C0085,2026-02-11,-93.9,cash_withdrawal,atm
T005899,C0085,2026-02-11,-90.03,retail,card
T005991,C0086,2026-02-11,-28.14,transport,card
T005995,C0086,2026-02-11,-170.29,utilities,direct_debit
T006113,C0088,2026-02-11,3017.49,salary,inbound_transfer
T006225,C0089,2026-02-11,-74.57,groceries,card
T006309,C0090,2026-02-11,-108.4,retail,card
T006604,C0094,2026-02-11,820.24,salary,inbound_transfer
T006706,C0095,2026-02-11,-52.95,retail,card
T006774,C0096,2026-02-11,-237.75,transfer_out,app_transfer
T006920,C0098,2026-02-11,-61.6,groceries,card
T007137,C0102,2026-02-11,-67.57,cash_withdrawal,atm
T007339,C0106,2026-02-11,-115.55,retail,card
T007382,C0107,2026-02-11,-223.47,transfer_out,app_transfer
T007388,C0107,2026-02-11,-319.55,transfer_out,app_transfer
T007636,C0111,2026-02-11,-51.46,dining,card
T007638,C0111,2026-02-11,-11.61,dining,card
T007855,C0114,2026-02-11,-31.36,dining,card
T008038,C0117,2026-02-11,-13.81,transport,card
T008039,C0117,2026-02-11,-22.92,transport,card
T008403,C0122,2026-02-11,-84.62,groceries,card
T008473,C0124,2026-02-11,-76.14,groceries,card
T008716,C0127,2026-02-11,-24.13,transport,card
T008947,C0130,2026-02-11,-97.34,cash_withdrawal,atm
T009024,C0131,2026-02-11,-52.38,groceries,card
T009027,C0131,2026-02-11,-24.83,dining,card
T009289,C0134,2026-02-11,-119.68,utilities,direct_debit
T009720,C0141,2026-02-11,-82.89,groceries,card
T010156,C0148,2026-02-11,-289.61,transfer_out,app_transfer
T010232,C0149,2026-02-11,1197.71,salary,inbound_transfer
T010399,C0151,2026-02-11,-70.71,groceries,card
T010406,C0151,2026-02-11,-15.38,subscription,direct_debit
T010514,C0152,2026-02-11,-58.56,groceries,card
T010656,C0154,2026-02-11,846.1,salary,inbound_transfer
T010666,C0154,2026-02-11,-332.15,transfer_out,app_transfer
T010735,C0155,2026-02-11,-21.07,transport,card
T010738,C0155,2026-02-11,-46.79,groceries,card
T011029,C0159,2026-02-11,-38.01,dining,card
T011456,C0165,2026-02-11,-16.97,groceries,card
T011680,C0168,2026-02-11,2677.45,salary,inbound_transfer
T011690,C0168,2026-02-11,-43.24,utilities,direct_debit
T011785,C0169,2026-02-11,1413.65,salary,inbound_transfer
T011801,C0169,2026-02-11,-26.95,transport,card
T012109,C0174,2026-02-11,-74.02,groceries,card
T012259,C0176,2026-02-11,-80.67,retail,card
T012461,C0179,2026-02-11,-59.95,dining,card
T012569,C0181,2026-02-11,-35.0,retail,card
T012712,C0183,2026-02-11,-45.81,groceries,card
T012797,C0184,2026-02-11,-16.54,transport,card
T013431,C0193,2026-02-11,-138.1,utilities,direct_debit
T000092,C0002,2026-02-12,-20.73,groceries,card
T000140,C0003,2026-02-12,2962.17,salary,inbound_transfer
T000443,C0007,2026-02-12,-28.95,retail,card
T000463,C0008,2026-02-12,-45.27,dining,card
T000600,C0010,2026-02-12,-22.86,transport,card
T000643,C0011,2026-02-12,1492.83,salary,inbound_transfer
T000749,C0012,2026-02-12,-54.18,cash_withdrawal,atm
T001060,C0017,2026-02-12,-127.14,utilities,direct_debit
T001067,C0017,2026-02-12,-35.2,cash_withdrawal,atm
T001364,C0021,2026-02-12,-19.03,transport,card
T001437,C0022,2026-02-12,-30.49,dining,card
T002216,C0032,2026-02-12,-144.52,utilities,direct_debit
T002353,C0034,2026-02-12,-31.6,dining,card
T002358,C0034,2026-02-12,-34.52,dining,card
T002499,C0037,2026-02-12,1450.68,salary,inbound_transfer
T002656,C0039,2026-02-12,-29.7,groceries,card
T002748,C0040,2026-02-12,2451.83,salary,inbound_transfer
T002752,C0040,2026-02-12,-79.53,retail,card
T003031,C0044,2026-02-12,-12.16,subscription,direct_debit
T003203,C0047,2026-02-12,-118.62,utilities,direct_debit
T003273,C0048,2026-02-12,-74.89,retail,card
T003378,C0050,2026-02-12,-15.81,transport,card
T003844,C0055,2026-02-12,-9.74,transport,card
T003847,C0055,2026-02-12,-197.76,transfer_out,app_transfer
T004000,C0057,2026-02-12,-104.19,transfer_out,app_transfer
T004002,C0057,2026-02-12,-64.0,retail,card
T004097,C0060,2026-02-12,-54.62,retail,card
T004098,C0060,2026-02-12,-20.34,subscription,direct_debit
T004208,C0062,2026-02-12,-11.38,transport,card
T004416,C0065,2026-02-12,-15.98,dining,card
T004686,C0069,2026-02-12,1400.21,salary,inbound_transfer
T004995,C0073,2026-02-12,-38.42,groceries,card
T004997,C0073,2026-02-12,-177.25,utilities,direct_debit
T004998,C0073,2026-02-12,-8.45,transport,card
T005000,C0073,2026-02-12,-51.6,dining,card
T005086,C0074,2026-02-12,-27.35,transport,card
T005363,C0077,2026-02-12,-78.25,utilities,direct_debit
T005371,C0077,2026-02-12,-40.03,dining,card
T005751,C0082,2026-02-12,-61.36,dining,card
T005807,C0083,2026-02-12,-25.1,subscription,direct_debit
T005864,C0084,2026-02-12,-34.28,groceries,card
T006078,C0087,2026-02-12,-74.19,cash_withdrawal,atm
T006226,C0089,2026-02-12,-49.16,retail,card
T006228,C0089,2026-02-12,-7.93,transport,card
T006305,C0090,2026-02-12,-169.52,utilities,direct_debit
T006435,C0092,2026-02-12,1443.07,salary,inbound_transfer
T006442,C0092,2026-02-12,-23.62,groceries,card
T006538,C0093,2026-02-12,-6.94,subscription,direct_debit
T006703,C0095,2026-02-12,-31.24,groceries,card
T006768,C0096,2026-02-12,-16.13,transport,card
T006776,C0096,2026-02-12,-380.48,transfer_out,app_transfer
T007134,C0102,2026-02-12,-51.24,groceries,card
T007139,C0102,2026-02-12,-22.99,dining,card
T007632,C0111,2026-02-12,-31.73,dining,card
T007975,C0116,2026-02-12,-37.76,retail,card
T008033,C0117,2026-02-12,-9.43,transport,card
T008430,C0123,2026-02-12,772.39,salary,inbound_transfer
T008433,C0123,2026-02-12,-35.25,dining,card
T008435,C0123,2026-02-12,-30.07,dining,card
T008463,C0124,2026-02-12,-43.21,groceries,card
T008541,C0125,2026-02-12,3209.22,salary,inbound_transfer
T008940,C0130,2026-02-12,-315.42,transfer_out,app_transfer
T009088,C0132,2026-02-12,-15.13,subscription,direct_debit
T009194,C0133,2026-02-12,-47.22,groceries,card
T009294,C0134,2026-02-12,-55.13,retail,card
T009556,C0138,2026-02-12,-81.08,utilities,direct_debit
T009636,C0140,2026-02-12,2234.4,salary,inbound_transfer
T009637,C0140,2026-02-12,-88.39,transfer_out,app_transfer
T009797,C0142,2026-02-12,-310.94,transfer_out,app_transfer
T010152,C0148,2026-02-12,-102.32,cash_withdrawal,atm
T010504,C0152,2026-02-12,890.31,salary,inbound_transfer
T010512,C0152,2026-02-12,-25.32,transport,card
T010515,C0152,2026-02-12,-21.99,transport,card
T010587,C0153,2026-02-12,3267.51,salary,inbound_transfer
T010736,C0155,2026-02-12,-73.92,groceries,card
T011080,C0160,2026-02-12,-178.04,utilities,direct_debit
T011087,C0160,2026-02-12,-5.87,transport,card
T011125,C0161,2026-02-12,-25.45,subscription,direct_debit
T011518,C0166,2026-02-12,-111.4,retail,card
T011873,C0170,2026-02-12,3095.78,salary,inbound_transfer
T011879,C0170,2026-02-12,-27.81,groceries,card
T012198,C0175,2026-02-12,-17.0,dining,card
T012201,C0175,2026-02-12,-27.81,groceries,card
T012207,C0175,2026-02-12,-73.49,groceries,card
T012349,C0177,2026-02-12,-22.15,cash_withdrawal,atm
T012464,C0179,2026-02-12,-12.62,dining,card
T012563,C0181,2026-02-12,2738.42,salary,inbound_transfer
T012577,C0181,2026-02-12,-12.44,transport,card
T012580,C0181,2026-02-12,-15.5,subscription,direct_debit
T012718,C0183,2026-02-12,-6.25,transport,card
T013545,C0195,2026-02-12,-392.14,transfer_out,app_transfer
T013584,C0196,2026-02-12,-55.37,retail,card
T013846,C0199,2026-02-12,-70.79,cash_withdrawal,atm
T013889,C0200,2026-02-12,-53.37,groceries,card
T013893,C0200,2026-02-12,-81.56,groceries,card
T000141,C0003,2026-02-13,-5.92,transport,card
T000338,C0006,2026-02-13,-118.56,retail,card
T000438,C0007,2026-02-13,2068.99,salary,inbound_transfer
T000458,C0008,2026-02-13,-52.79,groceries,card
T000521,C0009,2026-02-13,-34.17,retail,card
T000644,C0011,2026-02-13,1546.54,salary,inbound_transfer
T000869,C0014,2026-02-13,1203.97,salary,inbound_transfer
T000873,C0014,2026-02-13,-334.1,transfer_out,app_transfer
T000875,C0014,2026-02-13,-23.61,transport,card
T000876,C0014,2026-02-13,-22.24,groceries,card
T000981,C0016,2026-02-13,-155.15,transfer_out,app_transfer
T001142,C0018,2026-02-13,-55.54,dining,card
T001359,C0021,2026-02-13,-89.71,utilities,direct_debit
T001602,C0024,2026-02-13,-7.89,subscription,direct_debit
T001694,C0025,2026-02-13,-63.95,cash_withdrawal,atm
T002429,C0036,2026-02-13,4307.92,salary,inbound_transfer
T002510,C0037,2026-02-13,-81.06,groceries,card
T002618,C0038,2026-02-13,-19.82,groceries,card
T002869,C0042,2026-02-13,-390.28,transfer_out,app_transfer
T002874,C0042,2026-02-13,-43.59,utilities,direct_debit
T003063,C0045,2026-02-13,1023.67,salary,inbound_transfer
T003379,C0050,2026-02-13,-24.0,dining,card
T003594,C0052,2026-02-13,979.52,salary,inbound_transfer
T003682,C0053,2026-02-13,-58.0,dining,card
T004087,C0060,2026-02-13,-47.14,utilities,direct_debit
T004418,C0065,2026-02-13,-29.15,groceries,card
T004489,C0066,2026-02-13,-185.41,transfer_out,app_transfer
T004692,C0069,2026-02-13,-76.32,groceries,card
T004694,C0069,2026-02-13,-79.54,groceries,card
T004759,C0070,2026-02-13,-70.86,groceries,card
T004842,C0071,2026-02-13,-38.39,groceries,card
T004847,C0071,2026-02-13,-34.1,dining,card
T005358,C0077,2026-02-13,-255.45,transfer_out,app_transfer
T005370,C0077,2026-02-13,-61.76,utilities,direct_debit
T005448,C0078,2026-02-13,-375.14,transfer_out,app_transfer
T005893,C0085,2026-02-13,-22.43,subscription,direct_debit
T005997,C0086,2026-02-13,-8.34,transport,card
T006116,C0088,2026-02-13,-129.57,retail,card
T006865,C0097,2026-02-13,-36.97,groceries,card
T006869,C0097,2026-02-13,-88.79,transfer_out,app_transfer
T007017,C0099,2026-02-13,-64.16,groceries,card
T007290,C0105,2026-02-13,3456.36,salary,inbound_transfer
T007633,C0111,2026-02-13,-69.35,groceries,card
T007980,C0116,2026-02-13,-21.84,cash_withdrawal,atm
T008045,C0117,2026-02-13,-103.84,retail,card
T008117,C0118,2026-02-13,-8.94,transport,card
T008118,C0118,2026-02-13,-36.33,retail,card
T008120,C0118,2026-02-13,-63.7,groceries,card
T008431,C0123,2026-02-13,925.23,salary,inbound_transfer
T008549,C0125,2026-02-13,-65.93,groceries,card
T008551,C0125,2026-02-13,-79.54,cash_withdrawal,atm
T008632,C0126,2026-02-13,2063.26,salary,inbound_transfer
T008712,C0127,2026-02-13,-89.9,groceries,card
T008719,C0127,2026-02-13,-11.79,transport,card
T008784,C0128,2026-02-13,906.55,salary,inbound_transfer
T008942,C0130,2026-02-13,-59.85,groceries,card
T008949,C0130,2026-02-13,-45.21,groceries,card
T009293,C0134,2026-02-13,-51.58,groceries,card
T009437,C0136,2026-02-13,-13.19,subscription,direct_debit
T009441,C0136,2026-02-13,-26.68,transport,card
T009974,C0145,2026-02-13,2829.59,salary,inbound_transfer
T009980,C0145,2026-02-13,-17.65,transport,card
T010301,C0150,2026-02-13,-55.77,utilities,direct_debit
T010304,C0150,2026-02-13,-11.46,subscription,direct_debit
T010507,C0152,2026-02-13,-19.83,groceries,card
T010733,C0155,2026-02-13,-58.11,dining,card
T011030,C0159,2026-02-13,-57.65,groceries,card
T011230,C0162,2026-02-13,-36.32,dining,card
T011787,C0169,2026-02-13,-35.24,retail,card
T011789,C0169,2026-02-13,-50.6,groceries,card
T011792,C0169,2026-02-13,-296.45,transfer_out,app_transfer
T012024,C0172,2026-02-13,-19.28,groceries,card
T012258,C0176,2026-02-13,-23.36,transport,card
T012455,C0179,2026-02-13,-62.12,groceries,card
T012457,C0179,2026-02-13,-336.79,transfer_out,app_transfer
T012459,C0179,2026-02-13,-151.23,transfer_out,app_transfer
T012800,C0184,2026-02-13,-37.8,dining,card
T012823,C0185,2026-02-13,3249.73,salary,inbound_transfer
T012917,C0186,2026-02-13,-200.04,transfer_out,app_transfer
T012921,C0186,2026-02-13,-49.93,retail,card
T012992,C0187,2026-02-13,-103.98,retail,card
T013154,C0189,2026-02-13,-7.06,transport,card
T013156,C0189,2026-02-13,-55.19,groceries,card
T013315,C0191,2026-02-13,-91.78,cash_withdrawal,atm
T013335,C0192,2026-02-13,-33.3,groceries,card
T013537,C0195,2026-02-13,-234.2,transfer_out,app_transfer
T013687,C0197,2026-02-13,-115.73,retail,card
T000439,C0007,2026-02-14,-71.64,groceries,card
T000655,C0011,2026-02-14,-48.61,groceries,card
T000742,C0012,2026-02-14,-27.36,cash_withdrawal,atm
T000752,C0012,2026-02-14,-23.07,dining,card
T000988,C0016,2026-02-14,-24.95,subscription,direct_debit
T001055,C0017,2026-02-14,-109.67,retail,card
T001059,C0017,2026-02-14,-57.31,dining,card
T001062,C0017,2026-02-14,-53.16,retail,card
T001213,C0019,2026-02-14,-83.89,groceries,card
T001439,C0022,2026-02-14,-25.94,transport,card
T001594,C0024,2026-02-14,-20.86,transport,card
T001595,C0024,2026-02-14,-71.71,groceries,card
T001978,C0029,2026-02-14,-117.98,retail,card
T001979,C0029,2026-02-14,-37.93,groceries,card
T002212,C0032,2026-02-14,-25.38,transport,card
T002221,C0032,2026-02-14,-43.46,dining,card
T002225,C0032,2026-02-14,-79.64,cash_withdrawal,atm
T002354,C0034,2026-02-14,-28.17,transport,card
T002506,C0037,2026-02-14,-16.73,transport,card
T002611,C0038,2026-02-14,-26.89,groceries,card
T002616,C0038,2026-02-14,-27.18,groceries,card
T002792,C0041,2026-02-14,-77.82,retail,card
T003120,C0046,2026-02-14,-63.48,cash_withdrawal,atm
T003385,C0050,2026-02-14,-193.45,utilities,direct_debit
T003685,C0053,2026-02-14,-51.99,retail,card
T003935,C0056,2026-02-14,-112.29,retail,card
T004179,C0061,2026-02-14,-88.66,groceries,card
T004180,C0061,2026-02-14,-22.1,subscription,direct_debit
T004486,C0066,2026-02-14,-15.88,subscription,direct_debit
T004562,C0067,2026-02-14,-25.46,retail,card
T004702,C0069,2026-02-14,-22.24,subscription,direct_debit
T004768,C0070,2026-02-14,-191.2,utilities,direct_debit
T004999,C0073,2026-02-14,-35.81,dining,card
T005091,C0074,2026-02-14,-75.58,groceries,card
T005183,C0075,2026-02-14,-115.8,utilities,direct_debit
T005272,C0076,2026-02-14,-19.55,groceries,card
T005361,C0077,2026-02-14,-42.28,dining,card
T005594,C0080,2026-02-14,-53.61,dining,card
T006118,C0088,2026-02-14,-20.09,subscription,direct_debit
T006220,C0089,2026-02-14,-22.07,dining,card
T006222,C0089,2026-02-14,-185.54,transfer_out,app_transfer
T006312,C0090,2026-02-14,-74.68,utilities,direct_debit
T006390,C0091,2026-02-14,-84.76,utilities,direct_debit
T006705,C0095,2026-02-14,-57.47,dining,card
T007012,C0099,2026-02-14,3212.64,salary,inbound_transfer
T007155,C0103,2026-02-14,-46.1,dining,card
T007415,C0108,2026-02-14,-51.4,groceries,card
T007733,C0112,2026-02-14,-8.91,transport,card
T007902,C0115,2026-02-14,-48.43,groceries,card
T007978,C0116,2026-02-14,-27.13,transport,card
T008041,C0117,2026-02-14,-132.31,utilities,direct_debit
T008044,C0117,2026-02-14,-94.57,retail,card
T008115,C0118,2026-02-14,855.13,salary,inbound_transfer
T008405,C0122,2026-02-14,-36.16,dining,card
T008710,C0127,2026-02-14,4176.62,salary,inbound_transfer
T009436,C0136,2026-02-14,-22.16,subscription,direct_debit
T009447,C0136,2026-02-14,-16.79,transport,card
T009559,C0138,2026-02-14,-62.37,groceries,card
T009644,C0140,2026-02-14,-127.36,retail,card
T009948,C0144,2026-02-14,-74.68,groceries,card
T009977,C0145,2026-02-14,-24.11,subscription,direct_debit
T010062,C0146,2026-02-14,-53.26,dining,card
T010309,C0150,2026-02-14,-258.58,transfer_out,app_transfer
T010405,C0151,2026-02-14,-43.11,cash_withdrawal,atm
T010900,C0157,2026-02-14,4149.11,salary,inbound_transfer
T011079,C0160,2026-02-14,-61.03,dining,card
T011116,C0161,2026-02-14,-40.19,groceries,card
T011119,C0161,2026-02-14,-37.51,retail,card
T011386,C0164,2026-02-14,-47.7,groceries,card
T011594,C0167,2026-02-14,-73.27,groceries,card
T012019,C0172,2026-02-14,-14.91,transport,card
T012106,C0174,2026-02-14,-24.12,dining,card
T012114,C0174,2026-02-14,-59.8,dining,card
T012205,C0175,2026-02-14,-319.16,transfer_out,app_transfer
T012257,C0176,2026-02-14,-16.84,transport,card
T012630,C0182,2026-02-14,-357.76,transfer_out,app_transfer
T012826,C0185,2026-02-14,-96.05,cash_withdrawal,atm
T012996,C0187,2026-02-14,-180.2,utilities,direct_debit
T013225,C0190,2026-02-14,-54.24,groceries,card
T013336,C0192,2026-02-14,-16.51,transport,card
T013338,C0192,2026-02-14,-13.65,transport,card
T000334,C0006,2026-02-15,3721.49,salary,inbound_transfer
T000343,C0006,2026-02-15,-74.63,retail,card
T000461,C0008,2026-02-15,-35.05,groceries,card
T000528,C0009,2026-02-15,-42.41,groceries,card
T000867,C0014,2026-02-15,1275.28,salary,inbound_transfer
T000922,C0015,2026-02-15,-48.04,dining,card
T001054,C0017,2026-02-15,-117.54,retail,card
T001141,C0018,2026-02-15,-288.28,transfer_out,app_transfer
T001224,C0019,2026-02-15,-21.84,transport,card
T001317,C0020,2026-02-15,1581.73,salary,inbound_transfer
T001363,C0021,2026-02-15,-17.72,dining,card
T001440,C0022,2026-02-15,-18.45,subscription,direct_debit
T001509,C0023,2026-02-15,-24.56,groceries,card
T001603,C0024,2026-02-15,-17.51,subscription,direct_debit
T001698,C0025,2026-02-15,-63.79,groceries,card
T002219,C0032,2026-02-15,-86.02,groceries,card
T002307,C0033,2026-02-15,-65.94,retail,card
T002309,C0033,2026-02-15,-91.3,groceries,card
T002311,C0033,2026-02-15,-91.57,utilities,direct_debit
T002351,C0034,2026-02-15,-94.36,utilities,direct_debit
T002417,C0035,2026-02-15,-25.94,groceries,card
T002435,C0036,2026-02-15,-108.61,cash_withdrawal,atm
T002512,C0037,2026-02-15,-9.83,transport,card
T002608,C0038,2026-02-15,-27.32,groceries,card
T002788,C0041,2026-02-15,3242.1,salary,inbound_transfer
T003205,C0047,2026-02-15,-90.34,retail,card
T003276,C0048,2026-02-15,-143.06,transfer_out,app_transfer
T003941,C0056,2026-02-15,-32.34,groceries,card
T003999,C0057,2026-02-15,-39.21,retail,card
T004004,C0057,2026-02-15,-32.52,groceries,card
T004027,C0058,2026-02-15,-34.32,cash_withdrawal,atm
T004047,C0059,2026-02-15,-5.66,transport,card
T004292,C0063,2026-02-15,4076.9,salary,inbound_transfer
T004296,C0063,2026-02-15,-44.8,dining,card
T004353,C0064,2026-02-15,-11.96,transport,card
T004483,C0066,2026-02-15,-17.56,transport,card
T004697,C0069,2026-02-15,-48.57,dining,card
T004839,C0071,2026-02-15,-310.09,transfer_out,app_transfer
T004996,C0073,2026-02-15,-9.79,subscription,direct_debit
T005592,C0080,2026-02-15,-24.26,subscription,direct_debit
T005865,C0084,2026-02-15,-74.91,groceries,card
T005996,C0086,2026-02-15,-54.1,groceries,card
T006383,C0091,2026-02-15,3432.22,salary,inbound_transfer
T006913,C0098,2026-02-15,901.37,salary,inbound_transfer
T007063,C0100,2026-02-15,-52.11,utilities,direct_debit
T007106,C0101,2026-02-15,-25.77,transport,card
T007243,C0104,2026-02-15,-23.71,subscription,direct_debit
T007245,C0104,2026-02-15,-70.63,groceries,card
T007350,C0106,2026-02-15,-11.79,transport,card
T007410,C0108,2026-02-15,4720.21,salary,inbound_transfer
T007584,C0110,2026-02-15,-125.63,retail,card
T007736,C0112,2026-02-15,-130.05,retail,card
T007740,C0112,2026-02-15,-59.93,dining,card
T007894,C0115,2026-02-15,758.96,salary,inbound_transfer
T007973,C0116,2026-02-15,-70.1,cash_withdrawal,atm
T008404,C0122,2026-02-15,-22.82,dining,card
T008783,C0128,2026-02-15,794.57,salary,inbound_transfer
T008786,C0128,2026-02-15,-69.32,groceries,card
T008790,C0128,2026-02-15,-56.6,dining,card
T008889,C0129,2026-02-15,-129.03,retail,card
T008946,C0130,2026-02-15,-29.09,groceries,card
T009188,C0133,2026-02-15,4118.66,salary,inbound_transfer
T009291,C0134,2026-02-15,-45.1,cash_withdrawal,atm
T009295,C0134,2026-02-15,-6.88,transport,card
T009562,C0138,2026-02-15,-40.49,groceries,card
T009719,C0141,2026-02-15,-70.49,retail,card
T009897,C0143,2026-02-15,-40.72,groceries,card
T009976,C0145,2026-02-15,-18.46,transport,card
T009984,C0145,2026-02-15,-73.1,retail,card
T010073,C0146,2026-02-15,-36.94,groceries,card
T010516,C0152,2026-02-15,-60.13,groceries,card
T010590,C0153,2026-02-15,-30.1,dining,card
T010905,C0157,2026-02-15,-31.88,retail,card
T010979,C0158,2026-02-15,-12.37,subscription,direct_debit
T011031,C0159,2026-02-15,-303.39,transfer_out,app_transfer
T011123,C0161,2026-02-15,-12.2,transport,card
T011686,C0168,2026-02-15,-20.82,transport,card
T011950,C0171,2026-02-15,898.72,salary,inbound_transfer
T012015,C0172,2026-02-15,927.88,salary,inbound_transfer
T012017,C0172,2026-02-15,-33.58,dining,card
T012196,C0175,2026-02-15,2914.47,salary,inbound_transfer
T012454,C0179,2026-02-15,-133.4,utilities,direct_debit
T012573,C0181,2026-02-15,-71.53,groceries,card
T012626,C0182,2026-02-15,1151.6,salary,inbound_transfer
T012920,C0186,2026-02-15,-15.33,dining,card
T012997,C0187,2026-02-15,-7.39,subscription,direct_debit
T013056,C0188,2026-02-15,-64.65,groceries,card
T013066,C0188,2026-02-15,-37.59,groceries,card
T013067,C0188,2026-02-15,-32.62,dining,card
T013434,C0193,2026-02-15,-26.93,groceries,card
T013579,C0196,2026-02-15,-67.74,retail,card
T013784,C0198,2026-02-15,-24.48,transport,card
T000208,C0004,2026-02-16,-27.15,transport,card
T000290,C0005,2026-02-16,-8.76,transport,card
T000520,C0009,2026-02-16,3197.5,salary,inbound_transfer
T000523,C0009,2026-02-16,-8.5,subscription,direct_debit
T000648,C0011,2026-02-16,-178.54,transfer_out,app_transfer
T000740,C0012,2026-02-16,3251.88,salary,inbound_transfer
T000750,C0012,2026-02-16,-375.11,transfer_out,app_transfer
T000872,C0014,2026-02-16,-73.53,groceries,card
T000881,C0014,2026-02-16,-165.57,utilities,direct_debit
T001223,C0019,2026-02-16,-180.98,utilities,direct_debit
T001319,C0020,2026-02-16,-111.17,retail,card
T001367,C0021,2026-02-16,-59.51,groceries,card
T001597,C0024,2026-02-16,-29.29,dining,card
T001705,C0025,2026-02-16,-78.53,groceries,card
T001745,C0026,2026-02-16,-12.2,subscription,direct_debit
T001755,C0026,2026-02-16,-44.6,groceries,card
T001883,C0028,2026-02-16,-237.01,transfer_out,app_transfer
T002058,C0030,2026-02-16,-100.02,retail,card
T002224,C0032,2026-02-16,-31.65,cash_withdrawal,atm
T002312,C0033,2026-02-16,-19.79,transport,card
T002420,C0035,2026-02-16,-144.29,utilities,direct_debit
T002432,C0036,2026-02-16,-59.18,dining,card
T002504,C0037,2026-02-16,-265.33,transfer_out,app_transfer
T002668,C0039,2026-02-16,-27.26,transport,card
T002758,C0040,2026-02-16,-26.86,transport,card
T002789,C0041,2026-02-16,-125.27,retail,card
T002872,C0042,2026-02-16,-130.06,retail,card
T003030,C0044,2026-02-16,-43.74,dining,card
T003491,C0051,2026-02-16,-17.03,subscription,direct_debit
T003496,C0051,2026-02-16,-38.67,dining,card
T003597,C0052,2026-02-16,-55.59,groceries,card
T003679,C0053,2026-02-16,-68.56,cash_withdrawal,atm
T003691,C0053,2026-02-16,-170.9,utilities,direct_debit
T003790,C0054,2026-02-16,-19.87,groceries,card
T003936,C0056,2026-02-16,-40.07,dining,card
T003937,C0056,2026-02-16,-121.32,utilities,direct_debit
T004045,C0059,2026-02-16,1225.05,salary,inbound_transfer
T004089,C0060,2026-02-16,-218.9,transfer_out,app_transfer
T004094,C0060,2026-02-16,-100.17,utilities,direct_debit
T004344,C0064,2026-02-16,2891.22,salary,inbound_transfer
T004346,C0064,2026-02-16,-106.48,retail,card
T004347,C0064,2026-02-16,-64.86,cash_withdrawal,atm
T004352,C0064,2026-02-16,-12.18,transport,card
T004417,C0065,2026-02-16,-50.65,groceries,card
T004423,C0065,2026-02-16,-160.66,transfer_out,app_transfer
T004690,C0069,2026-02-16,-30.46,transport,card
T004698,C0069,2026-02-16,-83.58,groceries,card
T004760,C0070,2026-02-16,-71.88,groceries,card
T005367,C0077,2026-02-16,-10.26,transport,card
T005512,C0079,2026-02-16,-28.64,transport,card
T005670,C0081,2026-02-16,-71.83,groceries,card
T005868,C0084,2026-02-16,-183.58,transfer_out,app_transfer
T005993,C0086,2026-02-16,-68.87,retail,card
T006077,C0087,2026-02-16,-25.84,dining,card
T006218,C0089,2026-02-16,-320.72,transfer_out,app_transfer
T006446,C0092,2026-02-16,-31.71,groceries,card
T006777,C0096,2026-02-16,-147.2,utilities,direct_debit
T006781,C0096,2026-02-16,-36.9,groceries,card
T006864,C0097,2026-02-16,-45.1,cash_withdrawal,atm
T007066,C0100,2026-02-16,-119.29,transfer_out,app_transfer
T007107,C0101,2026-02-16,-16.4,dining,card
T007390,C0107,2026-02-16,-53.6,groceries,card
T007416,C0108,2026-02-16,-28.27,transport,card
T007591,C0110,2026-02-16,-8.96,subscription,direct_debit
T007630,C0111,2026-02-16,-10.6,transport,card
T007738,C0112,2026-02-16,-103.35,transfer_out,app_transfer
T008031,C0117,2026-02-16,808.43,salary,inbound_transfer
T008194,C0119,2026-02-16,973.2,salary,inbound_transfer
T008273,C0120,2026-02-16,-31.73,dining,card
T008274,C0120,2026-02-16,-45.74,dining,card
T008276,C0120,2026-02-16,-148.2,transfer_out,app_transfer
T008277,C0120,2026-02-16,-54.17,dining,card
T008401,C0122,2026-02-16,1369.58,salary,inbound_transfer
T008883,C0129,2026-02-16,3249.54,salary,inbound_transfer
T009018,C0131,2026-02-16,-19.97,transport,card
T009020,C0131,2026-02-16,-24.79,retail,card
T009086,C0132,2026-02-16,4565.98,salary,inbound_transfer
T009296,C0134,2026-02-16,-38.81,retail,card
T009386,C0135,2026-02-16,-49.93,groceries,card
T009390,C0135,2026-02-16,-82.76,groceries,card
T009908,C0143,2026-02-16,-30.34,retail,card
T009979,C0145,2026-02-16,-124.41,utilities,direct_debit
T009983,C0145,2026-02-16,-12.41,subscription,direct_debit
T010237,C0149,2026-02-16,-44.4,groceries,card
T010240,C0149,2026-02-16,-51.24,dining,card
T010818,C0156,2026-02-16,-92.09,groceries,card
T011040,C0159,2026-02-16,-12.07,subscription,direct_debit
T011041,C0159,2026-02-16,-38.07,retail,card
T011389,C0164,2026-02-16,-283.66,transfer_out,app_transfer
T011458,C0165,2026-02-16,-262.17,transfer_out,app_transfer
T011951,C0171,2026-02-16,-27.95,groceries,card
T012021,C0172,2026-02-16,-33.17,retail,card
T012100,C0174,2026-02-16,-367.27,transfer_out,app_transfer
T012103,C0174,2026-02-16,-23.79,transport,card
T012202,C0175,2026-02-16,-175.46,utilities,direct_debit
T012261,C0176,2026-02-16,-73.77,groceries,card
T012262,C0176,2026-02-16,-42.54,retail,card
T012629,C0182,2026-02-16,-320.17,transfer_out,app_transfer
T012634,C0182,2026-02-16,-212.11,transfer_out,app_transfer
T012713,C0183,2026-02-16,-101.11,retail,card
T013062,C0188,2026-02-16,-32.29,dining,card
T013337,C0192,2026-02-16,-41.76,dining,card
T013532,C0195,2026-02-16,881.65,salary,inbound_transfer
T013536,C0195,2026-02-16,-128.21,transfer_out,app_transfer
T013542,C0195,2026-02-16,-195.63,utilities,direct_debit
T013685,C0197,2026-02-16,-19.6,transport,card
T013891,C0200,2026-02-16,-55.47,dining,card
T000016,C0001,2026-02-17,-63.75,groceries,card
T000094,C0002,2026-02-17,-27.9,groceries,card
T000211,C0004,2026-02-17,-331.27,transfer_out,app_transfer
T000292,C0005,2026-02-17,-75.67,groceries,card
T000524,C0009,2026-02-17,-95.35,utilities,direct_debit
T000525,C0009,2026-02-17,-22.05,groceries,card
T000533,C0009,2026-02-17,-25.27,subscription,direct_debit
T000647,C0011,2026-02-17,-38.03,groceries,card
T000868,C0014,2026-02-17,1232.79,salary,inbound_transfer
T001066,C0017,2026-02-17,-87.89,groceries,card
T001321,C0020,2026-02-17,-9.89,subscription,direct_debit
T001826,C0027,2026-02-17,-49.45,dining,card
T002217,C0032,2026-02-17,-56.93,groceries,card
T002304,C0033,2026-02-17,-359.31,transfer_out,app_transfer
T002356,C0034,2026-02-17,-68.36,retail,card
T002655,C0039,2026-02-17,3363.19,salary,inbound_transfer
T002870,C0042,2026-02-17,-18.01,groceries,card
T002943,C0043,2026-02-17,-22.1,dining,card
T003069,C0045,2026-02-17,-106.7,retail,card
T003376,C0050,2026-02-17,1576.96,salary,inbound_transfer
T003492,C0051,2026-02-17,-74.07,groceries,card
T003497,C0051,2026-02-17,-20.97,dining,card
T003933,C0056,2026-02-17,-73.41,groceries,card
T003942,C0056,2026-02-17,-119.21,retail,card
T004092,C0060,2026-02-17,-59.33,retail,card
T004202,C0062,2026-02-17,-34.79,dining,card
T004414,C0065,2026-02-17,-47.2,retail,card
T004421,C0065,2026-02-17,-53.59,groceries,card
T004688,C0069,2026-02-17,-15.44,dining,card
T004695,C0069,2026-02-17,-139.82,transfer_out,app_transfer
T004700,C0069,2026-02-17,-99.11,utilities,direct_debit
T004930,C0072,2026-02-17,-52.82,dining,card
T005450,C0078,2026-02-17,-32.13,dining,card
T005589,C0080,2026-02-17,-91.09,retail,card
T005892,C0085,2026-02-17,-25.46,cash_withdrawal,atm
T005897,C0085,2026-02-17,-276.81,transfer_out,app_transfer
T005994,C0086,2026-02-17,-38.68,groceries,card
T006303,C0090,2026-02-17,1316.9,salary,inbound_transfer
T006306,C0090,2026-02-17,-31.24,groceries,card
T006314,C0090,2026-02-17,-115.74,retail,card
T006436,C0092,2026-02-17,1459.18,salary,inbound_transfer
T006535,C0093,2026-02-17,-25.2,dining,card
T006602,C0094,2026-02-17,889.81,salary,inbound_transfer
T006711,C0095,2026-02-17,-31.02,groceries,card
T006767,C0096,2026-02-17,-54.32,retail,card
T006918,C0098,2026-02-17,-80.11,transfer_out,app_transfer
T006922,C0098,2026-02-17,-96.76,retail,card
T007135,C0102,2026-02-17,-22.56,transport,card
T007579,C0110,2026-02-17,3286.35,salary,inbound_transfer
T007731,C0112,2026-02-17,-112.24,retail,card
T008409,C0122,2026-02-17,-114.09,retail,card
T008548,C0125,2026-02-17,-40.81,dining,card
T008718,C0127,2026-02-17,-61.11,groceries,card
T009016,C0131,2026-02-17,2773.41,salary,inbound_transfer
T009197,C0133,2026-02-17,-190.23,utilities,direct_debit
T009445,C0136,2026-02-17,-62.42,cash_withdrawal,atm
T009623,C0139,2026-02-17,-47.08,groceries,card
T009792,C0142,2026-02-17,3148.06,salary,inbound_transfer
T009944,C0144,2026-02-17,-105.11,retail,card
T009982,C0145,2026-02-17,-185.57,utilities,direct_debit
T010060,C0146,2026-02-17,1033.63,salary,inbound_transfer
T010069,C0146,2026-02-17,-55.55,cash_withdrawal,atm
T010072,C0146,2026-02-17,-72.95,retail,card
T010151,C0148,2026-02-17,-87.69,groceries,card
T010154,C0148,2026-02-17,-19.66,dining,card
T010409,C0151,2026-02-17,-16.25,dining,card
T010592,C0153,2026-02-17,-24.6,groceries,card
T010732,C0155,2026-02-17,4010.63,salary,inbound_transfer
T010737,C0155,2026-02-17,-49.5,groceries,card
T010824,C0156,2026-02-17,-88.9,utilities,direct_debit
T010827,C0156,2026-02-17,-269.9,transfer_out,app_transfer
T011034,C0159,2026-02-17,-66.83,groceries,card
T011112,C0161,2026-02-17,-40.01,retail,card
T011681,C0168,2026-02-17,-47.53,groceries,card
T011682,C0168,2026-02-17,-196.12,transfer_out,app_transfer
T011952,C0171,2026-02-17,-286.99,transfer_out,app_transfer
T012102,C0174,2026-02-17,-68.95,cash_withdrawal,atm
T012576,C0181,2026-02-17,-17.13,subscription,direct_debit
T012708,C0183,2026-02-17,3530.66,salary,inbound_transfer
T012824,C0185,2026-02-17,-9.32,transport,card
T012922,C0186,2026-02-17,-41.77,groceries,card
T012994,C0187,2026-02-17,-51.7,utilities,direct_debit
T013059,C0188,2026-02-17,-118.61,transfer_out,app_transfer
T013072,C0188,2026-02-17,-7.57,transport,card
T013167,C0189,2026-02-17,-43.54,groceries,card
T013229,C0190,2026-02-17,-9.86,transport,card
T013312,C0191,2026-02-17,-46.36,groceries,card
T013313,C0191,2026-02-17,-86.25,retail,card
T013317,C0191,2026-02-17,-17.31,transport,card
T013678,C0197,2026-02-17,-64.59,retail,card
T013679,C0197,2026-02-17,-19.84,dining,card
T013776,C0198,2026-02-17,-96.29,retail,card
T013845,C0199,2026-02-17,-13.26,subscription,direct_debit
T000014,C0001,2026-02-18,-20.59,subscription,direct_debit
T000090,C0002,2026-02-18,3527.97,salary,inbound_transfer
T000341,C0006,2026-02-18,-26.25,groceries,card
T000454,C0008,2026-02-18,-59.68,retail,card
T000657,C0011,2026-02-18,-24.45,dining,card
T000802,C0013,2026-02-18,-21.71,dining,card
T000870,C0014,2026-02-18,-36.03,dining,card
T000983,C0016,2026-02-18,-57.48,groceries,card
T001144,C0018,2026-02-18,-87.24,groceries,card
T001316,C0020,2026-02-18,1224.26,salary,inbound_transfer
T001361,C0021,2026-02-18,-361.02,transfer_out,app_transfer
T001697,C0025,2026-02-18,-71.91,utilities,direct_debit
T001743,C0026,2026-02-18,3272.2,salary,inbound_transfer
T001750,C0026,2026-02-18,-59.19,cash_withdrawal,atm
T001973,C0029,2026-02-18,-43.29,dining,card
T001981,C0029,2026-02-18,-80.87,groceries,card
T002064,C0030,2026-02-18,-30.61,dining,card
T002156,C0031,2026-02-18,-85.0,cash_withdrawal,atm
T002214,C0032,2026-02-18,-35.67,cash_withdrawal,atm
T002220,C0032,2026-02-18,-226.03,transfer_out,app_transfer
T002511,C0037,2026-02-18,-82.42,transfer_out,app_transfer
T002660,C0039,2026-02-18,-48.05,groceries,card
T002754,C0040,2026-02-18,-46.16,dining,card
T002873,C0042,2026-02-18,-327.92,transfer_out,app_transfer
T003117,C0046,2026-02-18,-29.79,groceries,card
T003118,C0046,2026-02-18,-60.91,cash_withdrawal,atm
T003278,C0048,2026-02-18,-74.18,retail,card
T003375,C0050,2026-02-18,1487.13,salary,inbound_transfer
T003684,C0053,2026-02-18,-24.35,dining,card
T004005,C0057,2026-02-18,-42.32,utilities,direct_debit
T004049,C0059,2026-02-18,-200.1,transfer_out,app_transfer
T004091,C0060,2026-02-18,-145.42,utilities,direct_debit
T004293,C0063,2026-02-18,-27.21,cash_withdrawal,atm
T004560,C0067,2026-02-18,-31.98,dining,card
T004619,C0068,2026-02-18,-130.95,retail,card
T004701,C0069,2026-02-18,-6.26,subscription,direct_debit
T004925,C0072,2026-02-18,858.16,salary,inbound_transfer
T004932,C0072,2026-02-18,-82.94,retail,card
T005085,C0074,2026-02-18,-292.01,transfer_out,app_transfer
T005185,C0075,2026-02-18,-79.75,retail,card
T005268,C0076,2026-02-18,1850.53,salary,inbound_transfer
T005356,C0077,2026-02-18,-86.27,cash_withdrawal,atm
T005453,C0078,2026-02-18,-20.01,subscription,direct_debit
T005509,C0079,2026-02-18,-11.77,transport,card
T005887,C0085,2026-02-18,4176.79,salary,inbound_transfer
T006117,C0088,2026-02-18,-112.12,retail,card
T006313,C0090,2026-02-18,-233.75,transfer_out,app_transfer
T006536,C0093,2026-02-18,-115.84,utilities,direct_debit
T006702,C0095,2026-02-18,2331.24,salary,inbound_transfer
T006772,C0096,2026-02-18,-83.79,groceries,card
T006925,C0098,2026-02-18,-74.42,retail,card
T006926,C0098,2026-02-18,-9.53,transport,card
T007351,C0106,2026-02-18,-22.87,transport,card
T007421,C0108,2026-02-18,-269.73,transfer_out,app_transfer
T007631,C0111,2026-02-18,-24.17,groceries,card
T007900,C0115,2026-02-18,-49.08,groceries,card
T007986,C0116,2026-02-18,-52.75,dining,card
T008043,C0117,2026-02-18,-78.24,groceries,card
T008356,C0121,2026-02-18,-108.64,transfer_out,app_transfer
T008432,C0123,2026-02-18,-106.66,cash_withdrawal,atm
T008436,C0123,2026-02-18,-9.15,subscription,direct_debit
T008546,C0125,2026-02-18,-77.74,cash_withdrawal,atm
T008641,C0126,2026-02-18,-192.6,transfer_out,app_transfer
T008789,C0128,2026-02-18,-24.31,groceries,card
T009647,C0140,2026-02-18,-100.24,utilities,direct_debit
T009794,C0142,2026-02-18,-67.0,groceries,card
T009946,C0144,2026-02-18,-105.49,cash_withdrawal,atm
T010130,C0147,2026-02-18,-14.98,transport,card
T010234,C0149,2026-02-18,1594.05,salary,inbound_transfer
T010235,C0149,2026-02-18,-99.06,utilities,direct_debit
T010242,C0149,2026-02-18,-13.72,transport,card
T010403,C0151,2026-02-18,-15.19,subscription,direct_debit
T010594,C0153,2026-02-18,-42.1,dining,card
T010657,C0154,2026-02-18,773.25,salary,inbound_transfer
T011235,C0162,2026-02-18,-11.62,subscription,direct_debit
T011298,C0163,2026-02-18,-41.84,dining,card
T011383,C0164,2026-02-18,3322.88,salary,inbound_transfer
T011694,C0168,2026-02-18,-17.96,dining,card
T011791,C0169,2026-02-18,-47.52,groceries,card
T012061,C0173,2026-02-18,-44.14,retail,card
T012203,C0175,2026-02-18,-58.72,dining,card
T012460,C0179,2026-02-18,-29.45,groceries,card
T012636,C0182,2026-02-18,-97.57,utilities,direct_debit
T012720,C0183,2026-02-18,-58.38,utilities,direct_debit
T012834,C0185,2026-02-18,-41.74,dining,card
T013221,C0190,2026-02-18,-12.52,transport,card
T013227,C0190,2026-02-18,-36.67,dining,card
T013334,C0192,2026-02-18,-25.0,transport,card
T013534,C0195,2026-02-18,-66.64,retail,card
T013538,C0195,2026-02-18,-64.52,cash_withdrawal,atm
T013688,C0197,2026-02-18,-53.64,dining,card
T000210,C0004,2026-02-19,-19.55,transport,card
T000286,C0005,2026-02-19,-52.4,retail,card
T000437,C0007,2026-02-19,2092.42,salary,inbound_transfer
T000594,C0010,2026-02-19,-49.82,dining,card
T000649,C0011,2026-02-19,-9.67,transport,card
T000874,C0014,2026-02-19,-365.81,transfer_out,app_transfer
T001145,C0018,2026-02-19,-31.17,groceries,card
T001366,C0021,2026-02-19,-17.45,dining,card
T001703,C0025,2026-02-19,-69.61,retail,card
T001744,C0026,2026-02-19,-13.96,dining,card
T001747,C0026,2026-02-19,-81.68,groceries,card
T002066,C0030,2026-02-19,-52.08,dining,card
T002162,C0031,2026-02-19,-98.8,cash_withdrawal,atm
T002416,C0035,2026-02-19,-56.38,dining,card
T002433,C0036,2026-02-19,-18.91,groceries,card
T002507,C0037,2026-02-19,-62.0,groceries,card
T002509,C0037,2026-02-19,-26.78,dining,card
T003207,C0047,2026-02-19,-117.53,retail,card
T003388,C0050,2026-02-19,-71.67,retail,card
T003391,C0050,2026-02-19,-64.72,groceries,card
T003595,C0052,2026-02-19,-39.96,dining,card
T003789,C0054,2026-02-19,4153.73,salary,inbound_transfer
T004086,C0060,2026-02-19,2672.15,salary,inbound_transfer
T004767,C0070,2026-02-19,-65.84,groceries,card
T005271,C0076,2026-02-19,-42.91,groceries,card
T005276,C0076,2026-02-19,-49.72,groceries,card
T005586,C0080,2026-02-19,795.57,salary,inbound_transfer
T005800,C0083,2026-02-19,-44.07,dining,card
T005861,C0084,2026-02-19,2861.51,salary,inbound_transfer
T006075,C0087,2026-02-19,2846.12,salary,inbound_transfer
T006321,C0090,2026-02-19,-25.7,subscription,direct_debit
T006437,C0092,2026-02-19,1229.62,salary,inbound_transfer
T006447,C0092,2026-02-19,-123.11,utilities,direct_debit
T006533,C0093,2026-02-19,-23.39,transport,card
T006765,C0096,2026-02-19,-52.8,groceries,card
T007013,C0099,2026-02-19,-71.75,groceries,card
T007061,C0100,2026-02-19,2835.67,salary,inbound_transfer
T007071,C0100,2026-02-19,-83.21,groceries,card
T007161,C0103,2026-02-19,-26.09,groceries,card
T007242,C0104,2026-02-19,-294.2,transfer_out,app_transfer
T007291,C0105,2026-02-19,-77.41,cash_withdrawal,atm
T007292,C0105,2026-02-19,-9.64,transport,card
T007347,C0106,2026-02-19,-62.72,groceries,card
T007728,C0112,2026-02-19,-59.26,utilities,direct_debit
T007983,C0116,2026-02-19,-203.66,utilities,direct_debit
T008364,C0121,2026-02-19,-23.07,transport,card
T008367,C0121,2026-02-19,-135.24,utilities,direct_debit
T008434,C0123,2026-02-19,-65.3,retail,card
T008466,C0124,2026-02-19,-22.85,transport,card
T008787,C0128,2026-02-19,-139.14,utilities,direct_debit
T008943,C0130,2026-02-19,-110.0,retail,card
T008945,C0130,2026-02-19,-71.36,groceries,card
T009191,C0133,2026-02-19,-96.32,cash_withdrawal,atm
T009198,C0133,2026-02-19,-83.04,retail,card
T009502,C0137,2026-02-19,3822.87,salary,inbound_transfer
T009548,C0138,2026-02-19,-62.53,retail,card
T009554,C0138,2026-02-19,-14.01,dining,card
T009793,C0142,2026-02-19,-16.8,dining,card
T010239,C0149,2026-02-19,-45.52,groceries,card
T010518,C0152,2026-02-19,-57.13,groceries,card
T010740,C0155,2026-02-19,-64.95,retail,card
T010819,C0156,2026-02-19,-85.68,cash_withdrawal,atm
T011039,C0159,2026-02-19,-121.07,transfer_out,app_transfer
T011114,C0161,2026-02-19,-30.24,transport,card
T011118,C0161,2026-02-19,-55.32,cash_withdrawal,atm
T011595,C0167,2026-02-19,-10.26,subscription,direct_debit
T011799,C0169,2026-02-19,-6.68,subscription,direct_debit
T012111,C0174,2026-02-19,-91.19,groceries,card
T012714,C0183,2026-02-19,-15.96,subscription,direct_debit
T012716,C0183,2026-02-19,-97.09,retail,card
T012828,C0185,2026-02-19,-21.09,transport,card
T012915,C0186,2026-02-19,-25.0,dining,card
T012993,C0187,2026-02-19,-68.29,retail,card
T013228,C0190,2026-02-19,-55.74,groceries,card
T013311,C0191,2026-02-19,-74.7,groceries,card
T013894,C0200,2026-02-19,-18.16,groceries,card
T000013,C0001,2026-02-20,851.01,salary,inbound_transfer
T000535,C0009,2026-02-20,-207.82,transfer_out,app_transfer
T000915,C0015,2026-02-20,-19.47,dining,card
T000978,C0016,2026-02-20,-39.69,dining,card
T001215,C0019,2026-02-20,-94.03,transfer_out,app_transfer
T001604,C0024,2026-02-20,-73.64,cash_withdrawal,atm
T002218,C0032,2026-02-20,-110.85,retail,card
T002414,C0035,2026-02-20,-28.87,dining,card
T002667,C0039,2026-02-20,-13.73,dining,card
T002865,C0042,2026-02-20,-27.24,groceries,card
T002867,C0042,2026-02-20,-129.58,retail,card
T003070,C0045,2026-02-20,-112.64,utilities,direct_debit
T003683,C0053,2026-02-20,-80.08,retail,card
T003849,C0055,2026-02-20,-81.73,retail,card
T004029,C0058,2026-02-20,-33.44,dining,card
T004209,C0062,2026-02-20,-22.23,subscription,direct_debit
T004354,C0064,2026-02-20,-62.47,groceries,card
T004412,C0065,2026-02-20,2995.26,salary,inbound_transfer
T004569,C0067,2026-02-20,-39.29,dining,card
T004571,C0067,2026-02-20,-17.01,groceries,card
T004614,C0068,2026-02-20,-57.25,dining,card
T004696,C0069,2026-02-20,-18.99,transport,card
T004705,C0069,2026-02-20,-30.32,transport,card
T005273,C0076,2026-02-20,-59.56,groceries,card
T005354,C0077,2026-02-20,-72.15,groceries,card
T005803,C0083,2026-02-20,-18.25,dining,card
T005804,C0083,2026-02-20,-15.78,dining,card
T006114,C0088,2026-02-20,-115.39,transfer_out,app_transfer
T006121,C0088,2026-02-20,-74.71,utilities,direct_debit
T006534,C0093,2026-02-20,-22.87,groceries,card
T006861,C0097,2026-02-20,991.68,salary,inbound_transfer
T006862,C0097,2026-02-20,-23.71,cash_withdrawal,atm
T007062,C0100,2026-02-20,-96.73,retail,card
T008271,C0120,2026-02-20,-227.91,transfer_out,app_transfer
T008370,C0121,2026-02-20,-170.05,utilities,direct_debit
T008406,C0122,2026-02-20,-116.38,retail,card
T008642,C0126,2026-02-20,-45.64,dining,card
T008791,C0128,2026-02-20,-54.67,dining,card
T008939,C0130,2026-02-20,950.52,salary,inbound_transfer
T009192,C0133,2026-02-20,-18.77,transport,card
T009196,C0133,2026-02-20,-46.55,dining,card
T009384,C0135,2026-02-20,943.14,salary,inbound_transfer
T009551,C0138,2026-02-20,-311.24,transfer_out,app_transfer
T009975,C0145,2026-02-20,-67.14,groceries,card
T010064,C0146,2026-02-20,-161.1,utilities,direct_debit
T010296,C0150,2026-02-20,1816.11,salary,inbound_transfer
T010903,C0157,2026-02-20,-307.45,transfer_out,app_transfer
T011028,C0159,2026-02-20,-6.48,transport,card
T011078,C0160,2026-02-20,-87.86,utilities,direct_debit
T011081,C0160,2026-02-20,-45.32,groceries,card
T011299,C0163,2026-02-20,-121.05,retail,card
T011588,C0167,2026-02-20,3458.25,salary,inbound_transfer
T011591,C0167,2026-02-20,-35.95,dining,card
T011685,C0168,2026-02-20,-251.35,transfer_out,app_transfer
T011790,C0169,2026-02-20,-156.95,utilities,direct_debit
T011953,C0171,2026-02-20,-292.62,transfer_out,app_transfer
T012342,C0177,2026-02-20,2629.68,salary,inbound_transfer
T012453,C0179,2026-02-20,-86.12,retail,card
T012518,C0180,2026-02-20,914.89,salary,inbound_transfer
T012527,C0180,2026-02-20,-65.03,groceries,card
T012564,C0181,2026-02-20,-386.51,transfer_out,app_transfer
T012640,C0182,2026-02-20,-84.23,transfer_out,app_transfer
T012719,C0183,2026-02-20,-46.14,dining,card
T013057,C0188,2026-02-20,-54.37,dining,card
T013064,C0188,2026-02-20,-107.92,utilities,direct_debit
T013065,C0188,2026-02-20,-57.99,retail,card
T013430,C0193,2026-02-20,-21.43,dining,card
T013432,C0193,2026-02-20,-23.89,dining,card
T013506,C0194,2026-02-20,-42.62,groceries,card
T013507,C0194,2026-02-20,-79.71,groceries,card
T013589,C0196,2026-02-20,-96.74,retail,card
T013895,C0200,2026-02-20,-79.6,groceries,card
T000336,C0006,2026-02-21,-56.61,utilities,direct_debit
T000590,C0010,2026-02-21,-99.81,cash_withdrawal,atm
T001140,C0018,2026-02-21,-45.0,groceries,card
T001326,C0020,2026-02-21,-158.4,utilities,direct_debit
T001443,C0022,2026-02-21,-85.73,groceries,card
T001700,C0025,2026-02-21,-128.32,retail,card
T001707,C0025,2026-02-21,-38.56,groceries,card
T002313,C0033,2026-02-21,-44.47,retail,card
T002791,C0041,2026-02-21,-8.31,subscription,direct_debit
T002862,C0042,2026-02-21,2672.36,salary,inbound_transfer
T002863,C0042,2026-02-21,-16.07,subscription,direct_debit
T003024,C0044,2026-02-21,-52.42,utilities,direct_debit
T003065,C0045,2026-02-21,-24.32,retail,card
T003113,C0046,2026-02-21,3430.34,salary,inbound_transfer
T003115,C0046,2026-02-21,-109.4,retail,card
T003208,C0047,2026-02-21,-24.75,transport,card
T003308,C0049,2026-02-21,-123.38,retail,card
T003599,C0052,2026-02-21,-256.24,transfer_out,app_transfer
T003603,C0052,2026-02-21,-116.92,retail,card
T004026,C0058,2026-02-21,-25.14,subscription,direct_debit
T004048,C0059,2026-02-21,-24.95,groceries,card
T004210,C0062,2026-02-21,-64.54,retail,card
T004488,C0066,2026-02-21,-14.91,transport,card
T004684,C0069,2026-02-21,1590.59,salary,inbound_transfer
T004993,C0073,2026-02-21,-19.98,dining,card
T005089,C0074,2026-02-21,-253.07,transfer_out,app_transfer
T005449,C0078,2026-02-21,-268.49,transfer_out,app_transfer
T005591,C0080,2026-02-21,-25.32,dining,card
T005675,C0081,2026-02-21,-6.66,transport,card
T005754,C0082,2026-02-21,-72.53,groceries,card
T005862,C0084,2026-02-21,-39.36,groceries,card
T006319,C0090,2026-02-21,-49.14,groceries,card
T006389,C0091,2026-02-21,-75.87,groceries,card
T006605,C0094,2026-02-21,-209.59,transfer_out,app_transfer
T006769,C0096,2026-02-21,-78.37,groceries,card
T006775,C0096,2026-02-21,-47.81,retail,card
T006780,C0096,2026-02-21,-62.5,retail,card
T007064,C0100,2026-02-21,-63.3,groceries,card
T007132,C0102,2026-02-21,-28.31,transport,card
T007156,C0103,2026-02-21,-59.0,groceries,card
T007158,C0103,2026-02-21,-185.9,utilities,direct_debit
T007236,C0104,2026-02-21,4207.22,salary,inbound_transfer
T007293,C0105,2026-02-21,-14.49,transport,card
T007418,C0108,2026-02-21,-109.31,retail,card
T007582,C0110,2026-02-21,-16.92,transport,card
T007729,C0112,2026-02-21,-17.56,subscription,direct_debit
T007737,C0112,2026-02-21,-123.2,utilities,direct_debit
T007739,C0112,2026-02-21,-9.26,subscription,direct_debit
T007811,C0113,2026-02-21,-10.45,subscription,direct_debit
T007850,C0114,2026-02-21,4106.31,salary,inbound_transfer
T007990,C0116,2026-02-21,-73.0,groceries,card
T008124,C0118,2026-02-21,-202.89,utilities,direct_debit
T008195,C0119,2026-02-21,-28.06,transport,card
T008355,C0121,2026-02-21,3359.42,salary,inbound_transfer
T008359,C0121,2026-02-21,-28.43,transport,card
T008366,C0121,2026-02-21,-25.76,dining,card
T009023,C0131,2026-02-21,-77.38,groceries,card
T009508,C0137,2026-02-21,-39.07,retail,card
T009552,C0138,2026-02-21,-54.6,dining,card
T009616,C0139,2026-02-21,-137.28,transfer_out,app_transfer
T009713,C0141,2026-02-21,3406.93,salary,inbound_transfer
T009941,C0144,2026-02-21,-58.22,dining,card
T009942,C0144,2026-02-21,-89.66,groceries,card
T009943,C0144,2026-02-21,-116.76,utilities,direct_debit
T010065,C0146,2026-02-21,-98.41,cash_withdrawal,atm
T010071,C0146,2026-02-21,-292.97,transfer_out,app_transfer
T010295,C0150,2026-02-21,1947.41,salary,inbound_transfer
T011037,C0159,2026-02-21,-20.99,subscription,direct_debit
T011111,C0161,2026-02-21,-17.63,groceries,card
T011115,C0161,2026-02-21,-15.45,dining,card
T011120,C0161,2026-02-21,-45.65,groceries,card
T011226,C0162,2026-02-21,-32.03,dining,card
T011227,C0162,2026-02-21,-20.07,dining,card
T011597,C0167,2026-02-21,-47.33,groceries,card
T012055,C0173,2026-02-21,-64.64,retail,card
T012197,C0175,2026-02-21,-101.92,retail,card
T012256,C0176,2026-02-21,-223.35,transfer_out,app_transfer
T012465,C0179,2026-02-21,-54.71,dining,card
T012524,C0180,2026-02-21,-137.5,utilities,direct_debit
T012829,C0185,2026-02-21,-250.44,transfer_out,app_transfer
T013058,C0188,2026-02-21,-31.25,retail,card
T013153,C0189,2026-02-21,880.35,salary,inbound_transfer
T013159,C0189,2026-02-21,-5.84,transport,card
T013163,C0189,2026-02-21,-20.43,subscription,direct_debit
T013310,C0191,2026-02-21,-77.78,retail,card
T013585,C0196,2026-02-21,-10.97,transport,card
T013689,C0197,2026-02-21,-107.82,utilities,direct_debit
T013842,C0199,2026-02-21,1364.01,salary,inbound_transfer
T013843,C0199,2026-02-21,-94.2,retail,card
T000147,C0003,2026-02-22,-56.27,groceries,card
T000213,C0004,2026-02-22,-27.76,groceries,card
T000287,C0005,2026-02-22,-70.58,cash_withdrawal,atm
T000288,C0005,2026-02-22,-38.14,cash_withdrawal,atm
T000453,C0008,2026-02-22,-72.55,groceries,card
T000455,C0008,2026-02-22,-78.44,transfer_out,app_transfer
T000598,C0010,2026-02-22,-13.4,subscription,direct_debit
T000745,C0012,2026-02-22,-67.09,retail,card
T000878,C0014,2026-02-22,-211.13,transfer_out,app_transfer
T000880,C0014,2026-02-22,-92.22,cash_withdrawal,atm
T000924,C0015,2026-02-22,-61.15,retail,card
T000987,C0016,2026-02-22,-60.13,retail,card
T001219,C0019,2026-02-22,-23.07,transport,card
T001438,C0022,2026-02-22,-6.91,subscription,direct_debit
T001601,C0024,2026-02-22,-53.85,groceries,card
T001756,C0026,2026-02-22,-26.46,transport,card
T002160,C0031,2026-02-22,-52.36,groceries,card
T002168,C0031,2026-02-22,-38.01,groceries,card
T002352,C0034,2026-02-22,-72.83,utilities,direct_debit
T002513,C0037,2026-02-22,-43.17,dining,card
T002661,C0039,2026-02-22,-11.78,subscription,direct_debit
T002875,C0042,2026-02-22,-247.65,transfer_out,app_transfer
T003023,C0044,2026-02-22,-25.25,transport,card
T003272,C0048,2026-02-22,-198.64,utilities,direct_debit
T003307,C0049,2026-02-22,-91.85,groceries,card
T003596,C0052,2026-02-22,-23.66,subscription,direct_debit
T003846,C0055,2026-02-22,-20.37,transport,card
T003939,C0056,2026-02-22,-20.47,dining,card
T004088,C0060,2026-02-22,-26.41,transport,card
T004485,C0066,2026-02-22,-36.0,dining,card
T004757,C0070,2026-02-22,3120.58,salary,inbound_transfer
T004843,C0071,2026-02-22,-71.69,groceries,card
T004926,C0072,2026-02-22,-63.42,retail,card
T005178,C0075,2026-02-22,-21.75,transport,card
T005181,C0075,2026-02-22,-71.55,retail,card
T005801,C0083,2026-02-22,-89.95,retail,card
T005805,C0083,2026-02-22,-24.75,transport,card
T006079,C0087,2026-02-22,-51.29,dining,card
T006219,C0089,2026-02-22,-8.34,transport,card
T006610,C0094,2026-02-22,-213.82,transfer_out,app_transfer
T006766,C0096,2026-02-22,-72.89,utilities,direct_debit
T007014,C0099,2026-02-22,-10.06,subscription,direct_debit
T007154,C0103,2026-02-22,3015.72,salary,inbound_transfer
T007345,C0106,2026-02-22,-53.2,groceries,card
T007379,C0107,2026-02-22,-74.1,groceries,card
T007387,C0107,2026-02-22,-69.13,groceries,card
T007635,C0111,2026-02-22,-239.83,transfer_out,app_transfer
T007977,C0116,2026-02-22,-19.71,transport,card
T007985,C0116,2026-02-22,-13.84,transport,card
T008122,C0118,2026-02-22,-15.18,transport,card
T008196,C0119,2026-02-22,-70.15,groceries,card
T008270,C0120,2026-02-22,-52.45,groceries,card
T008464,C0124,2026-02-22,-38.01,groceries,card
T009442,C0136,2026-02-22,-21.17,groceries,card
T009615,C0139,2026-02-22,3231.93,salary,inbound_transfer
T009717,C0141,2026-02-22,-57.62,retail,card
T010061,C0146,2026-02-22,-56.87,groceries,card
T010510,C0152,2026-02-22,-260.24,transfer_out,app_transfer
T010511,C0152,2026-02-22,-130.62,transfer_out,app_transfer
T010588,C0153,2026-02-22,-83.87,groceries,card
T010593,C0153,2026-02-22,-42.82,groceries,card
T010739,C0155,2026-02-22,-27.05,retail,card
T010978,C0158,2026-02-22,3344.33,salary,inbound_transfer
T010983,C0158,2026-02-22,-100.75,utilities,direct_debit
T011109,C0161,2026-02-22,3390.96,salary,inbound_transfer
T011124,C0161,2026-02-22,-200.24,transfer_out,app_transfer
T011228,C0162,2026-02-22,-158.56,utilities,direct_debit
T011305,C0163,2026-02-22,-26.3,dining,card
T011687,C0168,2026-02-22,-68.7,cash_withdrawal,atm
T011691,C0168,2026-02-22,-37.8,retail,card
T012105,C0174,2026-02-22,-39.05,utilities,direct_debit
T012264,C0176,2026-02-22,-48.37,utilities,direct_debit
T012398,C0178,2026-02-22,890.91,salary,inbound_transfer
T012570,C0181,2026-02-22,-102.78,utilities,direct_debit
T012637,C0182,2026-02-22,-55.54,groceries,card
T012709,C0183,2026-02-22,-56.02,retail,card
T012991,C0187,2026-02-22,-64.75,groceries,card
T013068,C0188,2026-02-22,-59.33,groceries,card
T013161,C0189,2026-02-22,-55.72,dining,card
T013575,C0196,2026-02-22,3553.5,salary,inbound_transfer
T013680,C0197,2026-02-22,-28.64,retail,card
T013896,C0200,2026-02-22,-40.97,dining,card
T000018,C0001,2026-02-23,-20.6,subscription,direct_debit
T000020,C0001,2026-02-23,-54.87,cash_withdrawal,atm
T000091,C0002,2026-02-23,-23.44,subscription,direct_debit
T000214,C0004,2026-02-23,-21.41,subscription,direct_debit
T000215,C0004,2026-02-23,-68.33,groceries,card
T000337,C0006,2026-02-23,-43.78,groceries,card
T000440,C0007,2026-02-23,-36.99,dining,card
T000456,C0008,2026-02-23,-40.49,dining,card
T000599,C0010,2026-02-23,-72.06,groceries,card
T000743,C0012,2026-02-23,-73.53,retail,card
T000918,C0015,2026-02-23,-52.93,cash_withdrawal,atm
T000985,C0016,2026-02-23,-47.43,dining,card
T001598,C0024,2026-02-23,-12.94,transport,card
T001821,C0027,2026-02-23,-189.1,utilities,direct_debit
T002314,C0033,2026-02-23,-35.85,groceries,card
T002355,C0034,2026-02-23,-17.28,groceries,card
T002357,C0034,2026-02-23,-59.58,retail,card
T002666,C0039,2026-02-23,-25.22,cash_withdrawal,atm
T002793,C0041,2026-02-23,-22.61,transport,card
T002944,C0043,2026-02-23,-42.12,groceries,card
T003027,C0044,2026-02-23,-111.19,transfer_out,app_transfer
T003123,C0046,2026-02-23,-87.9,retail,card
T003605,C0052,2026-02-23,-68.32,utilities,direct_debit
T003687,C0053,2026-02-23,-51.68,retail,card
T003945,C0056,2026-02-23,-28.05,dining,card
T004031,C0058,2026-02-23,-89.36,retail,card
T004206,C0062,2026-02-23,-39.59,dining,card
T004415,C0065,2026-02-23,-75.77,cash_withdrawal,atm
T004613,C0068,2026-02-23,920.58,salary,inbound_transfer
T004763,C0070,2026-02-23,-24.29,retail,card
T004840,C0071,2026-02-23,-53.09,dining,card
T005177,C0075,2026-02-23,-213.41,transfer_out,app_transfer
T005679,C0081,2026-02-23,-35.94,groceries,card
T005802,C0083,2026-02-23,-21.71,groceries,card
T005988,C0086,2026-02-23,-36.2,retail,card
T005989,C0086,2026-02-23,-32.14,groceries,card
T006227,C0089,2026-02-23,-114.38,transfer_out,app_transfer
T007072,C0100,2026-02-23,-15.73,dining,card
T007166,C0103,2026-02-23,-53.2,dining,card
T007342,C0106,2026-02-23,-35.21,dining,card
T007343,C0106,2026-02-23,-104.16,retail,card
T007389,C0107,2026-02-23,-92.06,retail,card
T007468,C0109,2026-02-23,796.25,salary,inbound_transfer
T007477,C0109,2026-02-23,-57.57,cash_withdrawal,atm
T007730,C0112,2026-02-23,-28.02,groceries,card
T008199,C0119,2026-02-23,-153.47,transfer_out,app_transfer
T008202,C0119,2026-02-23,-109.29,retail,card
T008474,C0124,2026-02-23,-27.47,retail,card
T008635,C0126,2026-02-23,-73.75,groceries,card
T008640,C0126,2026-02-23,-106.72,transfer_out,app_transfer
T008795,C0128,2026-02-23,-92.33,groceries,card
T008796,C0128,2026-02-23,-9.83,subscription,direct_debit
T008941,C0130,2026-02-23,-32.26,dining,card
T009203,C0133,2026-02-23,-147.9,utilities,direct_debit
T009557,C0138,2026-02-23,-53.96,cash_withdrawal,atm
T009560,C0138,2026-02-23,-56.53,dining,card
T009643,C0140,2026-02-23,-54.82,groceries,card
T009795,C0142,2026-02-23,-269.84,transfer_out,app_transfer
T009800,C0142,2026-02-23,-43.92,dining,card
T009904,C0143,2026-02-23,-22.84,dining,card
T010297,C0150,2026-02-23,-114.24,retail,card
T010402,C0151,2026-02-23,-59.46,retail,card
T011033,C0159,2026-02-23,-74.63,utilities,direct_debit
T011523,C0166,2026-02-23,-92.11,utilities,direct_debit
T011524,C0166,2026-02-23,-34.33,retail,card
T011788,C0169,2026-02-23,-66.25,groceries,card
T011793,C0169,2026-02-23,-21.97,groceries,card
T011795,C0169,2026-02-23,-231.07,transfer_out,app_transfer
T012456,C0179,2026-02-23,-31.48,cash_withdrawal,atm
T012628,C0182,2026-02-23,-48.79,dining,card
T012799,C0184,2026-02-23,-41.26,dining,card
T012918,C0186,2026-02-23,-24.28,subscription,direct_debit
T013166,C0189,2026-02-23,-120.73,retail,card
T013223,C0190,2026-02-23,-84.2,groceries,card
T013429,C0193,2026-02-23,-23.91,transport,card
T013533,C0195,2026-02-23,-45.27,dining,card
T013677,C0197,2026-02-23,-87.08,groceries,card
T013785,C0198,2026-02-23,-46.44,cash_withdrawal,atm
T013890,C0200,2026-02-23,-68.68,retail,card
T000291,C0005,2026-02-24,-37.72,dining,card
T000459,C0008,2026-02-24,-21.57,transport,card
T000530,C0009,2026-02-24,-43.69,dining,card
T000972,C0016,2026-02-24,4304.18,salary,inbound_transfer
T000973,C0016,2026-02-24,-27.03,transport,card
T000989,C0016,2026-02-24,-65.22,groceries,card
T001065,C0017,2026-02-24,-21.0,transport,card
T001139,C0018,2026-02-24,2694.24,salary,inbound_transfer
T001360,C0021,2026-02-24,-91.05,cash_withdrawal,atm
T001368,C0021,2026-02-24,-61.44,dining,card
T001442,C0022,2026-02-24,-22.14,subscription,direct_debit
T001605,C0024,2026-02-24,-67.11,groceries,card
T001980,C0029,2026-02-24,-61.53,dining,card
T002308,C0033,2026-02-24,-120.63,retail,card
T002431,C0036,2026-02-24,-284.26,transfer_out,app_transfer
T002615,C0038,2026-02-24,-43.47,dining,card
T002658,C0039,2026-02-24,-49.66,utilities,direct_debit
T002749,C0040,2026-02-24,-60.4,retail,card
T002757,C0040,2026-02-24,-73.81,groceries,card
T003029,C0044,2026-02-24,-14.01,subscription,direct_debit
T003114,C0046,2026-02-24,-20.19,subscription,direct_debit
T003386,C0050,2026-02-24,-70.79,cash_withdrawal,atm
T003795,C0054,2026-02-24,-118.94,utilities,direct_debit
T003929,C0056,2026-02-24,1924.6,salary,inbound_transfer
T004181,C0061,2026-02-24,-27.65,transport,card
T005080,C0074,2026-02-24,3265.87,salary,inbound_transfer
T005175,C0075,2026-02-24,864.12,salary,inbound_transfer
T005456,C0078,2026-02-24,-126.77,transfer_out,app_transfer
T005501,C0079,2026-02-24,3971.17,salary,inbound_transfer
T005588,C0080,2026-02-24,-72.81,groceries,card
T005593,C0080,2026-02-24,-43.82,groceries,card
T005758,C0082,2026-02-24,-30.51,transport,card
T006304,C0090,2026-02-24,1181.17,salary,inbound_transfer
T006307,C0090,2026-02-24,-40.48,cash_withdrawal,atm
T006441,C0092,2026-02-24,-207.07,utilities,direct_debit
T006606,C0094,2026-02-24,-42.24,groceries,card
T006770,C0096,2026-02-24,-136.23,transfer_out,app_transfer
T006914,C0098,2026-02-24,930.86,salary,inbound_transfer
T006929,C0098,2026-02-24,-107.62,cash_withdrawal,atm
T007240,C0104,2026-02-24,-12.3,subscription,direct_debit
T007381,C0107,2026-02-24,-47.37,retail,card
T007469,C0109,2026-02-24,908.19,salary,inbound_transfer
T007483,C0109,2026-02-24,-46.2,dining,card
T007592,C0110,2026-02-24,-179.0,utilities,direct_debit
T007627,C0111,2026-02-24,3723.77,salary,inbound_transfer
T007634,C0111,2026-02-24,-23.9,transport,card
T007727,C0112,2026-02-24,-12.02,transport,card
T007895,C0115,2026-02-24,805.68,salary,inbound_transfer
T007972,C0116,2026-02-24,3308.15,salary,inbound_transfer
T007984,C0116,2026-02-24,-102.35,retail,card
T008402,C0122,2026-02-24,1306.8,salary,inbound_transfer
T008717,C0127,2026-02-24,-56.16,retail,card
T008721,C0127,2026-02-24,-13.76,transport,card
T008792,C0128,2026-02-24,-53.44,groceries,card
T009440,C0136,2026-02-24,-25.45,transport,card
T009509,C0137,2026-02-24,-284.31,transfer_out,app_transfer
T009549,C0138,2026-02-24,-21.22,subscription,direct_debit
T009561,C0138,2026-02-24,-372.91,transfer_out,app_transfer
T009638,C0140,2026-02-24,-6.25,transport,card
T009721,C0141,2026-02-24,-61.54,dining,card
T009724,C0141,2026-02-24,-18.27,subscription,direct_debit
T009981,C0145,2026-02-24,-166.87,transfer_out,app_transfer
T010070,C0146,2026-02-24,-11.0,subscription,direct_debit
T010300,C0150,2026-02-24,-25.59,subscription,direct_debit
T010303,C0150,2026-02-24,-231.35,transfer_out,app_transfer
T010401,C0151,2026-02-24,-31.67,groceries,card
T010404,C0151,2026-02-24,-37.55,dining,card
T010407,C0151,2026-02-24,-71.0,retail,card
T010410,C0151,2026-02-24,-57.15,groceries,card
T010742,C0155,2026-02-24,-18.92,dining,card
T011113,C0161,2026-02-24,-214.09,transfer_out,app_transfer
T011233,C0162,2026-02-24,-87.47,retail,card
T011303,C0163,2026-02-24,-123.22,transfer_out,app_transfer
T011519,C0166,2026-02-24,-27.45,groceries,card
T011592,C0167,2026-02-24,-17.82,subscription,direct_debit
T012016,C0172,2026-02-24,-30.18,transport,card
T012026,C0172,2026-02-24,-54.51,groceries,card
T012348,C0177,2026-02-24,-39.8,cash_withdrawal,atm
T012400,C0178,2026-02-24,-312.12,transfer_out,app_transfer
T013224,C0190,2026-02-24,-47.29,dining,card
T013226,C0190,2026-02-24,-68.22,groceries,card
T013578,C0196,2026-02-24,-80.75,retail,card
T013582,C0196,2026-02-24,-25.48,transport,card
T013587,C0196,2026-02-24,-36.35,dining,card
T013888,C0200,2026-02-24,-14.34,dining,card
T013892,C0200,2026-02-24,-107.73,retail,card
T000335,C0006,2026-02-25,-15.11,transport,card
T000591,C0010,2026-02-25,-46.36,retail,card
T000877,C0014,2026-02-25,-74.0,cash_withdrawal,atm
T000919,C0015,2026-02-25,-37.0,groceries,card
T000977,C0016,2026-02-25,-25.69,transport,card
T001061,C0017,2026-02-25,-21.78,dining,card
T001217,C0019,2026-02-25,-24.05,groceries,card
T001320,C0020,2026-02-25,-5.66,transport,card
T001690,C0025,2026-02-25,2302.26,salary,inbound_transfer
T001695,C0025,2026-02-25,-12.31,transport,card
T001704,C0025,2026-02-25,-12.48,subscription,direct_debit
T001825,C0027,2026-02-25,-225.11,transfer_out,app_transfer
T001827,C0027,2026-02-25,-17.36,transport,card
T001882,C0028,2026-02-25,-9.56,transport,card
T001888,C0028,2026-02-25,-55.94,groceries,card
T001889,C0028,2026-02-25,-118.33,utilities,direct_debit
T001974,C0029,2026-02-25,-59.75,retail,card
T002153,C0031,2026-02-25,-12.97,dining,card
T002349,C0034,2026-02-25,-18.26,transport,card
T002434,C0036,2026-02-25,-27.67,transport,card
T002436,C0036,2026-02-25,-53.87,dining,card
T003026,C0044,2026-02-25,-101.08,retail,card
T003305,C0049,2026-02-25,2670.88,salary,inbound_transfer
T003387,C0050,2026-02-25,-160.29,utilities,direct_debit
T003791,C0054,2026-02-25,-57.23,groceries,card
T003940,C0056,2026-02-25,-86.34,groceries,card
T003998,C0057,2026-02-25,-28.51,dining,card
T004003,C0057,2026-02-25,-32.04,retail,card
T004025,C0058,2026-02-25,3663.17,salary,inbound_transfer
T004297,C0063,2026-02-25,-77.95,groceries,card
T004413,C0065,2026-02-25,-31.11,groceries,card
T004566,C0067,2026-02-25,-58.89,utilities,direct_debit
T005081,C0074,2026-02-25,-171.05,utilities,direct_debit
T005090,C0074,2026-02-25,-56.11,cash_withdrawal,atm
T005184,C0075,2026-02-25,-12.31,dining,card
T005587,C0080,2026-02-25,-12.74,transport,card
T005671,C0081,2026-02-25,-57.95,retail,card
T005863,C0084,2026-02-25,-87.04,groceries,card
T005900,C0085,2026-02-25,-29.24,groceries,card
T006532,C0093,2026-02-25,-142.61,transfer_out,app_transfer
T006764,C0096,2026-02-25,4144.38,salary,inbound_transfer
T006868,C0097,2026-02-25,-24.98,subscription,direct_debit
T007239,C0104,2026-02-25,-15.28,subscription,direct_debit
T007419,C0108,2026-02-25,-341.51,transfer_out,app_transfer
T007474,C0109,2026-02-25,-33.19,groceries,card
T007479,C0109,2026-02-25,-17.28,transport,card
T007813,C0113,2026-02-25,-28.3,transport,card
T007859,C0114,2026-02-25,-24.02,retail,card
T007974,C0116,2026-02-25,-29.46,groceries,card
T008040,C0117,2026-02-25,-31.94,dining,card
T008121,C0118,2026-02-25,-6.07,subscription,direct_debit
T008272,C0120,2026-02-25,-117.13,utilities,direct_debit
T008439,C0123,2026-02-25,-32.7,cash_withdrawal,atm
T008714,C0127,2026-02-25,-98.27,retail,card
T008715,C0127,2026-02-25,-11.45,transport,card
T009019,C0131,2026-02-25,-43.36,groceries,card
T009029,C0131,2026-02-25,-65.6,groceries,card
T009087,C0132,2026-02-25,-117.23,retail,card
T009389,C0135,2026-02-25,-8.94,transport,card
T009547,C0138,2026-02-25,2977.21,salary,inbound_transfer
T009714,C0141,2026-02-25,-61.74,cash_withdrawal,atm
T009716,C0141,2026-02-25,-91.47,groceries,card
T009799,C0142,2026-02-25,-8.25,transport,card
T009802,C0142,2026-02-25,-22.14,transport,card
T009898,C0143,2026-02-25,-17.31,transport,card
T009947,C0144,2026-02-25,-23.11,groceries,card
T010068,C0146,2026-02-25,-248.93,transfer_out,app_transfer
T010157,C0148,2026-02-25,-274.33,transfer_out,app_transfer
T010233,C0149,2026-02-25,1270.44,salary,inbound_transfer
T010238,C0149,2026-02-25,-12.25,transport,card
T010243,C0149,2026-02-25,-25.45,cash_withdrawal,atm
T010311,C0150,2026-02-25,-236.96,transfer_out,app_transfer
T010398,C0151,2026-02-25,-8.3,subscription,direct_debit
T010664,C0154,2026-02-25,-93.79,cash_withdrawal,atm
T011032,C0159,2026-02-25,-36.13,retail,card
T011089,C0160,2026-02-25,-24.63,dining,card
T011517,C0166,2026-02-25,3246.08,salary,inbound_transfer
T011800,C0169,2026-02-25,-55.94,retail,card
T011878,C0170,2026-02-25,-20.57,transport,card
T012107,C0174,2026-02-25,-105.09,utilities,direct_debit
T012345,C0177,2026-02-25,-58.64,groceries,card
T012531,C0180,2026-02-25,-14.33,dining,card
T013055,C0188,2026-02-25,4012.22,salary,inbound_transfer
T013343,C0192,2026-02-25,-41.85,dining,card
T013780,C0198,2026-02-25,-94.73,retail,card
T013783,C0198,2026-02-25,-136.9,utilities,direct_debit
T000097,C0002,2026-02-26,-25.05,retail,card
T000143,C0003,2026-02-26,-102.27,utilities,direct_debit
T000144,C0003,2026-02-26,-46.22,groceries,card
T000345,C0006,2026-02-26,-93.93,cash_withdrawal,atm
T000589,C0010,2026-02-26,2665.82,salary,inbound_transfer
T000651,C0011,2026-02-26,-33.93,dining,card
T000744,C0012,2026-02-26,-53.55,dining,card
T000801,C0013,2026-02-26,953.57,salary,inbound_transfer
T000803,C0013,2026-02-26,-10.28,subscription,direct_debit
T000805,C0013,2026-02-26,-26.3,dining,card
T000882,C0014,2026-02-26,-90.86,utilities,direct_debit
T001216,C0019,2026-02-26,-59.99,retail,card
T001315,C0020,2026-02-26,1361.65,salary,inbound_transfer
T001328,C0020,2026-02-26,-11.51,dining,card
T001433,C0022,2026-02-26,1575.2,salary,inbound_transfer
T001435,C0022,2026-02-26,1213.59,salary,inbound_transfer
T001510,C0023,2026-02-26,-63.18,groceries,card
T001512,C0023,2026-02-26,-27.03,groceries,card
T001600,C0024,2026-02-26,-202.87,utilities,direct_debit
T001692,C0025,2026-02-26,-45.36,groceries,card
T001975,C0029,2026-02-26,-15.25,dining,card
T002163,C0031,2026-02-26,-37.71,dining,card
T002222,C0032,2026-02-26,-20.23,cash_withdrawal,atm
T002305,C0033,2026-02-26,-29.84,cash_withdrawal,atm
T002604,C0038,2026-02-26,4157.99,salary,inbound_transfer
T002607,C0038,2026-02-26,-13.88,transport,card
T002868,C0042,2026-02-26,-4.99,subscription,direct_debit
T003206,C0047,2026-02-26,-14.34,subscription,direct_debit
T003493,C0051,2026-02-26,-13.93,transport,card
T003601,C0052,2026-02-26,-33.73,retail,card
T004095,C0060,2026-02-26,-24.49,subscription,direct_debit
T004204,C0062,2026-02-26,-55.89,cash_withdrawal,atm
T004211,C0062,2026-02-26,-50.64,groceries,card
T004490,C0066,2026-02-26,-9.61,transport,card
T004559,C0067,2026-02-26,936.19,salary,inbound_transfer
T004565,C0067,2026-02-26,-41.72,groceries,card
T004685,C0069,2026-02-26,1576.21,salary,inbound_transfer
T004761,C0070,2026-02-26,-88.78,groceries,card
T005182,C0075,2026-02-26,-27.23,dining,card
T005275,C0076,2026-02-26,-207.84,transfer_out,app_transfer
T005360,C0077,2026-02-26,-50.03,cash_withdrawal,atm
T005504,C0079,2026-02-26,-38.53,groceries,card
T005507,C0079,2026-02-26,-35.73,groceries,card
T005510,C0079,2026-02-26,-191.45,utilities,direct_debit
T005674,C0081,2026-02-26,-200.3,transfer_out,app_transfer
T005752,C0082,2026-02-26,-97.53,retail,card
T005888,C0085,2026-02-26,-30.23,groceries,card
T006120,C0088,2026-02-26,-18.99,transport,card
T006311,C0090,2026-02-26,-90.73,retail,card
T006386,C0091,2026-02-26,-18.84,dining,card
T006445,C0092,2026-02-26,-57.86,cash_withdrawal,atm
T006866,C0097,2026-02-26,-55.5,cash_withdrawal,atm
T007065,C0100,2026-02-26,-16.28,subscription,direct_debit
T007073,C0100,2026-02-26,-54.53,retail,card
T007385,C0107,2026-02-26,-164.77,transfer_out,app_transfer
T007467,C0109,2026-02-26,868.11,salary,inbound_transfer
T007583,C0110,2026-02-26,-62.39,retail,card
T007853,C0114,2026-02-26,-22.17,groceries,card
T007982,C0116,2026-02-26,-270.73,transfer_out,app_transfer
T007987,C0116,2026-02-26,-48.12,groceries,card
T008429,C0123,2026-02-26,779.11,salary,inbound_transfer
T008462,C0124,2026-02-26,-82.6,groceries,card
T008952,C0130,2026-02-26,-29.83,groceries,card
T009092,C0132,2026-02-26,-39.0,dining,card
T009195,C0133,2026-02-26,-20.62,transport,card
T009387,C0135,2026-02-26,-161.22,utilities,direct_debit
T009715,C0141,2026-02-26,-33.94,dining,card
T009798,C0142,2026-02-26,-191.2,transfer_out,app_transfer
T009899,C0143,2026-02-26,-14.59,subscription,direct_debit
T009907,C0143,2026-02-26,-35.84,cash_withdrawal,atm
T010155,C0148,2026-02-26,-22.96,dining,card
T010158,C0148,2026-02-26,-22.34,transport,card
T010244,C0149,2026-02-26,-171.41,utilities,direct_debit
T010299,C0150,2026-02-26,-383.36,transfer_out,app_transfer
T010302,C0150,2026-02-26,-15.9,transport,card
T010305,C0150,2026-02-26,-49.43,cash_withdrawal,atm
T010400,C0151,2026-02-26,-54.56,dining,card
T010408,C0151,2026-02-26,-50.26,dining,card
T010659,C0154,2026-02-26,-7.52,transport,card
T010902,C0157,2026-02-26,-18.33,transport,card
T011027,C0159,2026-02-26,3331.9,salary,inbound_transfer
T011237,C0162,2026-02-26,-167.13,utilities,direct_debit
T011238,C0162,2026-02-26,-99.63,retail,card
T011457,C0165,2026-02-26,-12.46,subscription,direct_debit
T011786,C0169,2026-02-26,1449.52,salary,inbound_transfer
T012056,C0173,2026-02-26,-41.73,groceries,card
T012352,C0177,2026-02-26,-139.16,utilities,direct_debit
T012522,C0180,2026-02-26,-76.38,retail,card
T012523,C0180,2026-02-26,-36.95,dining,card
T012526,C0180,2026-02-26,-38.72,dining,card
T012575,C0181,2026-02-26,-89.66,retail,card
T012631,C0182,2026-02-26,-57.32,groceries,card
T012632,C0182,2026-02-26,-8.62,subscription,direct_debit
T012832,C0185,2026-02-26,-12.96,dining,card
T013071,C0188,2026-02-26,-47.76,dining,card
T013160,C0189,2026-02-26,-33.21,retail,card
T013425,C0193,2026-02-26,3984.62,salary,inbound_transfer
T013505,C0194,2026-02-26,-389.62,transfer_out,app_transfer
T000019,C0001,2026-02-27,-301.82,transfer_out,app_transfer
T000342,C0006,2026-02-27,-23.58,groceries,card
T000534,C0009,2026-02-27,-177.24,utilities,direct_debit
T000642,C0011,2026-02-27,1542.01,salary,inbound_transfer
T000658,C0011,2026-02-27,-42.78,retail,card
T000746,C0012,2026-02-27,-72.07,groceries,card
T000748,C0012,2026-02-27,-17.71,subscription,direct_debit
T000916,C0015,2026-02-27,-99.11,retail,card
T001057,C0017,2026-02-27,-48.31,dining,card
T001365,C0021,2026-02-27,-18.22,transport,card
T001753,C0026,2026-02-27,-89.81,groceries,card
T001881,C0028,2026-02-27,2797.48,salary,inbound_transfer
T002062,C0030,2026-02-27,-88.15,retail,card
T002165,C0031,2026-02-27,-79.21,retail,card
T002166,C0031,2026-02-27,-43.47,dining,card
T002211,C0032,2026-02-27,3460.28,salary,inbound_transfer
T002350,C0034,2026-02-27,-99.75,retail,card
T002439,C0036,2026-02-27,-50.94,dining,card
T002505,C0037,2026-02-27,-45.32,dining,card
T002613,C0038,2026-02-27,-89.41,groceries,card
T002664,C0039,2026-02-27,-21.59,groceries,card
T003033,C0044,2026-02-27,-12.29,transport,card
T003116,C0046,2026-02-27,-62.32,groceries,card
T003201,C0047,2026-02-27,-345.96,transfer_out,app_transfer
T003389,C0050,2026-02-27,-91.79,cash_withdrawal,atm
T003600,C0052,2026-02-27,-56.31,dining,card
T003602,C0052,2026-02-27,-26.41,dining,card
T003688,C0053,2026-02-27,-19.56,transport,card
T003854,C0055,2026-02-27,-34.61,retail,card
T004200,C0062,2026-02-27,-101.95,transfer_out,app_transfer
T004207,C0062,2026-02-27,-53.78,utilities,direct_debit
T004348,C0064,2026-02-27,-90.61,groceries,card
T004482,C0066,2026-02-27,-68.96,groceries,card
T004568,C0067,2026-02-27,-56.05,dining,card
T004758,C0070,2026-02-27,-27.03,cash_withdrawal,atm
T004766,C0070,2026-02-27,-8.16,subscription,direct_debit
T005277,C0076,2026-02-27,-63.92,cash_withdrawal,atm
T005366,C0077,2026-02-27,-62.12,utilities,direct_debit
T005455,C0078,2026-02-27,-26.87,dining,card
T005749,C0082,2026-02-27,-9.12,transport,card
T005755,C0082,2026-02-27,-16.25,dining,card
T005891,C0085,2026-02-27,-180.96,utilities,direct_debit
T005992,C0086,2026-02-27,-9.21,transport,card
T006216,C0089,2026-02-27,-173.11,transfer_out,app_transfer
T006917,C0098,2026-02-27,-353.02,transfer_out,app_transfer
T007067,C0100,2026-02-27,-104.96,utilities,direct_debit
T007164,C0103,2026-02-27,-10.49,transport,card
T007244,C0104,2026-02-27,-43.42,dining,card
T007344,C0106,2026-02-27,-41.94,dining,card
T007586,C0110,2026-02-27,-58.26,groceries,card
T007735,C0112,2026-02-27,-90.42,cash_withdrawal,atm
T008032,C0117,2026-02-27,-115.99,retail,card
T008368,C0121,2026-02-27,-148.54,utilities,direct_debit
T008543,C0125,2026-02-27,-116.19,transfer_out,app_transfer
T008547,C0125,2026-02-27,-17.45,groceries,card
T008639,C0126,2026-02-27,-83.01,retail,card
T009022,C0131,2026-02-27,-18.4,transport,card
T009090,C0132,2026-02-27,-17.25,dining,card
T009385,C0135,2026-02-27,-66.45,cash_withdrawal,atm
T009444,C0136,2026-02-27,-14.8,transport,card
T009617,C0139,2026-02-27,-16.98,transport,card
T009725,C0141,2026-02-27,-113.47,retail,card
T010127,C0147,2026-02-27,2675.97,salary,inbound_transfer
T010129,C0147,2026-02-27,-6.11,subscription,direct_debit
T010307,C0150,2026-02-27,-78.14,retail,card
T010505,C0152,2026-02-27,-87.52,retail,card
T010665,C0154,2026-02-27,-76.77,cash_withdrawal,atm
T010981,C0158,2026-02-27,-31.82,dining,card
T011300,C0163,2026-02-27,-151.42,transfer_out,app_transfer
T011697,C0168,2026-02-27,-49.83,groceries,card
T011798,C0169,2026-02-27,-336.52,transfer_out,app_transfer
T011877,C0170,2026-02-27,-393.5,transfer_out,app_transfer
T012022,C0172,2026-02-27,-83.49,groceries,card
T012263,C0176,2026-02-27,-14.79,dining,card
T012717,C0183,2026-02-27,-71.41,groceries,card
T012995,C0187,2026-02-27,-36.72,groceries,card
T013314,C0191,2026-02-27,-171.23,transfer_out,app_transfer
T013339,C0192,2026-02-27,-20.84,dining,card
T013544,C0195,2026-02-27,-18.33,dining,card
T013576,C0196,2026-02-27,-30.41,groceries,card
T013577,C0196,2026-02-27,-166.31,utilities,direct_debit
T013586,C0196,2026-02-27,-67.34,cash_withdrawal,atm
T013676,C0197,2026-02-27,3070.98,salary,inbound_transfer
T000283,C0005,2026-02-28,-136.67,utilities,direct_debit
T000527,C0009,2026-02-28,-76.12,groceries,card
T000656,C0011,2026-02-28,-54.8,retail,card
T000751,C0012,2026-02-28,-22.98,transport,card
T000923,C0015,2026-02-28,-25.56,transport,card
T001143,C0018,2026-02-28,-89.02,groceries,card
T001222,C0019,2026-02-28,-17.06,transport,card
T001325,C0020,2026-02-28,-96.45,cash_withdrawal,atm
T001327,C0020,2026-02-28,-8.67,transport,card
T001362,C0021,2026-02-28,-75.11,cash_withdrawal,atm
T001693,C0025,2026-02-28,-55.33,retail,card
T001822,C0027,2026-02-28,-112.39,retail,card
T001977,C0029,2026-02-28,-86.49,groceries,card
T002063,C0030,2026-02-28,-91.86,retail,card
T002069,C0030,2026-02-28,-179.07,transfer_out,app_transfer
T002070,C0030,2026-02-28,-97.19,utilities,direct_debit
T002415,C0035,2026-02-28,-92.0,groceries,card
T002440,C0036,2026-02-28,-37.25,groceries,card
T002617,C0038,2026-02-28,-11.84,dining,card
T003032,C0044,2026-02-28,-23.01,dining,card
T003067,C0045,2026-02-28,-68.59,groceries,card
T003071,C0045,2026-02-28,-74.57,groceries,card
T003122,C0046,2026-02-28,-47.4,dining,card
T003199,C0047,2026-02-28,-17.91,groceries,card
T003380,C0050,2026-02-28,-115.05,retail,card
T003489,C0051,2026-02-28,2279.76,salary,inbound_transfer
T003494,C0051,2026-02-28,-61.63,groceries,card
T003934,C0056,2026-02-28,-105.54,cash_withdrawal,atm
T003997,C0057,2026-02-28,-5.59,subscription,direct_debit
T004199,C0062,2026-02-28,3457.04,salary,inbound_transfer
T005180,C0075,2026-02-28,-280.45,transfer_out,app_transfer
T005502,C0079,2026-02-28,-202.19,transfer_out,app_transfer
T005677,C0081,2026-02-28,-61.14,dining,card
T005678,C0081,2026-02-28,-50.74,retail,card
T005890,C0085,2026-02-28,-38.84,groceries,card
T006213,C0089,2026-02-28,1346.82,salary,inbound_transfer
T006530,C0093,2026-02-28,3604.22,salary,inbound_transfer
T006863,C0097,2026-02-28,-11.08,subscription,direct_debit
T006867,C0097,2026-02-28,-162.45,utilities,direct_debit
T007070,C0100,2026-02-28,-83.15,groceries,card
T007163,C0103,2026-02-28,-23.55,subscription,direct_debit
T007341,C0106,2026-02-28,-73.57,groceries,card
T007346,C0106,2026-02-28,-101.88,retail,card
T007411,C0108,2026-02-28,-37.14,dining,card
T007587,C0110,2026-02-28,-132.43,utilities,direct_debit
T007854,C0114,2026-02-28,-18.42,groceries,card
T007856,C0114,2026-02-28,-77.86,retail,card
T008042,C0117,2026-02-28,-6.03,subscription,direct_debit
T008116,C0118,2026-02-28,-24.75,subscription,direct_debit
T008201,C0119,2026-02-28,-51.66,utilities,direct_debit
T008361,C0121,2026-02-28,-61.53,cash_withdrawal,atm
T008544,C0125,2026-02-28,-60.4,cash_withdrawal,atm
T008633,C0126,2026-02-28,2001.25,salary,inbound_transfer
T008720,C0127,2026-02-28,-14.12,transport,card
T008948,C0130,2026-02-28,-99.17,utilities,direct_debit
T009028,C0131,2026-02-28,-13.08,dining,card
T009199,C0133,2026-02-28,-28.33,transport,card
T009286,C0134,2026-02-28,-58.04,retail,card
T009287,C0134,2026-02-28,-42.86,cash_withdrawal,atm
T009292,C0134,2026-02-28,-9.32,subscription,direct_debit
T009553,C0138,2026-02-28,-367.07,transfer_out,app_transfer
T009801,C0142,2026-02-28,-28.57,groceries,card
T009978,C0145,2026-02-28,-76.25,groceries,card
T010655,C0154,2026-02-28,839.06,salary,inbound_transfer
T010825,C0156,2026-02-28,-63.32,retail,card
T010901,C0157,2026-02-28,-12.18,dining,card
T010980,C0158,2026-02-28,-28.22,transport,card
T011122,C0161,2026-02-28,-26.06,groceries,card
T011388,C0164,2026-02-28,-60.18,retail,card
T011688,C0168,2026-02-28,-24.19,transport,card
T011797,C0169,2026-02-28,-126.64,retail,card
T012060,C0173,2026-02-28,-18.24,transport,card
T012110,C0174,2026-02-28,-322.42,transfer_out,app_transfer
T012520,C0180,2026-02-28,-49.51,dining,card
T012529,C0180,2026-02-28,-16.81,transport,card
T012574,C0181,2026-02-28,-105.49,cash_withdrawal,atm
T012639,C0182,2026-02-28,-163.13,transfer_out,app_transfer
T012721,C0183,2026-02-28,-91.99,transfer_out,app_transfer
T013333,C0192,2026-02-28,806.05,salary,inbound_transfer
T013504,C0194,2026-02-28,-122.1,retail,card
T013543,C0195,2026-02-28,-142.55,utilities,direct_debit
T013546,C0195,2026-02-28,-15.31,dining,card
T013682,C0197,2026-02-28,-22.54,subscription,direct_debit
T000026,C0001,2026-03-01,-29.42,cash_withdrawal,atm
T000102,C0002,2026-03-01,-73.35,groceries,card
T000103,C0002,2026-03-01,-36.92,dining,card
T000360,C0006,2026-03-01,-30.83,dining,card
T000464,C0008,2026-03-01,3118.73,salary,inbound_transfer
T001070,C0017,2026-03-01,-40.84,retail,card
T001074,C0017,2026-03-01,-15.09,transport,card
T001149,C0018,2026-03-01,-14.96,dining,card
T001329,C0020,2026-03-01,-40.05,groceries,card
T001332,C0020,2026-03-01,-6.01,transport,card
T001377,C0021,2026-03-01,-59.47,utilities,direct_debit
T001452,C0022,2026-03-01,-38.53,groceries,card
T001613,C0024,2026-03-01,-16.62,transport,card
T001903,C0028,2026-03-01,-82.96,cash_withdrawal,atm
T002072,C0030,2026-03-01,1369.87,salary,inbound_transfer
T002441,C0036,2026-03-01,3721.69,salary,inbound_transfer
T002516,C0037,2026-03-01,1274.6,salary,inbound_transfer
T002622,C0038,2026-03-01,-67.77,groceries,card
T003618,C0052,2026-03-01,-35.25,dining,card
T004216,C0062,2026-03-01,-85.12,groceries,card
T004860,C0071,2026-03-01,-8.68,transport,card
T005186,C0075,2026-03-01,924.02,salary,inbound_transfer
T005463,C0078,2026-03-01,-65.95,cash_withdrawal,atm
T005902,C0085,2026-03-01,-160.46,transfer_out,app_transfer
T006133,C0088,2026-03-01,-50.36,dining,card
T006788,C0096,2026-03-01,-22.76,transport,card
T006878,C0097,2026-03-01,-38.33,utilities,direct_debit
T006935,C0098,2026-03-01,-18.17,subscription,direct_debit
T007255,C0104,2026-03-01,-41.22,groceries,card
T007392,C0107,2026-03-01,-111.49,transfer_out,app_transfer
T007396,C0107,2026-03-01,-41.02,dining,card
T007500,C0109,2026-03-01,-342.01,transfer_out,app_transfer
T007644,C0111,2026-03-01,-67.75,groceries,card
T007743,C0112,2026-03-01,-60.6,groceries,card
T007861,C0114,2026-03-01,-44.92,dining,card
T007905,C0115,2026-03-01,750.65,salary,inbound_transfer
T008049,C0117,2026-03-01,-63.77,groceries,card
T008056,C0117,2026-03-01,-72.07,cash_withdrawal,atm
T008128,C0118,2026-03-01,-22.89,groceries,card
T008135,C0118,2026-03-01,-91.24,cash_withdrawal,atm
T008561,C0125,2026-03-01,-24.52,transport,card
T008958,C0130,2026-03-01,-89.24,groceries,card
T009299,C0134,2026-03-01,1576.5,salary,inbound_transfer
T009305,C0134,2026-03-01,-21.78,subscription,direct_debit
T009654,C0140,2026-03-01,-116.3,utilities,direct_debit
T009915,C0143,2026-03-01,-20.92,subscription,direct_debit
T009952,C0144,2026-03-01,-143.35,transfer_out,app_transfer
T010317,C0150,2026-03-01,-60.86,groceries,card
T010415,C0151,2026-03-01,-56.73,utilities,direct_debit
T010673,C0154,2026-03-01,-25.82,subscription,direct_debit
T010910,C0157,2026-03-01,-358.3,transfer_out,app_transfer
T010920,C0157,2026-03-01,-392.07,transfer_out,app_transfer
T011042,C0159,2026-03-01,3954.04,salary,inbound_transfer
T011140,C0161,2026-03-01,-104.36,retail,card
T011471,C0165,2026-03-01,-29.46,dining,card
T011887,C0170,2026-03-01,-52.61,dining,card
T012069,C0173,2026-03-01,-51.61,dining,card
T012071,C0173,2026-03-01,-29.85,transport,card
T012121,C0174,2026-03-01,-13.08,dining,card
T012126,C0174,2026-03-01,-96.82,transfer_out,app_transfer
T012217,C0175,2026-03-01,-97.63,utilities,direct_debit
T012357,C0177,2026-03-01,-130.69,utilities,direct_debit
T012477,C0179,2026-03-01,-56.97,dining,card
T012733,C0183,2026-03-01,-22.29,transport,card
T013003,C0187,2026-03-01,-34.32,groceries,card
T013602,C0196,2026-03-01,-51.78,retail,card
T013697,C0197,2026-03-01,-93.94,retail,card
T013698,C0197,2026-03-01,-89.19,retail,card
T000031,C0001,2026-03-02,-28.51,cash_withdrawal,atm
T000105,C0002,2026-03-02,-11.59,subscription,direct_debit
T000223,C0004,2026-03-02,-68.29,groceries,card
T000468,C0008,2026-03-02,-23.58,transport,card
T000814,C0013,2026-03-02,-24.66,groceries,card
T000928,C0015,2026-03-02,-66.48,groceries,card
T000994,C0016,2026-03-02,-104.67,retail,card
T000999,C0016,2026-03-02,-106.22,utilities,direct_debit
T001077,C0017,2026-03-02,-91.49,utilities,direct_debit
T001152,C0018,2026-03-02,-37.96,dining,card
T001236,C0019,2026-03-02,-52.04,groceries,card
T001897,C0028,2026-03-02,-58.05,groceries,card
T002169,C0031,2026-03-02,1308.41,salary,inbound_transfer
T002176,C0031,2026-03-02,-18.67,dining,card
T002243,C0032,2026-03-02,-141.39,transfer_out,app_transfer
T002520,C0037,2026-03-02,-283.94,transfer_out,app_transfer
T002958,C0043,2026-03-02,-103.78,retail,card
T003072,C0045,2026-03-02,1024.41,salary,inbound_transfer
T003213,C0047,2026-03-02,-74.08,retail,card
T003395,C0050,2026-03-02,1380.63,salary,inbound_transfer
T003954,C0056,2026-03-02,-85.4,groceries,card
T004220,C0062,2026-03-02,-99.56,transfer_out,app_transfer
T004221,C0062,2026-03-02,-41.18,utilities,direct_debit
T004300,C0063,2026-03-02,-118.6,retail,card
T004576,C0067,2026-03-02,-27.22,dining,card
T004710,C0069,2026-03-02,-54.0,groceries,card
T005095,C0074,2026-03-02,-14.62,dining,card
T005188,C0075,2026-03-02,-201.13,utilities,direct_debit
T005385,C0077,2026-03-02,-10.22,transport,card
T005515,C0079,2026-03-02,-89.46,groceries,card
T005521,C0079,2026-03-02,-56.62,groceries,card
T005772,C0082,2026-03-02,-101.16,retail,card
T006129,C0088,2026-03-02,-80.14,retail,card
T006238,C0089,2026-03-02,-82.18,cash_withdrawal,atm
T006796,C0096,2026-03-02,-88.29,groceries,card
T007172,C0103,2026-03-02,-49.36,groceries,card
T007178,C0103,2026-03-02,-15.17,dining,card
T007484,C0109,2026-03-02,1231.64,salary,inbound_transfer
T007497,C0109,2026-03-02,-89.07,utilities,direct_debit
T007643,C0111,2026-03-02,-57.28,utilities,direct_debit
T007651,C0111,2026-03-02,-91.36,cash_withdrawal,atm
T007909,C0115,2026-03-02,-44.4,groceries,card
T008125,C0118,2026-03-02,794.03,salary,inbound_transfer
T008205,C0119,2026-03-02,-72.11,retail,card
T008207,C0119,2026-03-02,-369.48,transfer_out,app_transfer
T008650,C0126,2026-03-02,-38.26,retail,card
T008806,C0128,2026-03-02,-127.39,retail,card
T009032,C0131,2026-03-02,-31.97,cash_withdrawal,atm
T009100,C0132,2026-03-02,-29.36,transport,card
T009212,C0133,2026-03-02,-30.06,transport,card
T009308,C0134,2026-03-02,-18.71,transport,card
T009392,C0135,2026-03-02,-41.5,dining,card
T009398,C0135,2026-03-02,-25.92,transport,card
T009462,C0136,2026-03-02,-65.53,cash_withdrawal,atm
T009519,C0137,2026-03-02,-178.18,transfer_out,app_transfer
T009564,C0138,2026-03-02,-92.22,groceries,card
T009648,C0140,2026-03-02,2925.27,salary,inbound_transfer
T009808,C0142,2026-03-02,-14.16,dining,card
T009995,C0145,2026-03-02,-58.22,dining,card
T010081,C0146,2026-03-02,-20.02,transport,card
T010255,C0149,2026-03-02,-197.11,utilities,direct_debit
T010322,C0150,2026-03-02,-61.52,dining,card
T010522,C0152,2026-03-02,-12.55,subscription,direct_debit
T010671,C0154,2026-03-02,-84.46,groceries,card
T010743,C0155,2026-03-02,3791.96,salary,inbound_transfer
T011135,C0161,2026-03-02,-20.54,transport,card
T011309,C0163,2026-03-02,-87.48,retail,card
T011604,C0167,2026-03-02,-120.79,retail,card
T012039,C0172,2026-03-02,-243.1,transfer_out,app_transfer
T012273,C0176,2026-03-02,-15.51,transport,card
T012359,C0177,2026-03-02,-68.81,groceries,card
T012844,C0185,2026-03-02,-55.11,groceries,card
T013073,C0188,2026-03-02,4165.94,salary,inbound_transfer
T013169,C0189,2026-03-02,1244.6,salary,inbound_transfer
T013177,C0189,2026-03-02,-65.61,retail,card
T013438,C0193,2026-03-02,-109.61,utilities,direct_debit
T013592,C0196,2026-03-02,-52.03,groceries,card
T013603,C0196,2026-03-02,-74.75,retail,card
T013700,C0197,2026-03-02,-5.05,subscription,direct_debit
T013795,C0198,2026-03-02,-97.42,transfer_out,app_transfer
T013801,C0198,2026-03-02,-37.99,dining,card
T000351,C0006,2026-03-03,-13.72,transport,card
T000993,C0016,2026-03-03,-96.04,cash_withdrawal,atm
T000997,C0016,2026-03-03,-48.33,groceries,card
T001330,C0020,2026-03-03,-43.49,groceries,card
T001829,C0027,2026-03-03,4341.5,salary,inbound_transfer
T001835,C0027,2026-03-03,-16.04,dining,card
T001984,C0029,2026-03-03,-53.34,groceries,card
T001989,C0029,2026-03-03,-56.3,groceries,card
T002234,C0032,2026-03-03,-83.13,transfer_out,app_transfer
T002360,C0034,2026-03-03,3566.81,salary,inbound_transfer
T002796,C0041,2026-03-03,-38.71,dining,card
T002799,C0041,2026-03-03,-10.37,subscription,direct_debit
T002951,C0043,2026-03-03,-352.27,transfer_out,app_transfer
T003045,C0044,2026-03-03,-100.42,cash_withdrawal,atm
T003136,C0046,2026-03-03,-80.98,groceries,card
T004218,C0062,2026-03-03,-15.92,dining,card
T004427,C0065,2026-03-03,-7.22,transport,card
T004498,C0066,2026-03-03,-82.72,groceries,card
T004713,C0069,2026-03-03,-11.13,transport,card
T005525,C0079,2026-03-03,-40.52,groceries,card
T005765,C0082,2026-03-03,-225.78,transfer_out,app_transfer
T005812,C0083,2026-03-03,1531.09,salary,inbound_transfer
T006084,C0087,2026-03-03,-67.22,groceries,card
T006541,C0093,2026-03-03,1370.85,salary,inbound_transfer
T006621,C0094,2026-03-03,-14.25,dining,card
T006628,C0094,2026-03-03,-50.73,dining,card
T006875,C0097,2026-03-03,-59.37,utilities,direct_debit
T006931,C0098,2026-03-03,-101.09,cash_withdrawal,atm
T007079,C0100,2026-03-03,-39.78,cash_withdrawal,atm
T007247,C0104,2026-03-03,-89.89,utilities,direct_debit
T007486,C0109,2026-03-03,-52.03,retail,card
T007639,C0111,2026-03-03,4217.63,salary,inbound_transfer
T007641,C0111,2026-03-03,-18.09,groceries,card
T007649,C0111,2026-03-03,-45.6,retail,card
T008291,C0120,2026-03-03,-5.82,transport,card
T008480,C0124,2026-03-03,-28.22,groceries,card
T008556,C0125,2026-03-03,-17.99,subscription,direct_debit
T008728,C0127,2026-03-03,-5.79,transport,card
T009103,C0132,2026-03-03,-18.49,subscription,direct_debit
T009651,C0140,2026-03-03,-377.61,transfer_out,app_transfer
T009809,C0142,2026-03-03,-54.58,groceries,card
T010079,C0146,2026-03-03,-122.63,transfer_out,app_transfer
T010080,C0146,2026-03-03,-18.47,transport,card
T010419,C0151,2026-03-03,-51.28,retail,card
T010674,C0154,2026-03-03,-25.96,subscription,direct_debit
T010834,C0156,2026-03-03,-46.27,groceries,card
T011243,C0162,2026-03-03,-320.62,transfer_out,app_transfer
T011307,C0163,2026-03-03,-27.07,dining,card
T011525,C0166,2026-03-03,3542.43,salary,inbound_transfer
T011529,C0166,2026-03-03,-26.13,transport,card
T011702,C0168,2026-03-03,-16.59,transport,card
T011886,C0170,2026-03-03,-74.23,groceries,card
T012272,C0176,2026-03-03,-64.98,cash_withdrawal,atm
T012362,C0177,2026-03-03,-63.21,groceries,card
T012406,C0178,2026-03-03,-69.39,groceries,card
T012466,C0179,2026-03-03,3448.96,salary,inbound_transfer
T012478,C0179,2026-03-03,-27.89,dining,card
T012582,C0181,2026-03-03,-30.29,transport,card
T012583,C0181,2026-03-03,-19.87,transport,card
T012842,C0185,2026-03-03,-118.29,utilities,direct_debit
T013005,C0187,2026-03-03,-19.41,transport,card
T013074,C0188,2026-03-03,-84.28,utilities,direct_debit
T013233,C0190,2026-03-03,-184.23,transfer_out,app_transfer
T013604,C0196,2026-03-03,-107.59,retail,card
T013693,C0197,2026-03-03,-153.59,utilities,direct_debit
T013694,C0197,2026-03-03,-10.96,transport,card
T000150,C0003,2026-03-04,-25.23,transport,card
T000153,C0003,2026-03-04,-6.76,transport,card
T000221,C0004,2026-03-04,-85.64,groceries,card
T000465,C0008,2026-03-04,-7.55,transport,card
T000667,C0011,2026-03-04,-46.72,dining,card
T000811,C0013,2026-03-04,-29.15,dining,card
T000885,C0014,2026-03-04,-54.41,groceries,card
T000886,C0014,2026-03-04,-49.25,groceries,card
T000927,C0015,2026-03-04,-69.88,utilities,direct_debit
T000929,C0015,2026-03-04,-14.39,transport,card
T000930,C0015,2026-03-04,-79.89,groceries,card
T001001,C0016,2026-03-04,-371.42,transfer_out,app_transfer
T001227,C0019,2026-03-04,-98.73,retail,card
T001228,C0019,2026-03-04,-69.8,groceries,card
T001720,C0025,2026-03-04,-67.78,groceries,card
T001894,C0028,2026-03-04,3283.52,salary,inbound_transfer
T001895,C0028,2026-03-04,-87.13,retail,card
T001988,C0029,2026-03-04,-16.04,transport,card
T002073,C0030,2026-03-04,1500.1,salary,inbound_transfer
T002077,C0030,2026-03-04,-42.6,dining,card
T002080,C0030,2026-03-04,-67.69,groceries,card
T002087,C0030,2026-03-04,-62.8,utilities,direct_debit
T002171,C0031,2026-03-04,-76.85,groceries,card
T002173,C0031,2026-03-04,-12.01,transport,card
T002178,C0031,2026-03-04,-47.58,groceries,card
T002233,C0032,2026-03-04,-26.06,transport,card
T002377,C0034,2026-03-04,-76.3,groceries,card
T002380,C0034,2026-03-04,-51.54,dining,card
T002444,C0036,2026-03-04,-178.72,utilities,direct_debit
T002529,C0037,2026-03-04,-81.12,retail,card
T002765,C0040,2026-03-04,-69.37,groceries,card
T002767,C0040,2026-03-04,-7.53,transport,card
T003037,C0044,2026-03-04,-75.88,cash_withdrawal,atm
T003039,C0044,2026-03-04,-12.54,dining,card
T003127,C0046,2026-03-04,-22.33,transport,card
T003130,C0046,2026-03-04,-216.36,transfer_out,app_transfer
T003210,C0047,2026-03-04,-50.95,cash_withdrawal,atm
T003216,C0047,2026-03-04,-131.77,transfer_out,app_transfer
T003310,C0049,2026-03-04,2823.02,salary,inbound_transfer
T003317,C0049,2026-03-04,-98.75,transfer_out,app_transfer
T003403,C0050,2026-03-04,-133.4,transfer_out,app_transfer
T003503,C0051,2026-03-04,816.54,salary,inbound_transfer
T003505,C0051,2026-03-04,-137.42,utilities,direct_debit
T003507,C0051,2026-03-04,-104.26,retail,card
T003694,C0053,2026-03-04,1232.83,salary,inbound_transfer
T003956,C0056,2026-03-04,-81.4,cash_withdrawal,atm
T004215,C0062,2026-03-04,-47.5,utilities,direct_debit
T004431,C0065,2026-03-04,-124.99,retail,card
T004500,C0066,2026-03-04,-121.04,retail,card
T004709,C0069,2026-03-04,-228.9,transfer_out,app_transfer
T004854,C0071,2026-03-04,-49.25,dining,card
T005286,C0076,2026-03-04,-14.19,transport,card
T005380,C0077,2026-03-04,-226.94,transfer_out,app_transfer
T005461,C0078,2026-03-04,-23.12,transport,card
T005686,C0081,2026-03-04,-22.77,transport,card
T006124,C0088,2026-03-04,-46.82,groceries,card
T006406,C0091,2026-03-04,-28.5,groceries,card
T007080,C0100,2026-03-04,-26.98,transport,card
T007170,C0103,2026-03-04,-85.63,transfer_out,app_transfer
T007354,C0106,2026-03-04,-52.98,dining,card
T007430,C0108,2026-03-04,-127.11,retail,card
T007994,C0116,2026-03-04,-23.12,groceries,card
T008130,C0118,2026-03-04,-15.84,subscription,direct_debit
T008414,C0122,2026-03-04,-8.32,transport,card
T008441,C0123,2026-03-04,-109.61,retail,card
T008478,C0124,2026-03-04,-7.92,subscription,direct_debit
T008559,C0125,2026-03-04,-51.58,dining,card
T009206,C0133,2026-03-04,-26.77,dining,card
T009727,C0141,2026-03-04,2934.61,salary,inbound_transfer
T009951,C0144,2026-03-04,-63.65,groceries,card
T010166,C0148,2026-03-04,-28.21,dining,card
T010246,C0149,2026-03-04,2171.53,salary,inbound_transfer
T010320,C0150,2026-03-04,-31.66,dining,card
T010421,C0151,2026-03-04,-20.45,transport,card
T010423,C0151,2026-03-04,-32.38,dining,card
T010424,C0151,2026-03-04,-49.98,dining,card
T010519,C0152,2026-03-04,860.06,salary,inbound_transfer
T010597,C0153,2026-03-04,-14.01,transport,card
T010599,C0153,2026-03-04,-60.43,retail,card
T010675,C0154,2026-03-04,-42.83,dining,card
T010830,C0156,2026-03-04,-176.54,utilities,direct_debit
T011141,C0161,2026-03-04,-176.2,transfer_out,app_transfer
T011256,C0162,2026-03-04,-23.82,dining,card
T011533,C0166,2026-03-04,-17.09,transport,card
T012404,C0178,2026-03-04,-175.36,utilities,direct_debit
T012928,C0186,2026-03-04,-12.45,dining,card
T013356,C0192,2026-03-04,-7.71,transport,card
T013704,C0197,2026-03-04,-105.58,cash_withdrawal,atm
T013852,C0199,2026-03-04,-48.82,dining,card
T000024,C0001,2026-03-05,-26.84,retail,card
T000353,C0006,2026-03-05,-277.76,transfer_out,app_transfer
T000356,C0006,2026-03-05,-45.98,dining,card
T000807,C0013,2026-03-05,995.79,salary,inbound_transfer
T000884,C0014,2026-03-05,-297.84,transfer_out,app_transfer
T000996,C0016,2026-03-05,-25.77,transport,card
T001075,C0017,2026-03-05,-17.17,dining,card
T001155,C0018,2026-03-05,-131.0,transfer_out,app_transfer
T001333,C0020,2026-03-05,-21.34,subscription,direct_debit
T001372,C0021,2026-03-05,-55.86,retail,card
T001373,C0021,2026-03-05,-19.83,transport,card
T001607,C0024,2026-03-05,-30.7,groceries,card
T001608,C0024,2026-03-05,-88.87,groceries,card
T001908,C0028,2026-03-05,-20.98,transport,card
T002172,C0031,2026-03-05,-72.56,utilities,direct_debit
T002241,C0032,2026-03-05,-75.84,groceries,card
T002372,C0034,2026-03-05,-13.26,dining,card
T002517,C0037,2026-03-05,1298.01,salary,inbound_transfer
T002519,C0037,2026-03-05,-187.76,transfer_out,app_transfer
T002797,C0041,2026-03-05,-65.28,cash_withdrawal,atm
T002801,C0041,2026-03-05,-118.28,retail,card
T003038,C0044,2026-03-05,-65.16,cash_withdrawal,atm
T003073,C0045,2026-03-05,-114.9,utilities,direct_debit
T003124,C0046,2026-03-05,3064.82,salary,inbound_transfer
T003701,C0053,2026-03-05,-40.76,groceries,card
T003705,C0053,2026-03-05,-53.2,dining,card
T003706,C0053,2026-03-05,-48.04,dining,card
T003858,C0055,2026-03-05,-78.29,groceries,card
T004109,C0060,2026-03-05,-31.14,groceries,card
T004492,C0066,2026-03-05,2821.37,salary,inbound_transfer
T004626,C0068,2026-03-05,-40.11,dining,card
T004630,C0068,2026-03-05,-381.37,transfer_out,app_transfer
T004781,C0070,2026-03-05,-120.92,retail,card
T004861,C0071,2026-03-05,-54.54,retail,card
T005106,C0074,2026-03-05,-15.72,dining,card
T005377,C0077,2026-03-05,-32.03,groceries,card
T005766,C0082,2026-03-05,-23.01,transport,card
T005875,C0084,2026-03-05,-68.28,retail,card
T005908,C0085,2026-03-05,-39.21,groceries,card
T006127,C0088,2026-03-05,-15.42,subscription,direct_debit
T006235,C0089,2026-03-05,-83.77,groceries,card
T007078,C0100,2026-03-05,-133.8,utilities,direct_debit
T007426,C0108,2026-03-05,-63.99,groceries,card
T007429,C0108,2026-03-05,-26.52,groceries,card
T007489,C0109,2026-03-05,-130.41,utilities,direct_debit
T007601,C0110,2026-03-05,-28.27,transport,card
T007645,C0111,2026-03-05,-11.99,dining,card
T007650,C0111,2026-03-05,-142.54,transfer_out,app_transfer
T007741,C0112,2026-03-05,3783.8,salary,inbound_transfer
T007818,C0113,2026-03-05,-42.21,dining,card
T007910,C0115,2026-03-05,-16.13,transport,card
T008444,C0123,2026-03-05,-26.42,groceries,card
T008477,C0124,2026-03-05,-19.38,groceries,card
T008555,C0125,2026-03-05,-63.08,retail,card
T008566,C0125,2026-03-05,-49.44,groceries,card
T009449,C0136,2026-03-05,2741.1,salary,inbound_transfer
T009518,C0137,2026-03-05,-21.38,dining,card
T009577,C0138,2026-03-05,-23.41,groceries,card
T009812,C0142,2026-03-05,-69.9,retail,card
T009813,C0142,2026-03-05,-22.34,transport,card
T009913,C0143,2026-03-05,-74.55,retail,card
T009997,C0145,2026-03-05,-61.19,groceries,card
T010170,C0148,2026-03-05,-48.48,cash_withdrawal,atm
T010258,C0149,2026-03-05,-162.67,utilities,direct_debit
T010260,C0149,2026-03-05,-143.96,utilities,direct_debit
T010596,C0153,2026-03-05,-47.93,dining,card
T010922,C0157,2026-03-05,-34.33,dining,card
T010987,C0158,2026-03-05,-68.76,utilities,direct_debit
T011880,C0170,2026-03-05,3304.88,salary,inbound_transfer
T012652,C0182,2026-03-05,-14.51,subscription,direct_debit
T013080,C0188,2026-03-05,-26.37,subscription,direct_debit
T013319,C0191,2026-03-05,4168.34,salary,inbound_transfer
T013346,C0192,2026-03-05,-37.6,retail,card
T000021,C0001,2026-03-06,909.31,salary,inbound_transfer
T000299,C0005,2026-03-06,-51.89,retail,card
T000304,C0005,2026-03-06,-198.02,utilities,direct_debit
T000471,C0008,2026-03-06,-67.12,groceries,card
T000536,C0009,2026-03-06,3207.17,salary,inbound_transfer
T000932,C0015,2026-03-06,-21.13,transport,card
T001901,C0028,2026-03-06,-95.96,cash_withdrawal,atm
T001909,C0028,2026-03-06,-24.24,dining,card
T002369,C0034,2026-03-06,-55.86,dining,card
T002621,C0038,2026-03-06,-46.49,groceries,card
T002795,C0041,2026-03-06,-218.92,transfer_out,app_transfer
T002879,C0042,2026-03-06,-24.64,groceries,card
T002881,C0042,2026-03-06,-15.76,transport,card
T002957,C0043,2026-03-06,-105.77,retail,card
T003393,C0050,2026-03-06,1253.05,salary,inbound_transfer
T003394,C0050,2026-03-06,1241.28,salary,inbound_transfer
T003946,C0056,2026-03-06,4452.73,salary,inbound_transfer
T004581,C0067,2026-03-06,-56.57,utilities,direct_debit
T004782,C0070,2026-03-06,-24.15,dining,card
T005012,C0073,2026-03-06,-9.59,subscription,direct_debit
T005279,C0076,2026-03-06,1834.94,salary,inbound_transfer
T005388,C0077,2026-03-06,-34.81,groceries,card
T005520,C0079,2026-03-06,-75.17,retail,card
T005523,C0079,2026-03-06,-33.62,cash_withdrawal,atm
T005825,C0083,2026-03-06,-67.58,utilities,direct_debit
T006005,C0086,2026-03-06,-30.75,groceries,card
T006135,C0088,2026-03-06,-13.85,transport,card
T006237,C0089,2026-03-06,-30.69,transport,card
T006324,C0090,2026-03-06,-100.75,retail,card
T006328,C0090,2026-03-06,-49.09,dining,card
T006329,C0090,2026-03-06,-32.43,dining,card
T006614,C0094,2026-03-06,-25.1,transport,card
T006619,C0094,2026-03-06,-82.6,cash_withdrawal,atm
T006725,C0095,2026-03-06,-57.27,groceries,card
T007020,C0099,2026-03-06,3252.3,salary,inbound_transfer
T007077,C0100,2026-03-06,-27.66,dining,card
T007295,C0105,2026-03-06,-29.33,dining,card
T007391,C0107,2026-03-06,3013.42,salary,inbound_transfer
T007867,C0114,2026-03-06,-61.76,retail,card
T007991,C0116,2026-03-06,3815.65,salary,inbound_transfer
T008053,C0117,2026-03-06,-22.78,dining,card
T008285,C0120,2026-03-06,-36.4,retail,card
T008410,C0122,2026-03-06,782.1,salary,inbound_transfer
T008476,C0124,2026-03-06,-9.81,subscription,direct_debit
T008644,C0126,2026-03-06,1986.42,salary,inbound_transfer
T008726,C0127,2026-03-06,-164.21,utilities,direct_debit
T009101,C0132,2026-03-06,-36.94,groceries,card
T009306,C0134,2026-03-06,-58.44,groceries,card
T009514,C0137,2026-03-06,-68.05,groceries,card
T009575,C0138,2026-03-06,-78.7,groceries,card
T009805,C0142,2026-03-06,-60.47,utilities,direct_debit
T010245,C0149,2026-03-06,2098.68,salary,inbound_transfer
T010319,C0150,2026-03-06,-8.59,subscription,direct_debit
T010521,C0152,2026-03-06,-352.45,transfer_out,app_transfer
T010528,C0152,2026-03-06,-54.68,dining,card
T010829,C0156,2026-03-06,-71.04,retail,card
T010909,C0157,2026-03-06,3749.08,salary,inbound_transfer
T010915,C0157,2026-03-06,-27.45,groceries,card
T011128,C0161,2026-03-06,-178.23,transfer_out,app_transfer
T011313,C0163,2026-03-06,-36.59,dining,card
T011704,C0168,2026-03-06,-24.11,retail,card
T011881,C0170,2026-03-06,-73.95,groceries,card
T011957,C0171,2026-03-06,-61.1,retail,card
T011964,C0171,2026-03-06,-23.86,transport,card
T012115,C0174,2026-03-06,4073.64,salary,inbound_transfer
T012125,C0174,2026-03-06,-52.71,cash_withdrawal,atm
T012471,C0179,2026-03-06,-126.22,retail,card
T012538,C0180,2026-03-06,-14.61,dining,card
T012647,C0182,2026-03-06,-21.55,transport,card
T012656,C0182,2026-03-06,-24.12,dining,card
T012726,C0183,2026-03-06,-43.02,retail,card
T013170,C0189,2026-03-06,-15.42,transport,card
T013447,C0193,2026-03-06,-60.45,retail,card
T013596,C0196,2026-03-06,-131.99,retail,card
T013859,C0199,2026-03-06,-45.76,dining,card
T013860,C0199,2026-03-06,-49.27,retail,card
T013910,C0200,2026-03-06,-22.44,transport,card
T000104,C0002,2026-03-07,-161.3,utilities,direct_debit
T000348,C0006,2026-03-07,3627.04,salary,inbound_transfer
T000808,C0013,2026-03-07,-109.98,utilities,direct_debit
T001069,C0017,2026-03-07,982.09,salary,inbound_transfer
T001234,C0019,2026-03-07,-88.43,cash_withdrawal,atm
T001369,C0021,2026-03-07,3777.53,salary,inbound_transfer
T001516,C0023,2026-03-07,-59.03,groceries,card
T001606,C0024,2026-03-07,4005.36,salary,inbound_transfer
T001709,C0025,2026-03-07,1204.92,salary,inbound_transfer
T001717,C0025,2026-03-07,-90.01,retail,card
T002235,C0032,2026-03-07,-58.87,dining,card
T002442,C0036,2026-03-07,-14.79,dining,card
T002449,C0036,2026-03-07,-122.1,transfer_out,app_transfer
T002764,C0040,2026-03-07,-119.67,retail,card
T002766,C0040,2026-03-07,-53.27,dining,card
T002884,C0042,2026-03-07,-358.22,transfer_out,app_transfer
T003312,C0049,2026-03-07,-10.46,transport,card
T003313,C0049,2026-03-07,-5.97,subscription,direct_debit
T003405,C0050,2026-03-07,-91.01,retail,card
T003406,C0050,2026-03-07,-73.95,groceries,card
T003508,C0051,2026-03-07,-49.95,cash_withdrawal,atm
T003510,C0051,2026-03-07,-49.97,groceries,card
T003609,C0052,2026-03-07,-137.87,utilities,direct_debit
T003799,C0054,2026-03-07,-60.54,groceries,card
T004298,C0063,2026-03-07,3593.71,salary,inbound_transfer
T004371,C0064,2026-03-07,-57.45,groceries,card
T004493,C0066,2026-03-07,-26.78,cash_withdrawal,atm
T004496,C0066,2026-03-07,-148.03,utilities,direct_debit
T004776,C0070,2026-03-07,-44.55,groceries,card
T004779,C0070,2026-03-07,-383.23,transfer_out,app_transfer
T004937,C0072,2026-03-07,-32.21,retail,card
T005098,C0074,2026-03-07,-28.03,cash_withdrawal,atm
T005516,C0079,2026-03-07,-30.0,groceries,card
T005818,C0083,2026-03-07,-66.48,cash_withdrawal,atm
T006000,C0086,2026-03-07,-31.38,groceries,card
T006011,C0086,2026-03-07,-77.64,retail,card
T006090,C0087,2026-03-07,-88.3,retail,card
T006230,C0089,2026-03-07,933.47,salary,inbound_transfer
T006335,C0090,2026-03-07,-93.92,utilities,direct_debit
T006400,C0091,2026-03-07,-42.7,groceries,card
T006726,C0095,2026-03-07,-77.63,groceries,card
T006790,C0096,2026-03-07,-92.33,groceries,card
T006794,C0096,2026-03-07,-37.69,cash_withdrawal,atm
T006876,C0097,2026-03-07,-61.43,utilities,direct_debit
T007177,C0103,2026-03-07,-33.23,groceries,card
T007249,C0104,2026-03-07,-57.86,groceries,card
T007431,C0108,2026-03-07,-40.76,dining,card
T007653,C0111,2026-03-07,-30.66,groceries,card
T008210,C0119,2026-03-07,-51.25,dining,card
T008293,C0120,2026-03-07,-215.4,transfer_out,app_transfer
T008375,C0121,2026-03-07,-33.38,dining,card
T008891,C0129,2026-03-07,3500.74,salary,inbound_transfer
T008954,C0130,2026-03-07,-22.5,groceries,card
T009204,C0133,2026-03-07,4141.33,salary,inbound_transfer
T009397,C0135,2026-03-07,-390.78,transfer_out,app_transfer
T009451,C0136,2026-03-07,-130.98,retail,card
T009516,C0137,2026-03-07,-11.8,transport,card
T009576,C0138,2026-03-07,-117.65,retail,card
T009949,C0144,2026-03-07,-53.52,groceries,card
T009987,C0145,2026-03-07,3141.84,salary,inbound_transfer
T010259,C0149,2026-03-07,-11.68,subscription,direct_debit
T010836,C0156,2026-03-07,-10.77,subscription,direct_debit
T010914,C0157,2026-03-07,-49.18,dining,card
T010921,C0157,2026-03-07,-14.01,dining,card
T011131,C0161,2026-03-07,-36.25,dining,card
T011469,C0165,2026-03-07,-36.03,groceries,card
T012034,C0172,2026-03-07,-354.84,transfer_out,app_transfer
T012040,C0172,2026-03-07,-77.84,groceries,card
T012270,C0176,2026-03-07,-17.3,transport,card
T012655,C0182,2026-03-07,-232.32,transfer_out,app_transfer
T012802,C0184,2026-03-07,-23.84,groceries,card
T012843,C0185,2026-03-07,-66.66,groceries,card
T012930,C0186,2026-03-07,-124.19,retail,card
T013606,C0196,2026-03-07,-55.43,dining,card
T013692,C0197,2026-03-07,-77.88,groceries,card
T013849,C0199,2026-03-07,965.59,salary,inbound_transfer
T013850,C0199,2026-03-07,995.44,salary,inbound_transfer
T000303,C0005,2026-03-08,-379.59,transfer_out,app_transfer
T000603,C0010,2026-03-08,-22.89,dining,card
T001838,C0027,2026-03-08,-28.28,transport,card
T001983,C0029,2026-03-08,-88.53,groceries,card
T002448,C0036,2026-03-08,-350.66,transfer_out,app_transfer
T002531,C0037,2026-03-08,-382.8,transfer_out,app_transfer
T003134,C0046,2026-03-08,-10.95,transport,card
T003513,C0051,2026-03-08,-43.82,dining,card
T003950,C0056,2026-03-08,-58.78,dining,card
T003951,C0056,2026-03-08,-26.6,transport,card
T004051,C0059,2026-03-08,1199.63,salary,inbound_transfer
T004052,C0059,2026-03-08,1549.04,salary,inbound_transfer
T004497,C0066,2026-03-08,-51.15,dining,card
T004632,C0068,2026-03-08,-103.45,transfer_out,app_transfer
T005102,C0074,2026-03-08,-171.2,utilities,direct_debit
T005103,C0074,2026-03-08,-23.93,transport,card
T005189,C0075,2026-03-08,-88.25,utilities,direct_debit
T005280,C0076,2026-03-08,2396.02,salary,inbound_transfer
T005460,C0078,2026-03-08,-33.68,groceries,card
T005465,C0078,2026-03-08,-73.99,groceries,card
T005470,C0078,2026-03-08,-46.98,dining,card
T005517,C0079,2026-03-08,-97.25,cash_withdrawal,atm
T005526,C0079,2026-03-08,-100.82,cash_withdrawal,atm
T005601,C0080,2026-03-08,-56.74,groceries,card
T005873,C0084,2026-03-08,-10.0,subscription,direct_debit
T006087,C0087,2026-03-08,-13.47,subscription,direct_debit
T006626,C0094,2026-03-08,-27.43,cash_withdrawal,atm
T006716,C0095,2026-03-08,-50.32,groceries,card
T006874,C0097,2026-03-08,-14.28,subscription,direct_debit
T007111,C0101,2026-03-08,-46.71,groceries,card
T007903,C0115,2026-03-08,870.81,salary,inbound_transfer
T008727,C0127,2026-03-08,-33.43,dining,card
T009452,C0136,2026-03-08,-24.38,transport,card
T009565,C0138,2026-03-08,-66.16,groceries,card
T009566,C0138,2026-03-08,-50.08,utilities,direct_debit
T009578,C0138,2026-03-08,-37.42,dining,card
T009811,C0142,2026-03-08,-17.07,subscription,direct_debit
T009912,C0143,2026-03-08,-11.33,transport,card
T009991,C0145,2026-03-08,-216.96,transfer_out,app_transfer
T010137,C0147,2026-03-08,-28.94,groceries,card
T010249,C0149,2026-03-08,-102.93,cash_withdrawal,atm
T010323,C0150,2026-03-08,-31.97,cash_withdrawal,atm
T010412,C0151,2026-03-08,812.31,salary,inbound_transfer
T010838,C0156,2026-03-08,-45.9,groceries,card
T010839,C0156,2026-03-08,-322.66,transfer_out,app_transfer
T011044,C0159,2026-03-08,-59.86,dining,card
T011142,C0161,2026-03-08,-57.83,dining,card
T011254,C0162,2026-03-08,-236.1,transfer_out,app_transfer
T011534,C0166,2026-03-08,-128.89,retail,card
T011810,C0169,2026-03-08,-85.63,groceries,card
T011963,C0171,2026-03-08,-91.52,groceries,card
T012038,C0172,2026-03-08,-42.18,groceries,card
T012475,C0179,2026-03-08,-40.31,retail,card
T012727,C0183,2026-03-08,-17.66,subscription,direct_debit
T013082,C0188,2026-03-08,-70.73,groceries,card
T013234,C0190,2026-03-08,-6.6,transport,card
T013553,C0195,2026-03-08,-58.54,dining,card
T013600,C0196,2026-03-08,-26.24,dining,card
T013607,C0196,2026-03-08,-57.26,cash_withdrawal,atm
T013701,C0197,2026-03-08,-6.56,subscription,direct_debit
T000601,C0010,2026-03-09,2794.71,salary,inbound_transfer
T000666,C0011,2026-03-09,-15.0,transport,card
T000756,C0012,2026-03-09,-25.06,subscription,direct_debit
T000815,C0013,2026-03-09,-332.99,transfer_out,app_transfer
T001446,C0022,2026-03-09,1414.64,salary,inbound_transfer
T001448,C0022,2026-03-09,-31.33,groceries,card
T001758,C0026,2026-03-09,-17.5,transport,card
T002231,C0032,2026-03-09,-85.86,groceries,card
T002370,C0034,2026-03-09,-96.15,utilities,direct_debit
T002446,C0036,2026-03-09,-44.1,dining,card
T002447,C0036,2026-03-09,-49.29,dining,card
T002528,C0037,2026-03-09,-345.67,transfer_out,app_transfer
T002626,C0038,2026-03-09,-53.45,dining,card
T002677,C0039,2026-03-09,-85.22,groceries,card
T002680,C0039,2026-03-09,-55.05,dining,card
T003034,C0044,2026-03-09,883.62,salary,inbound_transfer
T003078,C0045,2026-03-09,-181.63,utilities,direct_debit
T003212,C0047,2026-03-09,-16.36,transport,card
T003220,C0047,2026-03-09,-29.12,transport,card
T003279,C0048,2026-03-09,-98.52,transfer_out,app_transfer
T003397,C0050,2026-03-09,-52.46,dining,card
T003514,C0051,2026-03-09,-76.18,cash_withdrawal,atm
T003607,C0052,2026-03-09,-28.55,transport,card
T003610,C0052,2026-03-09,-13.67,dining,card
T003695,C0053,2026-03-09,1223.65,salary,inbound_transfer
T003796,C0054,2026-03-09,3320.14,salary,inbound_transfer
T004362,C0064,2026-03-09,-82.95,groceries,card
T005099,C0074,2026-03-09,-22.32,subscription,direct_debit
T005105,C0074,2026-03-09,-43.51,dining,card
T005192,C0075,2026-03-09,-47.69,groceries,card
T005287,C0076,2026-03-09,-18.35,subscription,direct_debit
T005603,C0080,2026-03-09,-77.37,groceries,card
T005690,C0081,2026-03-09,-8.09,transport,card
T005769,C0082,2026-03-09,-58.27,groceries,card
T005813,C0083,2026-03-09,1598.39,salary,inbound_transfer
T005906,C0085,2026-03-09,-39.82,dining,card
T006333,C0090,2026-03-09,-28.18,dining,card
T006623,C0094,2026-03-09,-349.32,transfer_out,app_transfer
T006727,C0095,2026-03-09,-93.73,retail,card
T006782,C0096,2026-03-09,4294.83,salary,inbound_transfer
T006930,C0098,2026-03-09,2487.02,salary,inbound_transfer
T007294,C0105,2026-03-09,2650.12,salary,inbound_transfer
T007494,C0109,2026-03-09,-126.79,transfer_out,app_transfer
T007602,C0110,2026-03-09,-38.69,dining,card
T008052,C0117,2026-03-09,-107.47,utilities,direct_debit
T008281,C0120,2026-03-09,-53.51,groceries,card
T008652,C0126,2026-03-09,-9.01,subscription,direct_debit
T008655,C0126,2026-03-09,-17.57,transport,card
T008810,C0128,2026-03-09,-55.3,groceries,card
T008957,C0130,2026-03-09,-199.03,utilities,direct_debit
T009098,C0132,2026-03-09,2370.37,salary,inbound_transfer
T009393,C0135,2026-03-09,-22.71,transport,card
T009396,C0135,2026-03-09,-28.9,transport,card
T009455,C0136,2026-03-09,-20.73,transport,card
T009563,C0138,2026-03-09,2650.79,salary,inbound_transfer
T009950,C0144,2026-03-09,-390.43,transfer_out,app_transfer
T010083,C0146,2026-03-09,-21.8,groceries,card
T010313,C0150,2026-03-09,1284.88,salary,inbound_transfer
T010745,C0155,2026-03-09,-68.65,utilities,direct_debit
T010842,C0156,2026-03-09,-77.08,groceries,card
T011047,C0159,2026-03-09,-109.01,retail,card
T011246,C0162,2026-03-09,-41.05,utilities,direct_debit
T011248,C0162,2026-03-09,-85.93,retail,card
T011318,C0163,2026-03-09,-61.54,dining,card
T012036,C0172,2026-03-09,-88.74,cash_withdrawal,atm
T012360,C0177,2026-03-09,-97.81,retail,card
T012407,C0178,2026-03-09,-104.92,retail,card
T012470,C0179,2026-03-09,-127.43,retail,card
T012472,C0179,2026-03-09,-48.44,groceries,card
T012645,C0182,2026-03-09,-342.46,transfer_out,app_transfer
T013000,C0187,2026-03-09,-18.57,transport,card
T013605,C0196,2026-03-09,-51.13,retail,card
T013855,C0199,2026-03-09,-46.02,groceries,card
T000467,C0008,2026-03-10,-103.5,retail,card
T000543,C0009,2026-03-10,-13.06,transport,card
T000931,C0015,2026-03-10,-20.26,dining,card
T001233,C0019,2026-03-10,-59.8,dining,card
T001334,C0020,2026-03-10,-47.83,groceries,card
T001374,C0021,2026-03-10,-71.07,groceries,card
T001453,C0022,2026-03-10,-84.77,groceries,card
T001616,C0024,2026-03-10,-119.14,utilities,direct_debit
T001765,C0026,2026-03-10,-25.0,transport,card
T001899,C0028,2026-03-10,-17.46,transport,card
T001991,C0029,2026-03-10,-18.34,transport,card
T002074,C0030,2026-03-10,1358.13,salary,inbound_transfer
T002085,C0030,2026-03-10,-47.86,groceries,card
T002316,C0033,2026-03-10,-59.99,groceries,card
T002368,C0034,2026-03-10,-19.43,groceries,card
T002522,C0037,2026-03-10,-85.36,cash_withdrawal,atm
T002525,C0037,2026-03-10,-22.71,groceries,card
T002625,C0038,2026-03-10,-47.1,dining,card
T002959,C0043,2026-03-10,-13.06,transport,card
T002960,C0043,2026-03-10,-365.18,transfer_out,app_transfer
T003080,C0045,2026-03-10,-96.49,utilities,direct_debit
T003126,C0046,2026-03-10,-22.83,groceries,card
T003138,C0046,2026-03-10,-27.2,groceries,card
T003215,C0047,2026-03-10,-101.11,retail,card
T003608,C0052,2026-03-10,-11.99,dining,card
T003616,C0052,2026-03-10,-340.46,transfer_out,app_transfer
T003855,C0055,2026-03-10,3991.71,salary,inbound_transfer
T003947,C0056,2026-03-10,-34.63,dining,card
T003952,C0056,2026-03-10,-42.34,dining,card
T004366,C0064,2026-03-10,-10.76,transport,card
T004499,C0066,2026-03-10,-11.43,transport,card
T005468,C0078,2026-03-10,-33.54,groceries,card
T005688,C0081,2026-03-10,-19.64,transport,card
T005871,C0084,2026-03-10,-11.61,dining,card
T006125,C0088,2026-03-10,-63.15,groceries,card
T006126,C0088,2026-03-10,-81.2,groceries,card
T006229,C0089,2026-03-10,892.33,salary,inbound_transfer
T006455,C0092,2026-03-10,-200.89,utilities,direct_debit
T006721,C0095,2026-03-10,-56.01,groceries,card
T006879,C0097,2026-03-10,-29.86,transport,card
T007179,C0103,2026-03-10,-27.78,dining,card
T007394,C0107,2026-03-10,-23.51,dining,card
T008280,C0120,2026-03-10,-74.47,transfer_out,app_transfer
T008725,C0127,2026-03-10,-39.87,dining,card
T008730,C0127,2026-03-10,-27.96,retail,card
T008809,C0128,2026-03-10,-27.47,groceries,card
T009113,C0132,2026-03-10,-40.53,retail,card
T009217,C0133,2026-03-10,-59.52,utilities,direct_debit
T009399,C0135,2026-03-10,-23.28,subscription,direct_debit
T010089,C0146,2026-03-10,-29.39,groceries,card
T010169,C0148,2026-03-10,-66.78,utilities,direct_debit
T010669,C0154,2026-03-10,-15.91,transport,card
T010828,C0156,2026-03-10,3347.46,salary,inbound_transfer
T011250,C0162,2026-03-10,-8.65,transport,card
T011251,C0162,2026-03-10,-37.36,retail,card
T011394,C0164,2026-03-10,-22.57,transport,card
T011467,C0165,2026-03-10,-124.99,utilities,direct_debit
T011705,C0168,2026-03-10,-56.48,dining,card
T011812,C0169,2026-03-10,-27.6,dining,card
T011960,C0171,2026-03-10,-30.47,dining,card
T012070,C0173,2026-03-10,-85.65,retail,card
T012216,C0175,2026-03-10,-117.17,retail,card
T012277,C0176,2026-03-10,-64.63,groceries,card
T012353,C0177,2026-03-10,895.81,salary,inbound_transfer
T012354,C0177,2026-03-10,804.9,salary,inbound_transfer
T012363,C0177,2026-03-10,-44.03,cash_withdrawal,atm
T012584,C0181,2026-03-10,-60.42,dining,card
T012724,C0183,2026-03-10,-44.09,retail,card
T012725,C0183,2026-03-10,-20.56,dining,card
T013004,C0187,2026-03-10,-56.33,dining,card
T013345,C0192,2026-03-10,-86.79,retail,card
T013908,C0200,2026-03-10,-55.61,dining,card
T000027,C0001,2026-03-11,-80.49,utilities,direct_debit
T000224,C0004,2026-03-11,-37.52,groceries,card
T000300,C0005,2026-03-11,-28.57,groceries,card
T000355,C0006,2026-03-11,-150.02,utilities,direct_debit
T000470,C0008,2026-03-11,-21.95,subscription,direct_debit
T000544,C0009,2026-03-11,-59.83,groceries,card
T001072,C0017,2026-03-11,-77.34,retail,card
T001335,C0020,2026-03-11,-48.77,groceries,card
T001519,C0023,2026-03-11,-40.43,groceries,card
T001525,C0023,2026-03-11,-101.35,cash_withdrawal,atm
T001766,C0026,2026-03-11,-14.02,transport,card
T001767,C0026,2026-03-11,-50.7,groceries,card
T001900,C0028,2026-03-11,-86.87,transfer_out,app_transfer
T001907,C0028,2026-03-11,-85.9,groceries,card
T002179,C0031,2026-03-11,-7.93,transport,card
T002365,C0034,2026-03-11,-19.7,transport,card
T002445,C0036,2026-03-11,-87.28,retail,card
T002885,C0042,2026-03-11,-106.72,retail,card
T003209,C0047,2026-03-11,4292.9,salary,inbound_transfer
T003955,C0056,2026-03-11,-24.23,transport,card
T004223,C0062,2026-03-11,-32.81,groceries,card
T004368,C0064,2026-03-11,-93.26,retail,card
T004494,C0066,2026-03-11,-59.35,cash_withdrawal,atm
T004858,C0071,2026-03-11,-61.96,retail,card
T005104,C0074,2026-03-11,-376.18,transfer_out,app_transfer
T005187,C0075,2026-03-11,-122.88,utilities,direct_debit
T005190,C0075,2026-03-11,-342.94,transfer_out,app_transfer
T006131,C0088,2026-03-11,-30.2,cash_withdrawal,atm
T006243,C0089,2026-03-11,-11.64,transport,card
T006326,C0090,2026-03-11,-30.23,retail,card
T006334,C0090,2026-03-11,-35.59,retail,card
T006402,C0091,2026-03-11,-18.01,transport,card
T006452,C0092,2026-03-11,-88.3,cash_withdrawal,atm
T006783,C0096,2026-03-11,-20.9,transport,card
T006936,C0098,2026-03-11,-53.94,groceries,card
T007110,C0101,2026-03-11,-53.01,retail,card
T007174,C0103,2026-03-11,-9.44,subscription,direct_debit
T007491,C0109,2026-03-11,-250.32,transfer_out,app_transfer
T007599,C0110,2026-03-11,-45.02,retail,card
T007603,C0110,2026-03-11,-7.17,transport,card
T007648,C0111,2026-03-11,-70.94,utilities,direct_debit
T007654,C0111,2026-03-11,-50.47,groceries,card
T008282,C0120,2026-03-11,-59.39,groceries,card
T008557,C0125,2026-03-11,-10.06,transport,card
T008797,C0128,2026-03-11,1387.03,salary,inbound_transfer
T008799,C0128,2026-03-11,-45.05,utilities,direct_debit
T009105,C0132,2026-03-11,-77.42,groceries,card
T009106,C0132,2026-03-11,-26.06,groceries,card
T009108,C0132,2026-03-11,-110.13,retail,card
T010162,C0148,2026-03-11,-52.08,dining,card
T010247,C0149,2026-03-11,-195.2,utilities,direct_debit
T011130,C0161,2026-03-11,-27.93,transport,card
T011311,C0163,2026-03-11,-164.94,utilities,direct_debit
T011393,C0164,2026-03-11,-347.02,transfer_out,app_transfer
T011470,C0165,2026-03-11,-48.44,retail,card
T011610,C0167,2026-03-11,-125.7,utilities,direct_debit
T011708,C0168,2026-03-11,-25.23,dining,card
T011806,C0169,2026-03-11,-32.85,retail,card
T011959,C0171,2026-03-11,-41.07,groceries,card
T011961,C0171,2026-03-11,-53.52,groceries,card
T012029,C0172,2026-03-11,810.59,salary,inbound_transfer
T012063,C0173,2026-03-11,-11.04,transport,card
T012116,C0174,2026-03-11,-70.54,groceries,card
T012120,C0174,2026-03-11,-6.61,subscription,direct_debit
T012266,C0176,2026-03-11,-46.97,retail,card
T012476,C0179,2026-03-11,-27.77,groceries,card
T012650,C0182,2026-03-11,-107.32,retail,card
T012732,C0183,2026-03-11,-6.39,transport,card
T012841,C0185,2026-03-11,-13.72,dining,card
T012932,C0186,2026-03-11,-87.22,groceries,card
T013079,C0188,2026-03-11,-13.47,transport,card
T013794,C0198,2026-03-11,-126.56,utilities,direct_debit
T013848,C0199,2026-03-11,742.23,salary,inbound_transfer
T000022,C0001,2026-03-12,-14.87,dining,card
T000025,C0001,2026-03-12,-28.56,dining,card
T000539,C0009,2026-03-12,-28.74,cash_withdrawal,atm
T000546,C0009,2026-03-12,-24.71,dining,card
T000992,C0016,2026-03-12,-258.27,transfer_out,app_transfer
T001071,C0017,2026-03-12,-86.84,utilities,direct_debit
T001150,C0018,2026-03-12,-87.53,transfer_out,app_transfer
T001378,C0021,2026-03-12,-28.38,transport,card
T001515,C0023,2026-03-12,-96.08,retail,card
T001523,C0023,2026-03-12,-89.86,groceries,card
T001833,C0027,2026-03-12,-12.0,transport,card
T001840,C0027,2026-03-12,-27.93,retail,card
T002079,C0030,2026-03-12,-211.49,transfer_out,app_transfer
T002082,C0030,2026-03-12,-42.91,dining,card
T002317,C0033,2026-03-12,-19.04,transport,card
T002361,C0034,2026-03-12,-79.52,groceries,card
T002624,C0038,2026-03-12,-108.69,retail,card
T002674,C0039,2026-03-12,-35.59,groceries,card
T002886,C0042,2026-03-12,-158.54,utilities,direct_debit
T002954,C0043,2026-03-12,-21.0,dining,card
T003077,C0045,2026-03-12,-73.54,retail,card
T003135,C0046,2026-03-12,-87.82,groceries,card
T003506,C0051,2026-03-12,-28.24,transport,card
T003516,C0051,2026-03-12,-18.41,transport,card
T003697,C0053,2026-03-12,-144.04,utilities,direct_debit
T003865,C0055,2026-03-12,-20.87,groceries,card
T004103,C0060,2026-03-12,-83.12,retail,card
T004299,C0063,2026-03-12,-13.37,transport,card
T004708,C0069,2026-03-12,-81.3,retail,card
T004777,C0070,2026-03-12,-41.82,dining,card
T004780,C0070,2026-03-12,-43.63,groceries,card
T005006,C0073,2026-03-12,-70.0,utilities,direct_debit
T005092,C0074,2026-03-12,3652.47,salary,inbound_transfer
T005466,C0078,2026-03-12,-32.44,dining,card
T005519,C0079,2026-03-12,-30.69,transport,card
T005687,C0081,2026-03-12,-84.42,transfer_out,app_transfer
T006003,C0086,2026-03-12,-70.96,groceries,card
T006138,C0088,2026-03-12,-52.1,retail,card
T006330,C0090,2026-03-12,-18.58,dining,card
T006332,C0090,2026-03-12,-37.5,dining,card
T006449,C0092,2026-03-12,-21.29,transport,card
T006453,C0092,2026-03-12,-60.58,dining,card
T006624,C0094,2026-03-12,-98.82,cash_withdrawal,atm
T007175,C0103,2026-03-12,-92.44,retail,card
T007254,C0104,2026-03-12,-19.95,dining,card
T007422,C0108,2026-03-12,2358.48,salary,inbound_transfer
T007816,C0113,2026-03-12,-42.59,cash_withdrawal,atm
T007908,C0115,2026-03-12,-91.27,utilities,direct_debit
T007995,C0116,2026-03-12,-9.48,transport,card
T008050,C0117,2026-03-12,-18.19,subscription,direct_debit
T008136,C0118,2026-03-12,-195.14,utilities,direct_debit
T008287,C0120,2026-03-12,-203.32,utilities,direct_debit
T008294,C0120,2026-03-12,-27.55,transport,card
T008376,C0121,2026-03-12,-39.66,dining,card
T008648,C0126,2026-03-12,-20.38,dining,card
T009216,C0133,2026-03-12,-85.28,groceries,card
T009304,C0134,2026-03-12,-37.38,groceries,card
T009817,C0142,2026-03-12,-276.15,transfer_out,app_transfer
T009994,C0145,2026-03-12,-49.88,groceries,card
T010314,C0150,2026-03-12,1319.77,salary,inbound_transfer
T010604,C0153,2026-03-12,-42.08,groceries,card
T011247,C0162,2026-03-12,-5.17,subscription,direct_debit
T011462,C0165,2026-03-12,-37.82,dining,card
T011601,C0167,2026-03-12,-14.8,dining,card
T011609,C0167,2026-03-12,-109.15,cash_withdrawal,atm
T011703,C0168,2026-03-12,-74.84,groceries,card
T012265,C0176,2026-03-12,4104.91,salary,inbound_transfer
T012267,C0176,2026-03-12,-74.48,retail,card
T012278,C0176,2026-03-12,-128.06,retail,card
T012537,C0180,2026-03-12,-55.79,dining,card
T013076,C0188,2026-03-12,-146.54,transfer_out,app_transfer
T013353,C0192,2026-03-12,-48.56,dining,card
T013449,C0193,2026-03-12,-67.59,groceries,card
T013903,C0200,2026-03-12,-43.89,retail,card
T000028,C0001,2026-03-13,-28.13,transport,card
T000295,C0005,2026-03-13,-143.58,transfer_out,app_transfer
T000469,C0008,2026-03-13,-112.65,utilities,direct_debit
T000538,C0009,2026-03-13,-25.26,dining,card
T000605,C0010,2026-03-13,-89.91,retail,card
T000813,C0013,2026-03-13,-8.68,transport,card
T001147,C0018,2026-03-13,2789.03,salary,inbound_transfer
T001517,C0023,2026-03-13,-56.16,groceries,card
T001719,C0025,2026-03-13,-116.47,retail,card
T001722,C0025,2026-03-13,-18.67,transport,card
T001761,C0026,2026-03-13,-12.81,dining,card
T001831,C0027,2026-03-13,-16.87,subscription,direct_debit
T002376,C0034,2026-03-13,-72.64,retail,card
T002672,C0039,2026-03-13,-94.78,retail,card
T003041,C0044,2026-03-13,-37.17,dining,card
T003081,C0045,2026-03-13,-35.9,dining,card
T003611,C0052,2026-03-13,-66.53,groceries,card
T003948,C0056,2026-03-13,-256.58,transfer_out,app_transfer
T003949,C0056,2026-03-13,-32.52,dining,card
T004425,C0065,2026-03-13,-56.66,dining,card
T004572,C0067,2026-03-13,899.1,salary,inbound_transfer
T004634,C0068,2026-03-13,-107.16,cash_withdrawal,atm
T004851,C0071,2026-03-13,-16.62,transport,card
T004852,C0071,2026-03-13,-97.66,retail,card
T004943,C0072,2026-03-13,-301.79,transfer_out,app_transfer
T005285,C0076,2026-03-13,-47.86,groceries,card
T005759,C0082,2026-03-13,2131.62,salary,inbound_transfer
T005816,C0083,2026-03-13,-29.81,groceries,card
T005820,C0083,2026-03-13,-81.5,groceries,card
T005821,C0083,2026-03-13,-58.4,groceries,card
T005903,C0085,2026-03-13,-77.62,retail,card
T005909,C0085,2026-03-13,-47.75,dining,card
T005999,C0086,2026-03-13,-24.41,cash_withdrawal,atm
T006083,C0087,2026-03-13,2866.9,salary,inbound_transfer
T006336,C0090,2026-03-13,-144.7,transfer_out,app_transfer
T006398,C0091,2026-03-13,-99.62,retail,card
T006627,C0094,2026-03-13,-69.03,utilities,direct_debit
T006718,C0095,2026-03-13,-46.56,dining,card
T006789,C0096,2026-03-13,-41.52,cash_withdrawal,atm
T007076,C0100,2026-03-13,-88.09,groceries,card
T007353,C0106,2026-03-13,-67.27,groceries,card
T007424,C0108,2026-03-13,-43.42,dining,card
T007860,C0114,2026-03-13,-58.04,dining,card
T008208,C0119,2026-03-13,-170.44,utilities,direct_debit
T008479,C0124,2026-03-13,-163.67,utilities,direct_debit
T008897,C0129,2026-03-13,-119.87,retail,card
T008962,C0130,2026-03-13,-23.51,subscription,direct_debit
T009037,C0131,2026-03-13,-25.64,subscription,direct_debit
T009207,C0133,2026-03-13,-12.85,transport,card
T009457,C0136,2026-03-13,-46.42,dining,card
T010074,C0146,2026-03-13,790.13,salary,inbound_transfer
T010161,C0148,2026-03-13,1458.94,salary,inbound_transfer
T010164,C0148,2026-03-13,-75.55,retail,card
T010250,C0149,2026-03-13,-5.7,subscription,direct_debit
T010748,C0155,2026-03-13,-14.34,transport,card
T011459,C0165,2026-03-13,804.98,salary,inbound_transfer
T011532,C0166,2026-03-13,-155.94,utilities,direct_debit
T011706,C0168,2026-03-13,-20.46,transport,card
T011803,C0169,2026-03-13,1358.83,salary,inbound_transfer
T011811,C0169,2026-03-13,-74.17,cash_withdrawal,atm
T011885,C0170,2026-03-13,-322.44,transfer_out,app_transfer
T012268,C0176,2026-03-13,-81.81,groceries,card
T012355,C0177,2026-03-13,771.92,salary,inbound_transfer
T013007,C0187,2026-03-13,-15.12,dining,card
T013009,C0187,2026-03-13,-65.15,groceries,card
T013344,C0192,2026-03-13,1023.45,salary,inbound_transfer
T013439,C0193,2026-03-13,-36.88,cash_withdrawal,atm
T013696,C0197,2026-03-13,-44.76,groceries,card
T013792,C0198,2026-03-13,-29.78,cash_withdrawal,atm
T013900,C0200,2026-03-13,-90.04,cash_withdrawal,atm
T013907,C0200,2026-03-13,-37.6,groceries,card
T000547,C0009,2026-03-14,-263.13,transfer_out,app_transfer
T000548,C0009,2026-03-14,-52.3,dining,card
T000671,C0011,2026-03-14,-19.56,dining,card
T000990,C0016,2026-03-14,3814.32,salary,inbound_transfer
T001379,C0021,2026-03-14,-29.68,transport,card
T001617,C0024,2026-03-14,-43.63,cash_withdrawal,atm
T002371,C0034,2026-03-14,-37.04,dining,card
T002521,C0037,2026-03-14,-38.11,dining,card
T002524,C0037,2026-03-14,-119.31,retail,card
T002530,C0037,2026-03-14,-54.5,groceries,card
T002619,C0038,2026-03-14,-130.76,retail,card
T002950,C0043,2026-03-14,-24.38,dining,card
T002953,C0043,2026-03-14,-113.6,retail,card
T003318,C0049,2026-03-14,-87.53,groceries,card
T003401,C0050,2026-03-14,-92.43,utilities,direct_debit
T003402,C0050,2026-03-14,-31.63,dining,card
T003407,C0050,2026-03-14,-194.97,utilities,direct_debit
T003617,C0052,2026-03-14,-227.75,transfer_out,app_transfer
T003704,C0053,2026-03-14,-36.34,dining,card
T004032,C0058,2026-03-14,4179.87,salary,inbound_transfer
T004627,C0068,2026-03-14,-338.36,transfer_out,app_transfer
T004714,C0069,2026-03-14,-17.67,groceries,card
T004850,C0071,2026-03-14,-44.85,groceries,card
T004853,C0071,2026-03-14,-66.69,groceries,card
T004941,C0072,2026-03-14,-86.95,retail,card
T005013,C0073,2026-03-14,-116.61,retail,card
T005518,C0079,2026-03-14,-51.55,groceries,card
T005599,C0080,2026-03-14,-52.31,dining,card
T005827,C0083,2026-03-14,-19.0,subscription,direct_debit
T006010,C0086,2026-03-14,-178.26,utilities,direct_debit
T006123,C0088,2026-03-14,3348.72,salary,inbound_transfer
T006232,C0089,2026-03-14,-72.3,groceries,card
T006408,C0091,2026-03-14,-162.29,utilities,direct_debit
T006456,C0092,2026-03-14,-25.77,dining,card
T006458,C0092,2026-03-14,-75.18,utilities,direct_debit
T006540,C0093,2026-03-14,1516.72,salary,inbound_transfer
T006714,C0095,2026-03-14,-10.15,transport,card
T006881,C0097,2026-03-14,-57.58,groceries,card
T008126,C0118,2026-03-14,-104.81,retail,card
T008283,C0120,2026-03-14,-15.44,transport,card
T009300,C0134,2026-03-14,-66.67,groceries,card
T009310,C0134,2026-03-14,-224.66,transfer_out,app_transfer
T009570,C0138,2026-03-14,-36.89,groceries,card
T009574,C0138,2026-03-14,-22.4,dining,card
T009816,C0142,2026-03-14,-20.21,cash_withdrawal,atm
T010084,C0146,2026-03-14,-52.05,groceries,card
T010171,C0148,2026-03-14,-196.54,transfer_out,app_transfer
T010425,C0151,2026-03-14,-29.28,transport,card
T010747,C0155,2026-03-14,-40.55,dining,card
T010837,C0156,2026-03-14,-22.64,subscription,direct_debit
T010918,C0157,2026-03-14,-16.8,dining,card
T010924,C0157,2026-03-14,-74.97,retail,card
T011242,C0162,2026-03-14,-37.43,retail,card
T011464,C0165,2026-03-14,-17.32,dining,card
T011528,C0166,2026-03-14,-34.68,dining,card
T011816,C0169,2026-03-14,-10.04,transport,card
T011958,C0171,2026-03-14,-9.07,subscription,direct_debit
T012361,C0177,2026-03-14,-83.84,groceries,card
T012479,C0179,2026-03-14,-51.88,groceries,card
T012927,C0186,2026-03-14,-305.42,transfer_out,app_transfer
T013237,C0190,2026-03-14,-193.46,utilities,direct_debit
T013321,C0191,2026-03-14,-74.93,groceries,card
T013448,C0193,2026-03-14,-57.46,groceries,card
T013510,C0194,2026-03-14,-26.73,retail,card
T013549,C0195,2026-03-14,-24.72,transport,card
T013598,C0196,2026-03-14,-33.79,dining,card
T013790,C0198,2026-03-14,892.82,salary,inbound_transfer
T013796,C0198,2026-03-14,-177.14,transfer_out,app_transfer
T013912,C0200,2026-03-14,-294.83,transfer_out,app_transfer
T000030,C0001,2026-03-15,-231.34,transfer_out,app_transfer
T000352,C0006,2026-03-15,-72.63,groceries,card
T000357,C0006,2026-03-15,-22.56,dining,card
T000541,C0009,2026-03-15,-25.35,subscription,direct_debit
T000659,C0011,2026-03-15,4255.02,salary,inbound_transfer
T000998,C0016,2026-03-15,-200.14,utilities,direct_debit
T001226,C0019,2026-03-15,1123.41,salary,inbound_transfer
T001230,C0019,2026-03-15,-44.54,groceries,card
T001447,C0022,2026-03-15,-78.36,utilities,direct_debit
T001760,C0026,2026-03-15,-97.3,utilities,direct_debit
T001839,C0027,2026-03-15,-180.82,utilities,direct_debit
T001906,C0028,2026-03-15,-58.9,dining,card
T001994,C0029,2026-03-15,-129.26,transfer_out,app_transfer
T002083,C0030,2026-03-15,-18.5,groceries,card
T002450,C0036,2026-03-15,-20.22,subscription,direct_debit
T002518,C0037,2026-03-15,-69.72,retail,card
T002673,C0039,2026-03-15,-5.93,transport,card
T003219,C0047,2026-03-15,-19.38,transport,card
T003280,C0048,2026-03-15,-95.4,cash_withdrawal,atm
T003504,C0051,2026-03-15,899.06,salary,inbound_transfer
T003702,C0053,2026-03-15,-43.13,groceries,card
T003703,C0053,2026-03-15,-91.81,utilities,direct_debit
T003707,C0053,2026-03-15,-27.97,dining,card
T003861,C0055,2026-03-15,-73.04,groceries,card
T004101,C0060,2026-03-15,-102.41,retail,card
T004303,C0063,2026-03-15,-17.8,transport,card
T004433,C0065,2026-03-15,-68.81,utilities,direct_debit
T004774,C0070,2026-03-15,-57.17,dining,card
T005002,C0073,2026-03-15,4193.64,salary,inbound_transfer
T005008,C0073,2026-03-15,-15.02,dining,card
T005196,C0075,2026-03-15,-43.02,dining,card
T005604,C0080,2026-03-15,-53.73,dining,card
T005681,C0081,2026-03-15,-18.35,transport,card
T005689,C0081,2026-03-15,-247.16,transfer_out,app_transfer
T006004,C0086,2026-03-15,-61.25,cash_withdrawal,atm
T006457,C0092,2026-03-15,-22.85,dining,card
T006622,C0094,2026-03-15,-18.62,groceries,card
T006793,C0096,2026-03-15,-6.66,subscription,direct_debit
T006933,C0098,2026-03-15,-37.0,dining,card
T007425,C0108,2026-03-15,-6.65,transport,card
T007487,C0109,2026-03-15,-65.58,groceries,card
T007493,C0109,2026-03-15,-105.61,retail,card
T007646,C0111,2026-03-15,-95.42,utilities,direct_debit
T007911,C0115,2026-03-15,-26.4,transport,card
T008054,C0117,2026-03-15,-293.77,transfer_out,app_transfer
T008055,C0117,2026-03-15,-62.2,cash_withdrawal,atm
T008127,C0118,2026-03-15,-385.43,transfer_out,app_transfer
T008443,C0123,2026-03-15,-90.14,retail,card
T008722,C0127,2026-03-15,3939.12,salary,inbound_transfer
T008731,C0127,2026-03-15,-29.1,dining,card
T008892,C0129,2026-03-15,-78.59,groceries,card
T009099,C0132,2026-03-15,-37.82,groceries,card
T009214,C0133,2026-03-15,-20.86,transport,card
T009391,C0135,2026-03-15,955.45,salary,inbound_transfer
T009653,C0140,2026-03-15,-20.35,cash_withdrawal,atm
T009810,C0142,2026-03-15,-77.26,cash_withdrawal,atm
T010252,C0149,2026-03-15,-15.63,transport,card
T010913,C0157,2026-03-15,-41.49,groceries,card
T011049,C0159,2026-03-15,-348.46,transfer_out,app_transfer
T011306,C0163,2026-03-15,3085.79,salary,inbound_transfer
T012067,C0173,2026-03-15,-168.53,transfer_out,app_transfer
T012122,C0174,2026-03-15,-110.67,retail,card
T012356,C0177,2026-03-15,-94.39,transfer_out,app_transfer
T012474,C0179,2026-03-15,-28.63,transport,card
T012648,C0182,2026-03-15,-25.25,groceries,card
T012924,C0186,2026-03-15,-127.89,retail,card
T013078,C0188,2026-03-15,-22.94,dining,card
T013236,C0190,2026-03-15,-11.97,dining,card
T013238,C0190,2026-03-15,-24.78,dining,card
T013851,C0199,2026-03-15,-64.7,retail,card
T013854,C0199,2026-03-15,-380.01,transfer_out,app_transfer
T013911,C0200,2026-03-15,-55.35,groceries,card
T000218,C0004,2026-03-16,-19.39,subscription,direct_debit
T000302,C0005,2026-03-16,-133.12,utilities,direct_debit
T000604,C0010,2026-03-16,-55.9,groceries,card
T000669,C0011,2026-03-16,-63.84,utilities,direct_debit
T000755,C0012,2026-03-16,-105.85,retail,card
T001232,C0019,2026-03-16,-41.82,dining,card
T001450,C0022,2026-03-16,-110.62,retail,card
T001513,C0023,2026-03-16,3441.45,salary,inbound_transfer
T001514,C0023,2026-03-16,-31.18,groceries,card
T001518,C0023,2026-03-16,-72.62,utilities,direct_debit
T001524,C0023,2026-03-16,-9.27,transport,card
T001830,C0027,2026-03-16,-6.53,transport,card
T001990,C0029,2026-03-16,-25.83,subscription,direct_debit
T002239,C0032,2026-03-16,-25.86,subscription,direct_debit
T003211,C0047,2026-03-16,-18.85,transport,card
T003399,C0050,2026-03-16,-46.8,dining,card
T003400,C0050,2026-03-16,-76.66,cash_withdrawal,atm
T003511,C0051,2026-03-16,-168.0,utilities,direct_debit
T003612,C0052,2026-03-16,-12.68,subscription,direct_debit
T003613,C0052,2026-03-16,-62.78,groceries,card
T003862,C0055,2026-03-16,-94.09,retail,card
T003863,C0055,2026-03-16,-123.12,utilities,direct_debit
T004106,C0060,2026-03-16,-24.63,transport,card
T004367,C0064,2026-03-16,-18.43,dining,card
T004369,C0064,2026-03-16,-36.59,groceries,card
T004624,C0068,2026-03-16,-79.26,groceries,card
T004715,C0069,2026-03-16,-61.93,groceries,card
T005191,C0075,2026-03-16,-32.14,dining,card
T005194,C0075,2026-03-16,-62.83,groceries,card
T005382,C0077,2026-03-16,-21.77,transport,card
T005680,C0081,2026-03-16,980.9,salary,inbound_transfer
T005815,C0083,2026-03-16,-34.9,retail,card
T005822,C0083,2026-03-16,-41.05,retail,card
T005874,C0084,2026-03-16,-48.19,retail,card
T006236,C0089,2026-03-16,-45.18,dining,card
T006392,C0091,2026-03-16,3960.58,salary,inbound_transfer
T006613,C0094,2026-03-16,2551.99,salary,inbound_transfer
T006712,C0095,2026-03-16,4621.81,salary,inbound_transfer
T006877,C0097,2026-03-16,-24.85,groceries,card
T007021,C0099,2026-03-16,-198.5,transfer_out,app_transfer
T007180,C0103,2026-03-16,-157.87,transfer_out,app_transfer
T007252,C0104,2026-03-16,-22.02,transport,card
T007495,C0109,2026-03-16,-85.6,cash_withdrawal,atm
T007593,C0110,2026-03-16,2648.78,salary,inbound_transfer
T007652,C0111,2026-03-16,-106.41,retail,card
T008203,C0119,2026-03-16,773.21,salary,inbound_transfer
T008560,C0125,2026-03-16,-10.07,transport,card
T008563,C0125,2026-03-16,-76.06,groceries,card
T008564,C0125,2026-03-16,-271.76,transfer_out,app_transfer
T008649,C0126,2026-03-16,-24.79,transport,card
T008724,C0127,2026-03-16,-26.56,retail,card
T009038,C0131,2026-03-16,-27.84,transport,card
T009102,C0132,2026-03-16,-21.63,groceries,card
T009568,C0138,2026-03-16,-66.39,groceries,card
T009733,C0141,2026-03-16,-88.78,groceries,card
T009807,C0142,2026-03-16,-32.85,dining,card
T010163,C0148,2026-03-16,-90.35,groceries,card
T010315,C0150,2026-03-16,1498.82,salary,inbound_transfer
T010525,C0152,2026-03-16,-21.27,groceries,card
T010831,C0156,2026-03-16,-42.64,groceries,card
T010989,C0158,2026-03-16,-74.73,cash_withdrawal,atm
T011048,C0159,2026-03-16,-99.99,retail,card
T011249,C0162,2026-03-16,-49.21,groceries,card
T011600,C0167,2026-03-16,-25.21,subscription,direct_debit
T011608,C0167,2026-03-16,-343.36,transfer_out,app_transfer
T011699,C0168,2026-03-16,-105.9,cash_withdrawal,atm
T011814,C0169,2026-03-16,-36.11,groceries,card
T011966,C0171,2026-03-16,-116.18,utilities,direct_debit
T012124,C0174,2026-03-16,-64.72,groceries,card
T012730,C0183,2026-03-16,-87.44,transfer_out,app_transfer
T012731,C0183,2026-03-16,-105.52,retail,card
T012804,C0184,2026-03-16,-64.39,retail,card
T012840,C0185,2026-03-16,-21.5,cash_withdrawal,atm
T012845,C0185,2026-03-16,-60.67,groceries,card
T013176,C0189,2026-03-16,-76.55,groceries,card
T013905,C0200,2026-03-16,-33.13,dining,card
T000660,C0011,2026-03-17,-26.67,transport,card
T001073,C0017,2026-03-17,-75.0,utilities,direct_debit
T001710,C0025,2026-03-17,1588.11,salary,inbound_transfer
T001898,C0028,2026-03-17,-91.78,groceries,card
T001905,C0028,2026-03-17,-29.7,groceries,card
T002078,C0030,2026-03-17,-54.72,cash_withdrawal,atm
T002230,C0032,2026-03-17,-65.55,groceries,card
T002238,C0032,2026-03-17,-130.44,retail,card
T002676,C0039,2026-03-17,-23.2,dining,card
T002763,C0040,2026-03-17,-263.44,transfer_out,app_transfer
T003036,C0044,2026-03-17,-107.0,cash_withdrawal,atm
T003044,C0044,2026-03-17,-59.45,groceries,card
T003139,C0046,2026-03-17,-240.75,transfer_out,app_transfer
T003316,C0049,2026-03-17,-83.01,groceries,card
T003404,C0050,2026-03-17,-287.23,transfer_out,app_transfer
T003800,C0054,2026-03-17,-84.09,retail,card
T004100,C0060,2026-03-17,-152.1,utilities,direct_debit
T004105,C0060,2026-03-17,-57.26,dining,card
T004432,C0065,2026-03-17,-324.76,transfer_out,app_transfer
T004775,C0070,2026-03-17,-38.97,dining,card
T004784,C0070,2026-03-17,-79.64,groceries,card
T004849,C0071,2026-03-17,940.39,salary,inbound_transfer
T004933,C0072,2026-03-17,1011.59,salary,inbound_transfer
T005097,C0074,2026-03-17,-31.66,dining,card
T005467,C0078,2026-03-17,-85.45,groceries,card
T006008,C0086,2026-03-17,-290.37,transfer_out,app_transfer
T006240,C0089,2026-03-17,-86.02,groceries,card
T006724,C0095,2026-03-17,-62.47,groceries,card
T007169,C0103,2026-03-17,3264.82,salary,inbound_transfer
T007496,C0109,2026-03-17,-19.01,dining,card
T007498,C0109,2026-03-17,-53.95,dining,card
T007747,C0112,2026-03-17,-27.86,transport,card
T008129,C0118,2026-03-17,-201.87,transfer_out,app_transfer
T008132,C0118,2026-03-17,-67.91,retail,card
T008206,C0119,2026-03-17,-77.52,groceries,card
T008562,C0125,2026-03-17,-17.37,groceries,card
T008802,C0128,2026-03-17,-81.15,groceries,card
T008963,C0130,2026-03-17,-12.58,transport,card
T009104,C0132,2026-03-17,-86.13,utilities,direct_debit
T009110,C0132,2026-03-17,-151.46,utilities,direct_debit
T009205,C0133,2026-03-17,-274.81,transfer_out,app_transfer
T009211,C0133,2026-03-17,-60.92,utilities,direct_debit
T009213,C0133,2026-03-17,-18.94,subscription,direct_debit
T009569,C0138,2026-03-17,-40.92,groceries,card
T009573,C0138,2026-03-17,-27.45,groceries,card
T010135,C0147,2026-03-17,3401.0,salary,inbound_transfer
T010168,C0148,2026-03-17,-109.88,retail,card
T010257,C0149,2026-03-17,-51.68,retail,card
T010416,C0151,2026-03-17,-28.11,dining,card
T010417,C0151,2026-03-17,-73.86,retail,card
T010526,C0152,2026-03-17,-20.67,dining,card
T010670,C0154,2026-03-17,-53.83,dining,card
T010990,C0158,2026-03-17,-18.98,subscription,direct_debit
T011245,C0162,2026-03-17,-86.59,groceries,card
T011255,C0162,2026-03-17,-17.27,dining,card
T011308,C0163,2026-03-17,-68.75,retail,card
T011466,C0165,2026-03-17,-38.65,dining,card
T011701,C0168,2026-03-17,-13.24,transport,card
T011709,C0168,2026-03-17,-73.31,groceries,card
T012847,C0185,2026-03-17,-12.46,transport,card
T013174,C0189,2026-03-17,-105.86,retail,card
T013348,C0192,2026-03-17,-38.22,cash_withdrawal,atm
T013354,C0192,2026-03-17,-76.29,cash_withdrawal,atm
T013437,C0193,2026-03-17,3807.22,salary,inbound_transfer
T013443,C0193,2026-03-17,-11.3,transport,card
T013597,C0196,2026-03-17,-78.42,groceries,card
T013797,C0198,2026-03-17,-113.95,retail,card
T000217,C0004,2026-03-18,-74.88,groceries,card
T000222,C0004,2026-03-18,-75.27,groceries,card
T000358,C0006,2026-03-18,-47.7,utilities,direct_debit
T001376,C0021,2026-03-18,-57.33,groceries,card
T001609,C0024,2026-03-18,-34.6,dining,card
T001614,C0024,2026-03-18,-83.62,retail,card
T001757,C0026,2026-03-18,4309.69,salary,inbound_transfer
T001759,C0026,2026-03-18,-52.82,dining,card
T001834,C0027,2026-03-18,-58.94,retail,card
T001992,C0029,2026-03-18,-71.56,cash_withdrawal,atm
T002362,C0034,2026-03-18,-6.65,subscription,direct_debit
T002375,C0034,2026-03-18,-24.03,subscription,direct_debit
T002523,C0037,2026-03-18,-91.13,transfer_out,app_transfer
T002670,C0039,2026-03-18,-262.27,transfer_out,app_transfer
T002878,C0042,2026-03-18,-78.8,retail,card
T003129,C0046,2026-03-18,-83.83,groceries,card
T003696,C0053,2026-03-18,1442.99,salary,inbound_transfer
T003860,C0055,2026-03-18,-6.17,transport,card
T004102,C0060,2026-03-18,-71.13,retail,card
T004360,C0064,2026-03-18,2309.22,salary,inbound_transfer
T004623,C0068,2026-03-18,-22.93,subscription,direct_debit
T004719,C0069,2026-03-18,-23.26,transport,card
T005003,C0073,2026-03-18,-130.38,retail,card
T005281,C0076,2026-03-18,-65.12,retail,card
T005372,C0077,2026-03-18,3414.46,salary,inbound_transfer
T005819,C0083,2026-03-18,-325.63,transfer_out,app_transfer
T005829,C0083,2026-03-18,-50.44,cash_withdrawal,atm
T005912,C0085,2026-03-18,-270.01,transfer_out,app_transfer
T006088,C0087,2026-03-18,-37.24,groceries,card
T006323,C0090,2026-03-18,1356.89,salary,inbound_transfer
T006407,C0091,2026-03-18,-189.19,utilities,direct_debit
T006617,C0094,2026-03-18,-122.55,retail,card
T006620,C0094,2026-03-18,-75.93,groceries,card
T006795,C0096,2026-03-18,-75.25,groceries,card
T008412,C0122,2026-03-18,788.67,salary,inbound_transfer
T008896,C0129,2026-03-18,-82.33,transfer_out,app_transfer
T009031,C0131,2026-03-18,1193.66,salary,inbound_transfer
T009298,C0134,2026-03-18,1384.71,salary,inbound_transfer
T009460,C0136,2026-03-18,-25.57,transport,card
T009734,C0141,2026-03-18,-251.86,transfer_out,app_transfer
T009996,C0145,2026-03-18,-30.39,retail,card
T010167,C0148,2026-03-18,-94.0,transfer_out,app_transfer
T010524,C0152,2026-03-18,-61.57,groceries,card
T010841,C0156,2026-03-18,-91.81,retail,card
T010992,C0158,2026-03-18,-14.61,dining,card
T011129,C0161,2026-03-18,-57.25,groceries,card
T011967,C0171,2026-03-18,-22.5,groceries,card
T012212,C0175,2026-03-18,-20.97,transport,card
T012649,C0182,2026-03-18,-78.51,groceries,card
T013320,C0191,2026-03-18,-17.15,groceries,card
T013349,C0192,2026-03-18,-125.43,transfer_out,app_transfer
T013594,C0196,2026-03-18,-6.71,transport,card
T013856,C0199,2026-03-18,-102.71,transfer_out,app_transfer
T013899,C0200,2026-03-18,-97.67,retail,card
T013901,C0200,2026-03-18,-58.67,dining,card
T000029,C0001,2026-03-19,-78.63,retail,card
T000151,C0003,2026-03-19,-47.69,retail,card
T000294,C0005,2026-03-19,3881.37,salary,inbound_transfer
T000296,C0005,2026-03-19,-109.16,retail,card
T000350,C0006,2026-03-19,-44.31,dining,card
T000926,C0015,2026-03-19,-348.82,transfer_out,app_transfer
T001716,C0025,2026-03-19,-29.4,groceries,card
T001836,C0027,2026-03-19,-6.19,subscription,direct_debit
T002088,C0030,2026-03-19,-73.88,groceries,card
T002180,C0031,2026-03-19,-22.19,groceries,card
T002236,C0032,2026-03-19,-12.69,subscription,direct_debit
T002761,C0040,2026-03-19,-11.43,transport,card
T002762,C0040,2026-03-19,-35.96,dining,card
T002883,C0042,2026-03-19,-25.16,subscription,direct_debit
T003079,C0045,2026-03-19,-36.5,groceries,card
T003515,C0051,2026-03-19,-32.89,dining,card
T003615,C0052,2026-03-19,-217.98,transfer_out,app_transfer
T003798,C0054,2026-03-19,-16.73,subscription,direct_debit
T003859,C0055,2026-03-19,-27.82,groceries,card
T003953,C0056,2026-03-19,-201.46,utilities,direct_debit
T004301,C0063,2026-03-19,-29.93,transport,card
T004364,C0064,2026-03-19,-165.56,transfer_out,app_transfer
T004573,C0067,2026-03-19,-35.07,dining,card
T004580,C0067,2026-03-19,-37.67,dining,card
T004625,C0068,2026-03-19,-26.32,subscription,direct_debit
T004938,C0072,2026-03-19,-68.1,cash_withdrawal,atm
T004940,C0072,2026-03-19,-22.44,transport,card
T005193,C0075,2026-03-19,-51.19,groceries,card
T005283,C0076,2026-03-19,-59.17,dining,card
T005373,C0077,2026-03-19,-76.89,groceries,card
T005379,C0077,2026-03-19,-48.39,retail,card
T005602,C0080,2026-03-19,-97.23,retail,card
T005911,C0085,2026-03-19,-27.15,dining,card
T006231,C0089,2026-03-19,926.3,salary,inbound_transfer
T006234,C0089,2026-03-19,-52.74,groceries,card
T006399,C0091,2026-03-19,-7.83,subscription,direct_debit
T006723,C0095,2026-03-19,-56.39,groceries,card
T007256,C0104,2026-03-19,-147.76,utilities,direct_debit
T007594,C0110,2026-03-19,-25.3,transport,card
T007600,C0110,2026-03-19,-87.7,groceries,card
T007647,C0111,2026-03-19,-39.53,dining,card
T007744,C0112,2026-03-19,-22.41,transport,card
T007748,C0112,2026-03-19,-19.62,transport,card
T007913,C0115,2026-03-19,-28.16,transport,card
T008057,C0117,2026-03-19,-30.22,groceries,card
T008289,C0120,2026-03-19,-33.66,retail,card
T008290,C0120,2026-03-19,-14.47,transport,card
T008374,C0121,2026-03-19,-19.87,subscription,direct_debit
T008565,C0125,2026-03-19,-75.21,groceries,card
T008656,C0126,2026-03-19,-19.24,transport,card
T008734,C0127,2026-03-19,-272.67,transfer_out,app_transfer
T008800,C0128,2026-03-19,-57.35,groceries,card
T008804,C0128,2026-03-19,-59.44,dining,card
T008894,C0129,2026-03-19,-25.13,groceries,card
T009215,C0133,2026-03-19,-106.72,utilities,direct_debit
T009911,C0143,2026-03-19,1579.73,salary,inbound_transfer
T009993,C0145,2026-03-19,-160.78,transfer_out,app_transfer
T010077,C0146,2026-03-19,-230.95,transfer_out,app_transfer
T010426,C0151,2026-03-19,-60.31,groceries,card
T010986,C0158,2026-03-19,-24.41,cash_withdrawal,atm
T011139,C0161,2026-03-19,-135.78,transfer_out,app_transfer
T011391,C0164,2026-03-19,-53.35,groceries,card
T011392,C0164,2026-03-19,-83.23,retail,card
T011526,C0166,2026-03-19,-23.61,groceries,card
T012035,C0172,2026-03-19,-55.13,dining,card
T012037,C0172,2026-03-19,-51.5,dining,card
T012218,C0175,2026-03-19,-9.89,transport,card
T013006,C0187,2026-03-19,-21.36,cash_withdrawal,atm
T013351,C0192,2026-03-19,-134.88,transfer_out,app_transfer
T013446,C0193,2026-03-19,-327.48,transfer_out,app_transfer
T013591,C0196,2026-03-19,2914.36,salary,inbound_transfer
T013699,C0197,2026-03-19,-57.26,cash_withdrawal,atm
T013788,C0198,2026-03-19,815.21,salary,inbound_transfer
T013791,C0198,2026-03-19,-49.7,retail,card
T013902,C0200,2026-03-19,-52.39,dining,card
T000537,C0009,2026-03-20,-25.52,retail,card
T001449,C0022,2026-03-20,-12.19,dining,card
T001837,C0027,2026-03-20,-21.83,groceries,card
T001982,C0029,2026-03-20,3509.83,salary,inbound_transfer
T002181,C0031,2026-03-20,-42.4,dining,card
T002363,C0034,2026-03-20,-83.41,groceries,card
T002675,C0039,2026-03-20,-62.59,retail,card
T003075,C0045,2026-03-20,-23.45,transport,card
T003125,C0046,2026-03-20,-53.78,dining,card
T003698,C0053,2026-03-20,-12.37,dining,card
T003864,C0055,2026-03-20,-8.62,subscription,direct_debit
T003957,C0056,2026-03-20,-10.85,transport,card
T005093,C0074,2026-03-20,-73.62,retail,card
T005094,C0074,2026-03-20,-131.61,retail,card
T005375,C0077,2026-03-20,-12.77,transport,card
T005381,C0077,2026-03-20,-15.12,transport,card
T005464,C0078,2026-03-20,-97.86,cash_withdrawal,atm
T005598,C0080,2026-03-20,-87.24,cash_withdrawal,atm
T005770,C0082,2026-03-20,-274.84,transfer_out,app_transfer
T005913,C0085,2026-03-20,-20.27,subscription,direct_debit
T006007,C0086,2026-03-20,-46.6,retail,card
T006009,C0086,2026-03-20,-54.58,retail,card
T006089,C0087,2026-03-20,-75.3,cash_withdrawal,atm
T006322,C0090,2026-03-20,1488.73,salary,inbound_transfer
T006719,C0095,2026-03-20,-63.58,groceries,card
T006720,C0095,2026-03-20,-67.9,utilities,direct_debit
T006786,C0096,2026-03-20,-24.73,groceries,card
T006787,C0096,2026-03-20,-29.12,transport,card
T006791,C0096,2026-03-20,-100.63,cash_withdrawal,atm
T007251,C0104,2026-03-20,-12.48,dining,card
T007395,C0107,2026-03-20,-33.5,dining,card
T007596,C0110,2026-03-20,-239.11,transfer_out,app_transfer
T007640,C0111,2026-03-20,-41.18,dining,card
T007915,C0115,2026-03-20,-243.45,transfer_out,app_transfer
T008134,C0118,2026-03-20,-82.06,groceries,card
T008288,C0120,2026-03-20,-16.26,transport,card
T008445,C0123,2026-03-20,-54.21,retail,card
T008553,C0125,2026-03-20,3361.06,salary,inbound_transfer
T008646,C0126,2026-03-20,-42.11,dining,card
T008733,C0127,2026-03-20,-28.97,dining,card
T008953,C0130,2026-03-20,813.57,salary,inbound_transfer
T009034,C0131,2026-03-20,-45.67,groceries,card
T009109,C0132,2026-03-20,-29.77,transport,card
T009731,C0141,2026-03-20,-90.32,groceries,card
T009806,C0142,2026-03-20,-25.13,dining,card
T010085,C0146,2026-03-20,-81.92,groceries,card
T010087,C0146,2026-03-20,-47.21,dining,card
T010316,C0150,2026-03-20,-58.86,retail,card
T010744,C0155,2026-03-20,-88.42,transfer_out,app_transfer
T010911,C0157,2026-03-20,-70.48,utilities,direct_debit
T011090,C0160,2026-03-20,3184.96,salary,inbound_transfer
T012030,C0172,2026-03-20,-68.28,groceries,card
T012210,C0175,2026-03-20,-272.95,transfer_out,app_transfer
T012358,C0177,2026-03-20,-17.38,dining,card
T012468,C0179,2026-03-20,-99.88,retail,card
T012536,C0180,2026-03-20,-57.05,groceries,card
T012728,C0183,2026-03-20,-22.1,subscription,direct_debit
T013547,C0195,2026-03-20,965.16,salary,inbound_transfer
T013550,C0195,2026-03-20,-118.14,retail,card
T013593,C0196,2026-03-20,-63.55,groceries,card
T013595,C0196,2026-03-20,-12.66,subscription,direct_debit
T013858,C0199,2026-03-20,-27.54,dining,card
T013898,C0200,2026-03-20,-122.61,retail,card
T000220,C0004,2026-03-21,-28.98,transport,card
T000540,C0009,2026-03-21,-24.44,retail,card
T000545,C0009,2026-03-21,-26.82,dining,card
T000668,C0011,2026-03-21,-90.09,groceries,card
T000925,C0015,2026-03-21,845.92,salary,inbound_transfer
T000933,C0015,2026-03-21,-203.19,utilities,direct_debit
T001076,C0017,2026-03-21,-74.73,groceries,card
T001235,C0019,2026-03-21,-21.26,subscription,direct_debit
T001237,C0019,2026-03-21,-49.47,dining,card
T001520,C0023,2026-03-21,-5.72,transport,card
T001615,C0024,2026-03-21,-24.94,transport,card
T001832,C0027,2026-03-21,-26.07,cash_withdrawal,atm
T002183,C0031,2026-03-21,-380.64,transfer_out,app_transfer
T002367,C0034,2026-03-21,-19.63,dining,card
T002378,C0034,2026-03-21,-62.96,groceries,card
T002956,C0043,2026-03-21,-36.5,groceries,card
T003040,C0044,2026-03-21,-34.63,dining,card
T003043,C0044,2026-03-21,-23.43,subscription,direct_debit
T003131,C0046,2026-03-21,-59.93,dining,card
T003218,C0047,2026-03-21,-58.09,groceries,card
T003311,C0049,2026-03-21,-52.59,cash_withdrawal,atm
T003502,C0051,2026-03-21,762.24,salary,inbound_transfer
T004050,C0059,2026-03-21,1190.75,salary,inbound_transfer
T004213,C0062,2026-03-21,3295.74,salary,inbound_transfer
T004578,C0067,2026-03-21,-100.18,transfer_out,app_transfer
T004631,C0068,2026-03-21,-28.48,dining,card
T004718,C0069,2026-03-21,-29.32,dining,card
T004859,C0071,2026-03-21,-46.05,groceries,card
T004862,C0071,2026-03-21,-71.88,retail,card
T004935,C0072,2026-03-21,-60.06,dining,card
T004939,C0072,2026-03-21,-28.01,dining,card
T005100,C0074,2026-03-21,-21.07,groceries,card
T005522,C0079,2026-03-21,-35.4,dining,card
T005527,C0079,2026-03-21,-29.19,groceries,card
T005824,C0083,2026-03-21,-26.35,retail,card
T005905,C0085,2026-03-21,-94.92,retail,card
T006327,C0090,2026-03-21,-167.13,transfer_out,app_transfer
T006717,C0095,2026-03-21,-21.52,groceries,card
T006785,C0096,2026-03-21,-71.42,retail,card
T006792,C0096,2026-03-21,-18.13,transport,card
T006871,C0097,2026-03-21,874.56,salary,inbound_transfer
T006934,C0098,2026-03-21,-87.68,groceries,card
T007171,C0103,2026-03-21,-131.11,retail,card
T007250,C0104,2026-03-21,-96.59,retail,card
T007595,C0110,2026-03-21,-106.15,transfer_out,app_transfer
T007642,C0111,2026-03-21,-37.34,dining,card
T007912,C0115,2026-03-21,-22.27,transport,card
T007914,C0115,2026-03-21,-26.55,transport,card
T008284,C0120,2026-03-21,-61.68,groceries,card
T008372,C0121,2026-03-21,-270.41,transfer_out,app_transfer
T008411,C0122,2026-03-21,943.94,salary,inbound_transfer
T008645,C0126,2026-03-21,2006.27,salary,inbound_transfer
T008732,C0127,2026-03-21,-26.74,dining,card
T008801,C0128,2026-03-21,-61.62,groceries,card
T008813,C0128,2026-03-21,-52.73,groceries,card
T009209,C0133,2026-03-21,-5.62,transport,card
T009307,C0134,2026-03-21,-61.25,dining,card
T009456,C0136,2026-03-21,-74.82,utilities,direct_debit
T009459,C0136,2026-03-21,-94.67,retail,card
T009461,C0136,2026-03-21,-9.25,transport,card
T009652,C0140,2026-03-21,-14.25,transport,card
T009655,C0140,2026-03-21,-229.13,transfer_out,app_transfer
T009815,C0142,2026-03-21,-30.13,dining,card
T009914,C0143,2026-03-21,-41.42,retail,card
T009989,C0145,2026-03-21,-91.19,retail,card
T010321,C0150,2026-03-21,-43.18,groceries,card
T010420,C0151,2026-03-21,-6.67,subscription,direct_debit
T010595,C0153,2026-03-21,4178.77,salary,inbound_transfer
T010602,C0153,2026-03-21,-87.42,groceries,card
T010605,C0153,2026-03-21,-102.7,utilities,direct_debit
T010750,C0155,2026-03-21,-15.12,subscription,direct_debit
T010833,C0156,2026-03-21,-43.4,utilities,direct_debit
T010917,C0157,2026-03-21,-44.66,dining,card
T010991,C0158,2026-03-21,-12.81,subscription,direct_debit
T011126,C0161,2026-03-21,3789.04,salary,inbound_transfer
T011127,C0161,2026-03-21,-191.3,utilities,direct_debit
T011143,C0161,2026-03-21,-11.96,dining,card
T011257,C0162,2026-03-21,-171.06,transfer_out,app_transfer
T011603,C0167,2026-03-21,-233.81,transfer_out,app_transfer
T011607,C0167,2026-03-21,-31.59,dining,card
T011805,C0169,2026-03-21,-79.31,cash_withdrawal,atm
T011884,C0170,2026-03-21,-81.33,groceries,card
T012062,C0173,2026-03-21,3292.39,salary,inbound_transfer
T012405,C0178,2026-03-21,-23.5,groceries,card
T012469,C0179,2026-03-21,-60.17,dining,card
T012644,C0182,2026-03-21,-65.5,retail,card
T012933,C0186,2026-03-21,-75.06,groceries,card
T013001,C0187,2026-03-21,-19.65,subscription,direct_debit
T013077,C0188,2026-03-21,-15.76,dining,card
T013173,C0189,2026-03-21,-102.47,retail,card
T013240,C0190,2026-03-21,-14.4,subscription,direct_debit
T013601,C0196,2026-03-21,-75.17,retail,card
T013799,C0198,2026-03-21,-13.49,transport,card
T000023,C0001,2026-03-22,-185.39,transfer_out,app_transfer
T000099,C0002,2026-03-22,4327.0,salary,inbound_transfer
T000810,C0013,2026-03-22,-72.96,groceries,card
T000812,C0013,2026-03-22,-100.96,retail,card
T000995,C0016,2026-03-22,-12.73,subscription,direct_debit
T001151,C0018,2026-03-22,-221.49,transfer_out,app_transfer
T001610,C0024,2026-03-22,-24.74,transport,card
T001902,C0028,2026-03-22,-25.45,cash_withdrawal,atm
T002170,C0031,2026-03-22,1493.02,salary,inbound_transfer
T002961,C0043,2026-03-22,-269.07,transfer_out,app_transfer
T003074,C0045,2026-03-22,-63.57,retail,card
T003128,C0046,2026-03-22,-49.06,dining,card
T003137,C0046,2026-03-22,-40.3,dining,card
T003857,C0055,2026-03-22,-25.78,dining,card
T004099,C0060,2026-03-22,2684.91,salary,inbound_transfer
T004108,C0060,2026-03-22,-30.8,groceries,card
T004426,C0065,2026-03-22,-45.5,dining,card
T004717,C0069,2026-03-22,-30.16,retail,card
T004855,C0071,2026-03-22,-81.23,groceries,card
T004934,C0072,2026-03-22,-298.69,transfer_out,app_transfer
T005284,C0076,2026-03-22,-131.52,transfer_out,app_transfer
T005597,C0080,2026-03-22,1004.08,salary,inbound_transfer
T005682,C0081,2026-03-22,-47.87,dining,card
T006002,C0086,2026-03-22,-17.34,transport,card
T006239,C0089,2026-03-22,-32.22,groceries,card
T006397,C0091,2026-03-22,-133.71,utilities,direct_debit
T006401,C0091,2026-03-22,-52.45,dining,card
T006450,C0092,2026-03-22,-27.92,transport,card
T006543,C0093,2026-03-22,-18.53,transport,card
T007022,C0099,2026-03-22,-16.55,transport,card
T007248,C0104,2026-03-22,-47.98,dining,card
T007296,C0105,2026-03-22,-32.13,retail,card
T007428,C0108,2026-03-22,-130.31,retail,card
T007598,C0110,2026-03-22,-18.7,dining,card
T007604,C0110,2026-03-22,-25.32,transport,card
T007906,C0115,2026-03-22,-88.58,groceries,card
T007993,C0116,2026-03-22,-99.77,cash_withdrawal,atm
T008209,C0119,2026-03-22,-113.99,retail,card
T008292,C0120,2026-03-22,-51.54,retail,card
T008475,C0124,2026-03-22,2882.86,salary,inbound_transfer
T008807,C0128,2026-03-22,-49.88,utilities,direct_debit
T009107,C0132,2026-03-22,-39.89,retail,card
T009297,C0134,2026-03-22,1228.3,salary,inbound_transfer
T009309,C0134,2026-03-22,-27.23,transport,card
T009517,C0137,2026-03-22,-177.5,transfer_out,app_transfer
T009992,C0145,2026-03-22,-24.45,transport,card
T010251,C0149,2026-03-22,-31.3,dining,card
T010253,C0149,2026-03-22,-57.89,retail,card
T010601,C0153,2026-03-22,-48.46,retail,card
T010916,C0157,2026-03-22,-327.66,transfer_out,app_transfer
T011390,C0164,2026-03-22,3865.41,salary,inbound_transfer
T011968,C0171,2026-03-22,-40.2,dining,card
T012065,C0173,2026-03-22,-12.07,transport,card
T012068,C0173,2026-03-22,-57.71,cash_withdrawal,atm
T012073,C0173,2026-03-22,-23.75,dining,card
T012219,C0175,2026-03-22,-305.27,transfer_out,app_transfer
T012535,C0180,2026-03-22,-42.98,dining,card
T012641,C0182,2026-03-22,1435.95,salary,inbound_transfer
T012642,C0182,2026-03-22,1252.96,salary,inbound_transfer
T012646,C0182,2026-03-22,-17.92,transport,card
T012803,C0184,2026-03-22,-39.1,groceries,card
T013552,C0195,2026-03-22,-50.36,groceries,card
T013793,C0198,2026-03-22,-19.58,subscription,direct_debit
T013906,C0200,2026-03-22,-119.5,retail,card
T000361,C0006,2026-03-23,-89.4,utilities,direct_debit
T001445,C0022,2026-03-23,1591.87,salary,inbound_transfer
T002679,C0039,2026-03-23,-45.11,dining,card
T002798,C0041,2026-03-23,-97.47,retail,card
T002802,C0041,2026-03-23,-20.94,dining,card
T003035,C0044,2026-03-23,-24.36,cash_withdrawal,atm
T003281,C0048,2026-03-23,-29.73,groceries,card
T003699,C0053,2026-03-23,-24.12,dining,card
T004361,C0064,2026-03-23,-49.24,dining,card
T004577,C0067,2026-03-23,-66.13,utilities,direct_debit
T005004,C0073,2026-03-23,-103.63,transfer_out,app_transfer
T005005,C0073,2026-03-23,-7.23,transport,card
T005384,C0077,2026-03-23,-56.73,dining,card
T005386,C0077,2026-03-23,-140.12,transfer_out,app_transfer
T005524,C0079,2026-03-23,-118.75,transfer_out,app_transfer
T005683,C0081,2026-03-23,-52.2,cash_withdrawal,atm
T005814,C0083,2026-03-23,-9.82,transport,card
T006403,C0091,2026-03-23,-111.77,retail,card
T006713,C0095,2026-03-23,-19.59,transport,card
T007297,C0105,2026-03-23,-75.49,retail,card
T007742,C0112,2026-03-23,-16.85,groceries,card
T007865,C0114,2026-03-23,-144.48,transfer_out,app_transfer
T008047,C0117,2026-03-23,-31.47,groceries,card
T008048,C0117,2026-03-23,-60.03,utilities,direct_debit
T008133,C0118,2026-03-23,-29.62,retail,card
T008442,C0123,2026-03-23,-41.81,retail,card
T008446,C0123,2026-03-23,-74.83,groceries,card
T008723,C0127,2026-03-23,-131.92,transfer_out,app_transfer
T009210,C0133,2026-03-23,-67.06,utilities,direct_debit
T009579,C0138,2026-03-23,-21.79,dining,card
T009732,C0141,2026-03-23,-15.93,dining,card
T009953,C0144,2026-03-23,-11.94,dining,card
T010414,C0151,2026-03-23,876.96,salary,inbound_transfer
T010520,C0152,2026-03-23,-140.69,utilities,direct_debit
T010667,C0154,2026-03-23,1338.81,salary,inbound_transfer
T010668,C0154,2026-03-23,1306.45,salary,inbound_transfer
T010840,C0156,2026-03-23,-69.16,groceries,card
T010923,C0157,2026-03-23,-85.83,utilities,direct_debit
T010985,C0158,2026-03-23,-36.78,groceries,card
T011138,C0161,2026-03-23,-74.68,groceries,card
T011240,C0162,2026-03-23,2333.44,salary,inbound_transfer
T011253,C0162,2026-03-23,-354.29,transfer_out,app_transfer
T011962,C0171,2026-03-23,-12.94,dining,card
T012654,C0182,2026-03-23,-19.25,dining,card
T012837,C0185,2026-03-23,-135.9,utilities,direct_debit
T012999,C0187,2026-03-23,3524.23,salary,inbound_transfer
T013008,C0187,2026-03-23,-46.62,dining,card
T013235,C0190,2026-03-23,-16.47,transport,card
T013322,C0191,2026-03-23,-30.69,transport,card
T000100,C0002,2026-03-24,-8.3,transport,card
T000149,C0003,2026-03-24,-109.2,retail,card
T000216,C0004,2026-03-24,3525.97,salary,inbound_transfer
T001078,C0017,2026-03-24,-178.18,utilities,direct_debit
T001153,C0018,2026-03-24,-59.73,cash_withdrawal,atm
T001371,C0021,2026-03-24,-22.2,transport,card
T001380,C0021,2026-03-24,-34.31,retail,card
T001711,C0025,2026-03-24,1246.79,salary,inbound_transfer
T001714,C0025,2026-03-24,-81.88,retail,card
T001721,C0025,2026-03-24,-74.42,transfer_out,app_transfer
T001896,C0028,2026-03-24,-57.94,dining,card
T002089,C0030,2026-03-24,-6.67,transport,card
T002240,C0032,2026-03-24,-119.45,retail,card
T002373,C0034,2026-03-24,-40.32,retail,card
T003866,C0055,2026-03-24,-37.44,retail,card
T004495,C0066,2026-03-24,-73.14,groceries,card
T004575,C0067,2026-03-24,-27.73,groceries,card
T004711,C0069,2026-03-24,-25.44,groceries,card
T004712,C0069,2026-03-24,-62.11,groceries,card
T004716,C0069,2026-03-24,-12.56,subscription,direct_debit
T004769,C0070,2026-03-24,3373.79,salary,inbound_transfer
T005197,C0075,2026-03-24,-25.19,transport,card
T005282,C0076,2026-03-24,-46.96,retail,card
T005383,C0077,2026-03-24,-10.99,subscription,direct_debit
T005459,C0078,2026-03-24,857.82,salary,inbound_transfer
T005462,C0078,2026-03-24,-18.55,transport,card
T005762,C0082,2026-03-24,-53.0,groceries,card
T005817,C0083,2026-03-24,-20.34,dining,card
T005823,C0083,2026-03-24,-38.16,dining,card
T005901,C0085,2026-03-24,3847.34,salary,inbound_transfer
T006128,C0088,2026-03-24,-108.92,transfer_out,app_transfer
T006134,C0088,2026-03-24,-361.52,transfer_out,app_transfer
T006242,C0089,2026-03-24,-64.11,utilities,direct_debit
T006393,C0091,2026-03-24,-100.45,retail,card
T006873,C0097,2026-03-24,-11.86,transport,card
T007173,C0103,2026-03-24,-268.42,transfer_out,app_transfer
T007393,C0107,2026-03-24,-15.04,subscription,direct_debit
T007427,C0108,2026-03-24,-63.86,retail,card
T007488,C0109,2026-03-24,-25.28,dining,card
T008046,C0117,2026-03-24,1028.47,salary,inbound_transfer
T009454,C0136,2026-03-24,-18.73,transport,card
T009910,C0143,2026-03-24,1410.63,salary,inbound_transfer
T009916,C0143,2026-03-24,-21.92,transport,card
T009990,C0145,2026-03-24,-154.72,transfer_out,app_transfer
T010082,C0146,2026-03-24,-57.72,dining,card
T010606,C0153,2026-03-24,-8.84,transport,card
T010746,C0155,2026-03-24,-55.66,groceries,card
T010984,C0158,2026-03-24,3833.9,salary,inbound_transfer
T011134,C0161,2026-03-24,-17.36,subscription,direct_debit
T011137,C0161,2026-03-24,-137.13,transfer_out,app_transfer
T011461,C0165,2026-03-24,-50.25,dining,card
T011527,C0166,2026-03-24,-86.47,utilities,direct_debit
T012064,C0173,2026-03-24,-22.24,transport,card
T012072,C0173,2026-03-24,-52.72,groceries,card
T012208,C0175,2026-03-24,2668.16,salary,inbound_transfer
T012653,C0182,2026-03-24,-110.96,retail,card
T012722,C0183,2026-03-24,3276.14,salary,inbound_transfer
T012846,C0185,2026-03-24,-324.46,transfer_out,app_transfer
T013075,C0188,2026-03-24,-7.91,transport,card
T013168,C0189,2026-03-24,1234.55,salary,inbound_transfer
T013178,C0189,2026-03-24,-80.31,groceries,card
T013323,C0191,2026-03-24,-54.27,dining,card
T013355,C0192,2026-03-24,-22.89,subscription,direct_debit
T013599,C0196,2026-03-24,-18.83,groceries,card
T013691,C0197,2026-03-24,-59.22,dining,card
T013800,C0198,2026-03-24,-101.94,utilities,direct_debit
T000154,C0003,2026-03-25,-37.46,dining,card
T000297,C0005,2026-03-25,-37.33,dining,card
T000305,C0005,2026-03-25,-45.54,utilities,direct_debit
T000661,C0011,2026-03-25,-21.58,groceries,card
T000662,C0011,2026-03-25,-17.38,transport,card
T000809,C0013,2026-03-25,-126.29,transfer_out,app_transfer
T001231,C0019,2026-03-25,-366.17,transfer_out,app_transfer
T001331,C0020,2026-03-25,-64.35,cash_withdrawal,atm
T001370,C0021,2026-03-25,-10.26,transport,card
T001375,C0021,2026-03-25,-32.07,dining,card
T001451,C0022,2026-03-25,-50.06,dining,card
T001993,C0029,2026-03-25,-52.75,cash_withdrawal,atm
T002086,C0030,2026-03-25,-57.41,dining,card
T002315,C0033,2026-03-25,-36.6,groceries,card
T002364,C0034,2026-03-25,-23.9,dining,card
T002671,C0039,2026-03-25,-20.43,cash_withdrawal,atm
T003076,C0045,2026-03-25,-43.04,utilities,direct_debit
T003133,C0046,2026-03-25,-80.49,utilities,direct_debit
T003314,C0049,2026-03-25,-74.62,groceries,card
T003408,C0050,2026-03-25,-36.87,groceries,card
T003700,C0053,2026-03-25,-16.96,dining,card
T004104,C0060,2026-03-25,-68.85,utilities,direct_debit
T004305,C0063,2026-03-25,-114.69,retail,card
T004365,C0064,2026-03-25,-118.03,retail,card
T004430,C0065,2026-03-25,-25.42,transport,card
T004574,C0067,2026-03-25,-85.12,retail,card
T004628,C0068,2026-03-25,-10.05,subscription,direct_debit
T004783,C0070,2026-03-25,-29.24,retail,card
T005761,C0082,2026-03-25,-80.88,retail,card
T005907,C0085,2026-03-25,-41.65,groceries,card
T006130,C0088,2026-03-25,-42.59,dining,card
T006136,C0088,2026-03-25,-17.74,transport,card
T006137,C0088,2026-03-25,-75.74,retail,card
T006394,C0091,2026-03-25,-87.28,groceries,card
T006405,C0091,2026-03-25,-74.25,retail,card
T006545,C0093,2026-03-25,-45.16,dining,card
T006615,C0094,2026-03-25,-214.15,transfer_out,app_transfer
T006616,C0094,2026-03-25,-59.04,groceries,card
T006618,C0094,2026-03-25,-24.83,groceries,card
T007352,C0106,2026-03-25,-88.67,groceries,card
T007355,C0106,2026-03-25,-94.67,utilities,direct_debit
T007356,C0106,2026-03-25,-144.27,transfer_out,app_transfer
T007490,C0109,2026-03-25,-7.93,transport,card
T007862,C0114,2026-03-25,-147.85,transfer_out,app_transfer
T008651,C0126,2026-03-25,-84.02,groceries,card
T008808,C0128,2026-03-25,-19.19,transport,card
T008956,C0130,2026-03-25,-32.57,groceries,card
T009040,C0131,2026-03-25,-131.9,transfer_out,app_transfer
T009301,C0134,2026-03-25,-11.6,transport,card
T009955,C0144,2026-03-25,-46.32,cash_withdrawal,atm
T009988,C0145,2026-03-25,-280.93,transfer_out,app_transfer
T010075,C0146,2026-03-25,-53.57,dining,card
T010076,C0146,2026-03-25,-52.03,groceries,card
T010600,C0153,2026-03-25,-90.57,cash_withdrawal,atm
T010749,C0155,2026-03-25,-45.9,dining,card
T010752,C0155,2026-03-25,-26.87,dining,card
T010753,C0155,2026-03-25,-12.69,transport,card
T010919,C0157,2026-03-25,-131.98,utilities,direct_debit
T011310,C0163,2026-03-25,-337.86,transfer_out,app_transfer
T011465,C0165,2026-03-25,-63.96,groceries,card
T011605,C0167,2026-03-25,-75.18,retail,card
T011707,C0168,2026-03-25,-388.46,transfer_out,app_transfer
T011808,C0169,2026-03-25,-55.62,groceries,card
T012836,C0185,2026-03-25,3636.22,salary,inbound_transfer
T013231,C0190,2026-03-25,-28.81,cash_withdrawal,atm
T013232,C0190,2026-03-25,-7.71,subscription,direct_debit
T013442,C0193,2026-03-25,-16.1,transport,card
T000101,C0002,2026-03-26,-39.95,retail,card
T000152,C0003,2026-03-26,-77.22,cash_withdrawal,atm
T000354,C0006,2026-03-26,-23.48,groceries,card
T000359,C0006,2026-03-26,-59.52,groceries,card
T000664,C0011,2026-03-26,-38.31,utilities,direct_debit
T000887,C0014,2026-03-26,-36.08,groceries,card
T001000,C0016,2026-03-26,-16.13,transport,card
T001154,C0018,2026-03-26,-305.82,transfer_out,app_transfer
T001225,C0019,2026-03-26,1382.36,salary,inbound_transfer
T001526,C0023,2026-03-26,-23.59,subscription,direct_debit
T001612,C0024,2026-03-26,-339.23,transfer_out,app_transfer
T001715,C0025,2026-03-26,-20.15,transport,card
T001764,C0026,2026-03-26,-24.39,dining,card
T002452,C0036,2026-03-26,-5.86,subscription,direct_debit
T002526,C0037,2026-03-26,-367.16,transfer_out,app_transfer
T002794,C0041,2026-03-26,4121.55,salary,inbound_transfer
T003606,C0052,2026-03-26,988.52,salary,inbound_transfer
T003797,C0054,2026-03-26,-29.52,dining,card
T004222,C0062,2026-03-26,-46.43,groceries,card
T004363,C0064,2026-03-26,-86.65,retail,card
T004370,C0064,2026-03-26,-25.43,cash_withdrawal,atm
T004428,C0065,2026-03-26,-313.71,transfer_out,app_transfer
T004434,C0065,2026-03-26,-26.1,groceries,card
T004579,C0067,2026-03-26,-28.66,retail,card
T004772,C0070,2026-03-26,-64.83,retail,card
T004936,C0072,2026-03-26,-11.36,transport,card
T005096,C0074,2026-03-26,-8.02,transport,card
T005514,C0079,2026-03-26,3625.27,salary,inbound_transfer
T005600,C0080,2026-03-26,-13.48,transport,card
T005767,C0082,2026-03-26,-18.36,dining,card
T005826,C0083,2026-03-26,-119.53,transfer_out,app_transfer
T005910,C0085,2026-03-26,-23.22,groceries,card
T005998,C0086,2026-03-26,797.88,salary,inbound_transfer
T006233,C0089,2026-03-26,-53.58,groceries,card
T006395,C0091,2026-03-26,-53.38,groceries,card
T006404,C0091,2026-03-26,-8.31,transport,card
T006784,C0096,2026-03-26,-29.15,groceries,card
T007492,C0109,2026-03-26,-100.57,cash_withdrawal,atm
T007866,C0114,2026-03-26,-50.23,cash_withdrawal,atm
T007992,C0116,2026-03-26,-21.9,groceries,card
T008278,C0120,2026-03-26,2031.58,salary,inbound_transfer
T008729,C0127,2026-03-26,-384.65,transfer_out,app_transfer
T008960,C0130,2026-03-26,-186.21,utilities,direct_debit
T009039,C0131,2026-03-26,-43.96,groceries,card
T009112,C0132,2026-03-26,-52.09,dining,card
T009814,C0142,2026-03-26,-96.07,cash_withdrawal,atm
T009909,C0143,2026-03-26,1365.55,salary,inbound_transfer
T009917,C0143,2026-03-26,-41.03,dining,card
T009918,C0143,2026-03-26,-29.65,dining,card
T010078,C0146,2026-03-26,-26.07,groceries,card
T010527,C0152,2026-03-26,-21.32,subscription,direct_debit
T010751,C0155,2026-03-26,-34.94,dining,card
T010993,C0158,2026-03-26,-31.93,groceries,card
T011043,C0159,2026-03-26,-11.2,transport,card
T011133,C0161,2026-03-26,-54.03,dining,card
T011316,C0163,2026-03-26,-24.89,groceries,card
T011460,C0165,2026-03-26,-177.88,utilities,direct_debit
T011882,C0170,2026-03-26,-53.36,retail,card
T011883,C0170,2026-03-26,-19.44,dining,card
T012031,C0172,2026-03-26,-49.08,dining,card
T012213,C0175,2026-03-26,-44.74,dining,card
T012269,C0176,2026-03-26,-6.73,transport,card
T012473,C0179,2026-03-26,-43.38,groceries,card
T012926,C0186,2026-03-26,-82.84,groceries,card
T012931,C0186,2026-03-26,-108.75,utilities,direct_debit
T013002,C0187,2026-03-26,-11.31,transport,card
T013081,C0188,2026-03-26,-44.64,dining,card
T013230,C0190,2026-03-26,3268.01,salary,inbound_transfer
T013239,C0190,2026-03-26,-55.39,dining,card
T013441,C0193,2026-03-26,-22.71,dining,card
T013548,C0195,2026-03-26,-41.28,groceries,card
T013551,C0195,2026-03-26,-183.49,utilities,direct_debit
T013802,C0198,2026-03-26,-190.62,utilities,direct_debit
T000466,C0008,2026-03-27,-19.81,dining,card
T000753,C0012,2026-03-27,3296.49,salary,inbound_transfer
T001148,C0018,2026-03-27,-13.64,dining,card
T001611,C0024,2026-03-27,-317.39,transfer_out,app_transfer
T001987,C0029,2026-03-27,-88.38,retail,card
T002182,C0031,2026-03-27,-92.85,cash_withdrawal,atm
T002242,C0032,2026-03-27,-193.2,utilities,direct_debit
T002515,C0037,2026-03-27,1327.65,salary,inbound_transfer
T002527,C0037,2026-03-27,-24.4,transport,card
T002760,C0040,2026-03-27,-25.7,transport,card
T004107,C0060,2026-03-27,-12.66,dining,card
T004217,C0062,2026-03-27,-77.06,retail,card
T004424,C0065,2026-03-27,3490.46,salary,inbound_transfer
T004435,C0065,2026-03-27,-92.09,retail,card
T004633,C0068,2026-03-27,-16.18,transport,card
T004778,C0070,2026-03-27,-77.27,groceries,card
T004856,C0071,2026-03-27,-81.59,groceries,card
T005007,C0073,2026-03-27,-20.42,transport,card
T005387,C0077,2026-03-27,-5.43,subscription,direct_debit
T005771,C0082,2026-03-27,-79.47,utilities,direct_debit
T005828,C0083,2026-03-27,-130.19,utilities,direct_debit
T006241,C0089,2026-03-27,-36.13,dining,card
T006546,C0093,2026-03-27,-361.84,transfer_out,app_transfer
T006932,C0098,2026-03-27,-62.35,groceries,card
T007023,C0099,2026-03-27,-82.06,retail,card
T007074,C0100,2026-03-27,-8.96,subscription,direct_debit
T007432,C0108,2026-03-27,-7.68,transport,card
T007749,C0112,2026-03-27,-286.47,transfer_out,app_transfer
T007863,C0114,2026-03-27,-78.26,groceries,card
T008051,C0117,2026-03-27,-64.16,retail,card
T008204,C0119,2026-03-27,-57.79,dining,card
T008377,C0121,2026-03-27,-108.58,cash_withdrawal,atm
T008653,C0126,2026-03-27,-38.82,dining,card
T008893,C0129,2026-03-27,-39.07,dining,card
T008959,C0130,2026-03-27,-40.16,groceries,card
T009036,C0131,2026-03-27,-30.55,cash_withdrawal,atm
T009302,C0134,2026-03-27,-38.08,groceries,card
T009394,C0135,2026-03-27,-19.71,dining,card
T009512,C0137,2026-03-27,-274.91,transfer_out,app_transfer
T009572,C0138,2026-03-27,-67.77,groceries,card
T009730,C0141,2026-03-27,-25.2,dining,card
T009818,C0142,2026-03-27,-128.62,retail,card
T010254,C0149,2026-03-27,-29.11,transport,card
T010256,C0149,2026-03-27,-20.78,dining,card
T010413,C0151,2026-03-27,995.67,salary,inbound_transfer
T010422,C0151,2026-03-27,-107.43,retail,card
T010523,C0152,2026-03-27,-52.55,retail,card
T011046,C0159,2026-03-27,-276.53,transfer_out,app_transfer
T011239,C0162,2026-03-27,1804.51,salary,inbound_transfer
T011599,C0167,2026-03-27,-101.85,utilities,direct_debit
T011602,C0167,2026-03-27,-34.11,dining,card
T011807,C0169,2026-03-27,-59.59,dining,card
T011956,C0171,2026-03-27,879.85,salary,inbound_transfer
T011965,C0171,2026-03-27,-17.16,transport,card
T012735,C0183,2026-03-27,-26.02,subscription,direct_debit
T013172,C0189,2026-03-27,-30.93,cash_withdrawal,atm
T013347,C0192,2026-03-27,-29.44,dining,card
T013352,C0192,2026-03-27,-131.36,retail,card
T013444,C0193,2026-03-27,-64.04,cash_withdrawal,atm
T013690,C0197,2026-03-27,3034.82,salary,inbound_transfer
T013695,C0197,2026-03-27,-15.13,subscription,direct_debit
T013702,C0197,2026-03-27,-172.36,utilities,direct_debit
T013798,C0198,2026-03-27,-29.08,transport,card
T000663,C0011,2026-03-28,-92.11,groceries,card
T000991,C0016,2026-03-28,-38.2,dining,card
T001444,C0022,2026-03-28,1207.45,salary,inbound_transfer
T001763,C0026,2026-03-28,-39.61,retail,card
T002177,C0031,2026-03-28,-340.15,transfer_out,app_transfer
T002451,C0036,2026-03-28,-20.1,transport,card
T002627,C0038,2026-03-28,-20.78,subscription,direct_debit
T002669,C0039,2026-03-28,3169.82,salary,inbound_transfer
T002678,C0039,2026-03-28,-121.27,utilities,direct_debit
T002768,C0040,2026-03-28,-315.41,transfer_out,app_transfer
T002876,C0042,2026-03-28,3328.46,salary,inbound_transfer
T003217,C0047,2026-03-28,-25.07,transport,card
T003396,C0050,2026-03-28,-90.82,groceries,card
T003614,C0052,2026-03-28,-34.7,dining,card
T004622,C0068,2026-03-28,-88.59,retail,card
T004771,C0070,2026-03-28,-13.19,dining,card
T005376,C0077,2026-03-28,-116.18,transfer_out,app_transfer
T005684,C0081,2026-03-28,-44.92,dining,card
T005872,C0084,2026-03-28,-64.68,groceries,card
T006325,C0090,2026-03-28,-8.2,transport,card
T006542,C0093,2026-03-28,1293.48,salary,inbound_transfer
T006625,C0094,2026-03-28,-116.98,retail,card
T006715,C0095,2026-03-28,-98.89,retail,card
T007499,C0109,2026-03-28,-39.27,dining,card
T007817,C0113,2026-03-28,-102.99,cash_withdrawal,atm
T007907,C0115,2026-03-28,-121.08,utilities,direct_debit
T008286,C0120,2026-03-28,-73.85,retail,card
T008373,C0121,2026-03-28,-61.88,groceries,card
T008481,C0124,2026-03-28,-96.69,retail,card
T008558,C0125,2026-03-28,-50.07,dining,card
T008803,C0128,2026-03-28,-59.9,dining,card
T008812,C0128,2026-03-28,-20.1,dining,card
T009030,C0131,2026-03-28,1121.9,salary,inbound_transfer
T009208,C0133,2026-03-28,-5.69,subscription,direct_debit
T009450,C0136,2026-03-28,-79.96,cash_withdrawal,atm
T009511,C0137,2026-03-28,4137.36,salary,inbound_transfer
T009515,C0137,2026-03-28,-10.05,subscription,direct_debit
T009567,C0138,2026-03-28,-106.85,utilities,direct_debit
T009571,C0138,2026-03-28,-14.72,transport,card
T009729,C0141,2026-03-28,-17.44,subscription,direct_debit
T009920,C0143,2026-03-28,-40.0,dining,card
T009954,C0144,2026-03-28,-89.86,retail,card
T010086,C0146,2026-03-28,-24.37,cash_withdrawal,atm
T010165,C0148,2026-03-28,-149.8,utilities,direct_debit
T010672,C0154,2026-03-28,-13.83,transport,card
T010754,C0155,2026-03-28,-85.42,retail,card
T010835,C0156,2026-03-28,-6.34,transport,card
T010912,C0157,2026-03-28,-39.4,groceries,card
T011252,C0162,2026-03-28,-264.04,transfer_out,app_transfer
T011312,C0163,2026-03-28,-184.41,utilities,direct_debit
T011317,C0163,2026-03-28,-19.43,dining,card
T011463,C0165,2026-03-28,-61.32,groceries,card
T011531,C0166,2026-03-28,-62.87,retail,card
T012032,C0172,2026-03-28,-107.66,cash_withdrawal,atm
T012117,C0174,2026-03-28,-18.4,subscription,direct_debit
T012123,C0174,2026-03-28,-35.81,dining,card
T012215,C0175,2026-03-28,-45.1,groceries,card
T012275,C0176,2026-03-28,-26.53,transport,card
T012276,C0176,2026-03-28,-9.02,transport,card
T012581,C0181,2026-03-28,2789.59,salary,inbound_transfer
T012657,C0182,2026-03-28,-17.96,dining,card
T012736,C0183,2026-03-28,-19.35,transport,card
T012737,C0183,2026-03-28,-71.34,retail,card
T012838,C0185,2026-03-28,-63.08,groceries,card
T012925,C0186,2026-03-28,-41.39,retail,card
T013350,C0192,2026-03-28,-109.82,retail,card
T013789,C0198,2026-03-28,828.14,salary,inbound_transfer
T013857,C0199,2026-03-28,-105.77,utilities,direct_debit
T000155,C0003,2026-03-29,-27.45,transport,card
T000298,C0005,2026-03-29,-108.14,retail,card
T000301,C0005,2026-03-29,-95.65,utilities,direct_debit
T000306,C0005,2026-03-29,-17.28,transport,card
T000349,C0006,2026-03-29,-14.03,transport,card
T000542,C0009,2026-03-29,-255.93,transfer_out,app_transfer
T000757,C0012,2026-03-29,-23.11,transport,card
T001522,C0023,2026-03-29,-13.4,transport,card
T001986,C0029,2026-03-29,-98.96,retail,card
T002175,C0031,2026-03-29,-54.01,retail,card
T002366,C0034,2026-03-29,-42.2,retail,card
T002620,C0038,2026-03-29,-126.8,retail,card
T002880,C0042,2026-03-29,-87.82,groceries,card
T002955,C0043,2026-03-29,-58.94,retail,card
T003132,C0046,2026-03-29,-81.1,retail,card
T003315,C0049,2026-03-29,-14.79,transport,card
T003512,C0051,2026-03-29,-107.99,cash_withdrawal,atm
T004302,C0063,2026-03-29,-23.62,transport,card
T004773,C0070,2026-03-29,-48.05,dining,card
T004942,C0072,2026-03-29,-207.47,transfer_out,app_transfer
T005195,C0075,2026-03-29,-71.93,groceries,card
T005685,C0081,2026-03-29,-30.94,dining,card
T005768,C0082,2026-03-29,-81.62,retail,card
T005904,C0085,2026-03-29,-26.55,dining,card
T006006,C0086,2026-03-29,-90.09,transfer_out,app_transfer
T006132,C0088,2026-03-29,-41.52,retail,card
T006448,C0092,2026-03-29,4674.74,salary,inbound_transfer
T006544,C0093,2026-03-29,-66.12,retail,card
T006872,C0097,2026-03-29,-62.37,retail,card
T006880,C0097,2026-03-29,-11.44,subscription,direct_debit
T007109,C0101,2026-03-29,-115.21,transfer_out,app_transfer
T007423,C0108,2026-03-29,2297.48,salary,inbound_transfer
T007745,C0112,2026-03-29,-155.52,utilities,direct_debit
T007864,C0114,2026-03-29,-59.58,dining,card
T008279,C0120,2026-03-29,1998.68,salary,inbound_transfer
T008371,C0121,2026-03-29,-352.37,transfer_out,app_transfer
T008647,C0126,2026-03-29,-19.1,groceries,card
T009035,C0131,2026-03-29,-58.62,groceries,card
T009111,C0132,2026-03-29,-23.04,transport,card
T009395,C0135,2026-03-29,-33.78,cash_withdrawal,atm
T009513,C0137,2026-03-29,-70.92,groceries,card
T009649,C0140,2026-03-29,-42.37,cash_withdrawal,atm
T009650,C0140,2026-03-29,-97.7,retail,card
T009735,C0141,2026-03-29,-144.45,transfer_out,app_transfer
T009804,C0142,2026-03-29,2885.43,salary,inbound_transfer
T009919,C0143,2026-03-29,-141.88,transfer_out,app_transfer
T010318,C0150,2026-03-29,-123.19,retail,card
T011045,C0159,2026-03-29,-49.32,utilities,direct_debit
T011530,C0166,2026-03-29,-111.01,retail,card
T011606,C0167,2026-03-29,-71.09,groceries,card
T011813,C0169,2026-03-29,-9.15,transport,card
T012118,C0174,2026-03-29,-91.33,cash_withdrawal,atm
T012211,C0175,2026-03-29,-19.7,transport,card
T012274,C0176,2026-03-29,-64.23,retail,card
T012467,C0179,2026-03-29,-10.32,transport,card
T012533,C0180,2026-03-29,1021.47,salary,inbound_transfer
T012723,C0183,2026-03-29,-46.78,dining,card
T012805,C0184,2026-03-29,-69.29,groceries,card
T012839,C0185,2026-03-29,-66.77,groceries,card
T013440,C0193,2026-03-29,-20.26,dining,card
T013445,C0193,2026-03-29,-87.15,groceries,card
T013703,C0197,2026-03-29,-37.08,retail,card
T000602,C0010,2026-03-30,-25.95,transport,card
T000665,C0011,2026-03-30,-77.09,groceries,card
T000670,C0011,2026-03-30,-131.54,utilities,direct_debit
T001521,C0023,2026-03-30,-101.32,cash_withdrawal,atm
T001712,C0025,2026-03-30,-74.17,transfer_out,app_transfer
T001713,C0025,2026-03-30,-185.21,transfer_out,app_transfer
T001762,C0026,2026-03-30,-111.98,retail,card
T001985,C0029,2026-03-30,-29.52,retail,card
T002075,C0030,2026-03-30,-69.08,cash_withdrawal,atm
T002174,C0031,2026-03-30,-46.32,retail,card
T002229,C0032,2026-03-30,2904.01,salary,inbound_transfer
T002379,C0034,2026-03-30,-33.4,groceries,card
T002882,C0042,2026-03-30,-187.68,utilities,direct_debit
T002952,C0043,2026-03-30,-72.95,retail,card
T004219,C0062,2026-03-30,-38.55,cash_withdrawal,atm
T004429,C0065,2026-03-30,-112.61,utilities,direct_debit
T004621,C0068,2026-03-30,831.94,salary,inbound_transfer
T004629,C0068,2026-03-30,-7.73,subscription,direct_debit
T005009,C0073,2026-03-30,-18.05,subscription,direct_debit
T005010,C0073,2026-03-30,-34.65,cash_withdrawal,atm
T005101,C0074,2026-03-30,-103.45,utilities,direct_debit
T005374,C0077,2026-03-30,-20.1,subscription,direct_debit
T005691,C0081,2026-03-30,-50.74,groceries,card
T005760,C0082,2026-03-30,2069.3,salary,inbound_transfer
T006001,C0086,2026-03-30,-27.67,dining,card
T006085,C0087,2026-03-30,-67.43,retail,card
T006086,C0087,2026-03-30,-143.26,utilities,direct_debit
T006331,C0090,2026-03-30,-95.42,utilities,direct_debit
T006451,C0092,2026-03-30,-25.54,transport,card
T007176,C0103,2026-03-30,-88.69,groceries,card
T007253,C0104,2026-03-30,-186.87,utilities,direct_debit
T007485,C0109,2026-03-30,1333.82,salary,inbound_transfer
T007597,C0110,2026-03-30,-98.45,utilities,direct_debit
T007904,C0115,2026-03-30,782.44,salary,inbound_transfer
T008131,C0118,2026-03-30,-109.27,retail,card
T008413,C0122,2026-03-30,-77.0,groceries,card
T008554,C0125,2026-03-30,-61.81,utilities,direct_debit
T008654,C0126,2026-03-30,-93.34,retail,card
T008805,C0128,2026-03-30,-27.32,groceries,card
T008811,C0128,2026-03-30,-204.39,utilities,direct_debit
T008961,C0130,2026-03-30,-51.6,groceries,card
T009033,C0131,2026-03-30,-18.45,groceries,card
T009097,C0132,2026-03-30,2000.3,salary,inbound_transfer
T009303,C0134,2026-03-30,-278.14,transfer_out,app_transfer
T009453,C0136,2026-03-30,-56.14,groceries,card
T009736,C0141,2026-03-30,-302.24,transfer_out,app_transfer
T010090,C0146,2026-03-30,-366.9,transfer_out,app_transfer
T010136,C0147,2026-03-30,-20.05,transport,card
T010160,C0148,2026-03-30,1389.08,salary,inbound_transfer
T010248,C0149,2026-03-30,-19.19,subscription,direct_debit
T010832,C0156,2026-03-30,-105.71,cash_withdrawal,atm
T010988,C0158,2026-03-30,-82.4,groceries,card
T011244,C0162,2026-03-30,-387.81,transfer_out,app_transfer
T011314,C0163,2026-03-30,-116.69,transfer_out,app_transfer
T011468,C0165,2026-03-30,-184.18,utilities,direct_debit
T011598,C0167,2026-03-30,3803.16,salary,inbound_transfer
T011698,C0168,2026-03-30,2804.17,salary,inbound_transfer
T011700,C0168,2026-03-30,-58.77,dining,card
T011804,C0169,2026-03-30,1241.62,salary,inbound_transfer
T011815,C0169,2026-03-30,-84.18,groceries,card
T012209,C0175,2026-03-30,-50.57,groceries,card
T012403,C0178,2026-03-30,851.04,salary,inbound_transfer
T012643,C0182,2026-03-30,-186.05,utilities,direct_debit
T012651,C0182,2026-03-30,-10.06,subscription,direct_debit
T012729,C0183,2026-03-30,-67.22,retail,card
T012734,C0183,2026-03-30,-119.22,retail,card
T013171,C0189,2026-03-30,-85.01,groceries,card
T013904,C0200,2026-03-30,-123.47,retail,card
T000148,C0003,2026-03-31,2638.73,salary,inbound_transfer
T000219,C0004,2026-03-31,-79.18,groceries,card
T000754,C0012,2026-03-31,-87.9,retail,card
T000758,C0012,2026-03-31,-18.63,dining,card
T000883,C0014,2026-03-31,-91.32,transfer_out,app_transfer
T001079,C0017,2026-03-31,-37.66,dining,card
T001229,C0019,2026-03-31,-54.13,groceries,card
T001718,C0025,2026-03-31,-11.23,dining,card
T001904,C0028,2026-03-31,-21.81,transport,card
T002076,C0030,2026-03-31,-58.98,retail,card
T002081,C0030,2026-03-31,-16.76,transport,card
T002084,C0030,2026-03-31,-53.39,groceries,card
T002232,C0032,2026-03-31,-58.1,dining,card
T002237,C0032,2026-03-31,-27.03,dining,card
T002374,C0034,2026-03-31,-92.77,cash_withdrawal,atm
T002443,C0036,2026-03-31,-124.12,retail,card
T002623,C0038,2026-03-31,-8.78,transport,card
T002800,C0041,2026-03-31,-111.08,retail,card
T002877,C0042,2026-03-31,-346.68,transfer_out,app_transfer
T002949,C0043,2026-03-31,3406.07,salary,inbound_transfer
T003042,C0044,2026-03-31,-20.24,transport,card
T003214,C0047,2026-03-31,-29.45,dining,card
T003398,C0050,2026-03-31,-58.14,dining,card
T003409,C0050,2026-03-31,-41.3,retail,card
T003509,C0051,2026-03-31,-34.76,dining,card
T003856,C0055,2026-03-31,-28.17,groceries,card
T004214,C0062,2026-03-31,-125.37,retail,card
T004304,C0063,2026-03-31,-48.76,cash_withdrawal,atm
T004770,C0070,2026-03-31,-107.45,utilities,direct_debit
T004857,C0071,2026-03-31,-24.33,groceries,card
T005011,C0073,2026-03-31,-13.18,transport,card
T005378,C0077,2026-03-31,-337.77,transfer_out,app_transfer
T005469,C0078,2026-03-31,-64.42,retail,card
T005471,C0078,2026-03-31,-30.96,groceries,card
T005763,C0082,2026-03-31,-102.7,utilities,direct_debit
T005764,C0082,2026-03-31,-70.91,retail,card
T005811,C0083,2026-03-31,1359.01,salary,inbound_transfer
T005870,C0084,2026-03-31,3188.86,salary,inbound_transfer
T006012,C0086,2026-03-31,-25.36,groceries,card
T006139,C0088,2026-03-31,-33.23,groceries,card
T006396,C0091,2026-03-31,-40.29,utilities,direct_debit
T006454,C0092,2026-03-31,-18.03,groceries,card
T006459,C0092,2026-03-31,-6.1,subscription,direct_debit
T006722,C0095,2026-03-31,-327.8,transfer_out,app_transfer
T006797,C0096,2026-03-31,-83.25,retail,card
T007075,C0100,2026-03-31,-80.17,groceries,card
T007246,C0104,2026-03-31,4069.28,salary,inbound_transfer
T007746,C0112,2026-03-31,-73.22,retail,card
T008798,C0128,2026-03-31,1278.27,salary,inbound_transfer
T008895,C0129,2026-03-31,-55.75,dining,card
T008955,C0130,2026-03-31,-122.13,retail,card
T009458,C0136,2026-03-31,-23.91,subscription,direct_debit
T009728,C0141,2026-03-31,-21.48,transport,card
T010088,C0146,2026-03-31,-117.76,retail,card
T010418,C0151,2026-03-31,-338.32,transfer_out,app_transfer
T010598,C0153,2026-03-31,-47.04,utilities,direct_debit
T010603,C0153,2026-03-31,-145.96,utilities,direct_debit
T011132,C0161,2026-03-31,-13.59,transport,card
T011136,C0161,2026-03-31,-76.59,groceries,card
T011241,C0162,2026-03-31,-17.31,groceries,card
T011315,C0163,2026-03-31,-20.73,subscription,direct_debit
T011802,C0169,2026-03-31,1228.27,salary,inbound_transfer
T011809,C0169,2026-03-31,-375.04,transfer_out,app_transfer
T012033,C0172,2026-03-31,-32.59,groceries,card
T012066,C0173,2026-03-31,-87.6,transfer_out,app_transfer
T012119,C0174,2026-03-31,-47.27,groceries,card
T012214,C0175,2026-03-31,-88.71,retail,card
T012271,C0176,2026-03-31,-22.02,cash_withdrawal,atm
T012534,C0180,2026-03-31,-19.43,groceries,card
T012923,C0186,2026-03-31,4283.9,salary,inbound_transfer
T012929,C0186,2026-03-31,-89.67,groceries,card
T013083,C0188,2026-03-31,-82.21,retail,card
T013175,C0189,2026-03-31,-22.34,transport,card
T013241,C0190,2026-03-31,-23.31,transport,card
T013853,C0199,2026-03-31,-85.68,groceries,card
T013897,C0200,2026-03-31,794.25,salary,inbound_transfer
T013909,C0200,2026-03-31,-318.75,transfer_out,app_transfer
T000162,C0003,2026-04-01,-31.94,groceries,card
T000475,C0008,2026-04-01,-106.48,cash_withdrawal,atm
T000551,C0009,2026-04-01,-45.47,retail,card
T000606,C0010,2026-04-01,3130.87,salary,inbound_transfer
T000673,C0011,2026-04-01,-50.99,utilities,direct_debit
T000820,C0013,2026-04-01,-85.2,groceries,card
T001457,C0022,2026-04-01,-92.6,retail,card
T001463,C0022,2026-04-01,-83.06,retail,card
T001621,C0024,2026-04-01,-162.99,transfer_out,app_transfer
T001626,C0024,2026-04-01,-25.15,subscription,direct_debit
T001723,C0025,2026-04-01,-69.7,groceries,card
T001770,C0026,2026-04-01,-95.25,cash_withdrawal,atm
T001777,C0026,2026-04-01,-32.34,retail,card
T002690,C0039,2026-04-01,-7.2,subscription,direct_debit
T002694,C0039,2026-04-01,-111.8,retail,card
T002895,C0042,2026-04-01,-36.77,dining,card
T003047,C0044,2026-04-01,-7.7,transport,card
T003802,C0054,2026-04-01,-36.73,cash_withdrawal,atm
T003808,C0054,2026-04-01,-7.72,transport,card
T003964,C0056,2026-04-01,-296.47,transfer_out,app_transfer
T004057,C0059,2026-04-01,-7.08,subscription,direct_debit
T004115,C0060,2026-04-01,-56.55,groceries,card
T004312,C0063,2026-04-01,-90.07,groceries,card
T004445,C0065,2026-04-01,-8.93,subscription,direct_debit
T004516,C0066,2026-04-01,-8.42,transport,card
T004644,C0068,2026-04-01,-28.58,groceries,card
T004870,C0071,2026-04-01,-57.42,groceries,card
T005200,C0075,2026-04-01,-74.53,retail,card
T005202,C0075,2026-04-01,-41.44,dining,card
T005483,C0078,2026-04-01,-201.03,utilities,direct_debit
T006017,C0086,2026-04-01,-26.03,subscription,direct_debit
T006343,C0090,2026-04-01,-38.11,groceries,card
T006347,C0090,2026-04-01,-21.75,dining,card
T006629,C0094,2026-04-01,2975.33,salary,inbound_transfer
T006631,C0094,2026-04-01,-20.4,dining,card
T006635,C0094,2026-04-01,-46.77,groceries,card
T006729,C0095,2026-04-01,-19.26,subscription,direct_debit
T006806,C0096,2026-04-01,-158.88,utilities,direct_debit
T006937,C0098,2026-04-01,1374.59,salary,inbound_transfer
T006940,C0098,2026-04-01,-19.8,groceries,card
T006948,C0098,2026-04-01,-35.55,groceries,card
T007029,C0099,2026-04-01,-13.91,transport,card
T007082,C0100,2026-04-01,-152.26,utilities,direct_debit
T007657,C0111,2026-04-01,-18.29,subscription,direct_debit
T007870,C0114,2026-04-01,-55.7,groceries,card
T008064,C0117,2026-04-01,-21.58,transport,card
T008301,C0120,2026-04-01,-92.39,groceries,card
T008304,C0120,2026-04-01,-284.09,transfer_out,app_transfer
T008482,C0124,2026-04-01,3384.84,salary,inbound_transfer
T008567,C0125,2026-04-01,3367.55,salary,inbound_transfer
T008568,C0125,2026-04-01,-58.44,groceries,card
T008573,C0125,2026-04-01,-37.42,retail,card
T008971,C0130,2026-04-01,-52.65,groceries,card
T009044,C0131,2026-04-01,-14.7,transport,card
T009825,C0142,2026-04-01,-45.27,groceries,card
T010267,C0149,2026-04-01,-83.18,transfer_out,app_transfer
T010324,C0150,2026-04-01,2276.63,salary,inbound_transfer
T010431,C0151,2026-04-01,-58.03,utilities,direct_debit
T010438,C0151,2026-04-01,-51.65,retail,card
T010534,C0152,2026-04-01,-26.22,transport,card
T010995,C0158,2026-04-01,-22.14,transport,card
T011004,C0158,2026-04-01,-10.06,subscription,direct_debit
T011146,C0161,2026-04-01,-55.89,groceries,card
T011264,C0162,2026-04-01,-356.22,transfer_out,app_transfer
T011397,C0164,2026-04-01,-65.41,groceries,card
T012044,C0172,2026-04-01,-5.62,transport,card
T012415,C0178,2026-04-01,-7.06,subscription,direct_debit
T012659,C0182,2026-04-01,1259.4,salary,inbound_transfer
T012749,C0183,2026-04-01,-29.33,dining,card
T012856,C0185,2026-04-01,-28.24,retail,card
T012859,C0185,2026-04-01,-108.67,retail,card
T013010,C0187,2026-04-01,2645.21,salary,inbound_transfer
T013013,C0187,2026-04-01,-127.91,retail,card
T013086,C0188,2026-04-01,-191.95,utilities,direct_debit
T013615,C0196,2026-04-01,-29.03,transport,card
T013716,C0197,2026-04-01,-6.96,subscription,direct_debit
T013807,C0198,2026-04-01,-50.0,dining,card
T000043,C0001,2026-04-02,-76.4,utilities,direct_debit
T000365,C0006,2026-04-02,-114.16,utilities,direct_debit
T000371,C0006,2026-04-02,-39.67,groceries,card
T000558,C0009,2026-04-02,-20.62,transport,card
T000824,C0013,2026-04-02,-30.33,dining,card
T002002,C0029,2026-04-02,-20.72,transport,card
T002188,C0031,2026-04-02,-99.45,utilities,direct_debit
T002532,C0037,2026-04-02,4554.33,salary,inbound_transfer
T002891,C0042,2026-04-02,-13.15,transport,card
T002962,C0043,2026-04-02,4061.54,salary,inbound_transfer
T003223,C0047,2026-04-02,-47.91,retail,card
T003708,C0053,2026-04-02,2054.88,salary,inbound_transfer
T004111,C0060,2026-04-02,-13.04,transport,card
T004308,C0063,2026-04-02,-99.76,utilities,direct_debit
T004380,C0064,2026-04-02,-36.95,retail,card
T004383,C0064,2026-04-02,-21.94,groceries,card
T004509,C0066,2026-04-02,-30.21,transport,card
T004591,C0067,2026-04-02,-66.96,groceries,card
T005015,C0073,2026-04-02,-20.71,transport,card
T005110,C0074,2026-04-02,-23.13,transport,card
T005119,C0074,2026-04-02,-100.57,cash_withdrawal,atm
T005292,C0076,2026-04-02,-49.83,retail,card
T005533,C0079,2026-04-02,-29.68,groceries,card
T006146,C0088,2026-04-02,-31.38,dining,card
T006414,C0091,2026-04-02,-17.75,dining,card
T006461,C0092,2026-04-02,1591.25,salary,inbound_transfer
T006942,C0098,2026-04-02,-85.64,retail,card
T007258,C0104,2026-04-02,-54.73,groceries,card
T007505,C0109,2026-04-02,-141.68,transfer_out,app_transfer
T007918,C0115,2026-04-02,-157.54,utilities,direct_debit
T007919,C0115,2026-04-02,-51.38,retail,card
T008296,C0120,2026-04-02,-5.79,subscription,direct_debit
T008577,C0125,2026-04-02,-29.1,transport,card
T009956,C0144,2026-04-02,-10.24,transport,card
T010265,C0149,2026-04-02,-93.03,utilities,direct_debit
T010271,C0149,2026-04-02,-46.45,groceries,card
T010442,C0151,2026-04-02,-157.0,transfer_out,app_transfer
T010756,C0155,2026-04-02,-170.19,transfer_out,app_transfer
T010853,C0156,2026-04-02,-46.09,groceries,card
T010926,C0157,2026-04-02,-39.5,groceries,card
T011059,C0159,2026-04-02,-6.02,transport,card
T011148,C0161,2026-04-02,-36.19,groceries,card
T011258,C0162,2026-04-02,1326.62,salary,inbound_transfer
T011819,C0169,2026-04-02,-69.52,retail,card
T012484,C0179,2026-04-02,-80.86,groceries,card
T012658,C0182,2026-04-02,1324.88,salary,inbound_transfer
T012743,C0183,2026-04-02,-22.38,groceries,card
T012746,C0183,2026-04-02,-93.92,retail,card
T012748,C0183,2026-04-02,-7.71,subscription,direct_debit
T012854,C0185,2026-04-02,-201.36,transfer_out,app_transfer
T013094,C0188,2026-04-02,-41.73,groceries,card
T013357,C0192,2026-04-02,1003.31,salary,inbound_transfer
T013862,C0199,2026-04-02,1357.41,salary,inbound_transfer
T001462,C0022,2026-04-03,-25.88,dining,card
T001528,C0023,2026-04-03,-23.44,dining,card
T001624,C0024,2026-04-03,-41.72,dining,card
T001629,C0024,2026-04-03,-27.84,dining,card
T001726,C0025,2026-04-03,-58.0,dining,card
T001845,C0027,2026-04-03,-27.53,retail,card
T001922,C0028,2026-04-03,-28.61,transport,card
T002091,C0030,2026-04-03,1470.68,salary,inbound_transfer
T002106,C0030,2026-04-03,-28.38,retail,card
T002185,C0031,2026-04-03,787.37,salary,inbound_transfer
T002254,C0032,2026-04-03,-52.46,cash_withdrawal,atm
T002459,C0036,2026-04-03,-44.53,retail,card
T002537,C0037,2026-04-03,-21.43,groceries,card
T002893,C0042,2026-04-03,-14.8,transport,card
T003224,C0047,2026-04-03,-285.58,transfer_out,app_transfer
T003416,C0050,2026-04-03,-37.95,retail,card
T003535,C0051,2026-04-03,-37.72,groceries,card
T003804,C0054,2026-04-03,-57.99,dining,card
T004382,C0064,2026-04-03,-63.02,retail,card
T004502,C0066,2026-04-03,-13.37,transport,card
T004867,C0071,2026-04-03,-13.52,subscription,direct_debit
T004869,C0071,2026-04-03,-91.83,cash_withdrawal,atm
T005117,C0074,2026-04-03,-9.95,transport,card
T005394,C0077,2026-04-03,-40.77,cash_withdrawal,atm
T005395,C0077,2026-04-03,-47.99,groceries,card
T005927,C0085,2026-04-03,-68.69,cash_withdrawal,atm
T006140,C0088,2026-04-03,3133.78,salary,inbound_transfer
T006150,C0088,2026-04-03,-17.13,groceries,card
T006798,C0096,2026-04-03,3530.01,salary,inbound_transfer
T006803,C0096,2026-04-03,-60.85,groceries,card
T007084,C0100,2026-04-03,-291.54,transfer_out,app_transfer
T007182,C0103,2026-04-03,-39.54,dining,card
T007301,C0105,2026-04-03,-71.47,retail,card
T007662,C0111,2026-04-03,-211.73,transfer_out,app_transfer
T007756,C0112,2026-04-03,-31.55,dining,card
T008213,C0119,2026-04-03,-90.1,groceries,card
T008735,C0127,2026-04-03,4066.25,salary,inbound_transfer
T008822,C0128,2026-04-03,-93.46,transfer_out,app_transfer
T008898,C0129,2026-04-03,2765.57,salary,inbound_transfer
T008903,C0129,2026-04-03,-29.07,transport,card
T008904,C0129,2026-04-03,-12.97,subscription,direct_debit
T009049,C0131,2026-04-03,-366.42,transfer_out,app_transfer
T009120,C0132,2026-04-03,-171.9,utilities,direct_debit
T009470,C0136,2026-04-03,-38.56,cash_withdrawal,atm
T009477,C0136,2026-04-03,-53.23,groceries,card
T009663,C0140,2026-04-03,-49.56,groceries,card
T009819,C0142,2026-04-03,2952.38,salary,inbound_transfer
T010001,C0145,2026-04-03,-50.82,dining,card
T010100,C0146,2026-04-03,-14.58,dining,card
T010331,C0150,2026-04-03,-15.25,transport,card
T010333,C0150,2026-04-03,-18.2,subscription,direct_debit
T010677,C0154,2026-04-03,1415.5,salary,inbound_transfer
T010844,C0156,2026-04-03,-30.03,transport,card
T010998,C0158,2026-04-03,-335.75,transfer_out,app_transfer
T011274,C0162,2026-04-03,-20.33,transport,card
T011321,C0163,2026-04-03,-30.28,groceries,card
T011398,C0164,2026-04-03,-76.31,utilities,direct_debit
T011400,C0164,2026-04-03,-44.81,cash_withdrawal,atm
T011611,C0167,2026-04-03,3239.49,salary,inbound_transfer
T011627,C0167,2026-04-03,-24.92,transport,card
T011719,C0168,2026-04-03,-57.98,utilities,direct_debit
T011896,C0170,2026-04-03,-26.75,groceries,card
T012137,C0174,2026-04-03,-35.72,dining,card
T012590,C0181,2026-04-03,-8.74,subscription,direct_debit
T012744,C0183,2026-04-03,-30.25,transport,card
T012855,C0185,2026-04-03,-37.44,groceries,card
T012937,C0186,2026-04-03,-24.28,dining,card
T000039,C0001,2026-04-04,-215.14,transfer_out,app_transfer
T000366,C0006,2026-04-04,-124.67,retail,card
T000556,C0009,2026-04-04,-23.5,transport,card
T000682,C0011,2026-04-04,-30.73,cash_withdrawal,atm
T001161,C0018,2026-04-04,-9.33,subscription,direct_debit
T001164,C0018,2026-04-04,-28.42,transport,card
T001382,C0021,2026-04-04,-5.88,subscription,direct_debit
T001384,C0021,2026-04-04,-62.29,groceries,card
T001461,C0022,2026-04-04,-141.85,transfer_out,app_transfer
T001536,C0023,2026-04-04,-306.33,transfer_out,app_transfer
T001618,C0024,2026-04-04,3458.27,salary,inbound_transfer
T001918,C0028,2026-04-04,-23.72,transport,card
T002003,C0029,2026-04-04,-7.76,subscription,direct_debit
T002186,C0031,2026-04-04,928.28,salary,inbound_transfer
T003046,C0044,2026-04-04,-57.79,groceries,card
T003149,C0046,2026-04-04,-12.39,transport,card
T003417,C0050,2026-04-04,-16.06,subscription,direct_debit
T003536,C0051,2026-04-04,-50.62,dining,card
T003717,C0053,2026-04-04,-28.91,dining,card
T004116,C0060,2026-04-04,-25.15,dining,card
T004124,C0060,2026-04-04,-130.41,retail,card
T004225,C0062,2026-04-04,-372.67,transfer_out,app_transfer
T004954,C0072,2026-04-04,-9.97,subscription,direct_debit
T005297,C0076,2026-04-04,-11.5,transport,card
T005534,C0079,2026-04-04,-20.03,groceries,card
T005834,C0083,2026-04-04,-89.43,cash_withdrawal,atm
T006148,C0088,2026-04-04,-33.58,dining,card
T006247,C0089,2026-04-04,-98.04,retail,card
T006255,C0089,2026-04-04,-50.02,groceries,card
T006340,C0090,2026-04-04,-62.83,groceries,card
T006411,C0091,2026-04-04,-36.57,groceries,card
T006460,C0092,2026-04-04,1604.51,salary,inbound_transfer
T006639,C0094,2026-04-04,-66.52,retail,card
T006740,C0095,2026-04-04,-26.11,groceries,card
T006882,C0097,2026-04-04,768.77,salary,inbound_transfer
T006884,C0097,2026-04-04,-54.02,dining,card
T007112,C0101,2026-04-04,-110.11,retail,card
T007260,C0104,2026-04-04,-67.88,groceries,card
T007869,C0114,2026-04-04,-14.8,transport,card
T008059,C0117,2026-04-04,-87.29,cash_withdrawal,atm
T008150,C0118,2026-04-04,-29.13,dining,card
T008151,C0118,2026-04-04,-23.75,subscription,direct_debit
T008491,C0124,2026-04-04,-12.03,subscription,direct_debit
T008819,C0128,2026-04-04,-50.09,retail,card
T008905,C0129,2026-04-04,-118.18,retail,card
T008965,C0130,2026-04-04,-81.63,retail,card
T009114,C0132,2026-04-04,1898.16,salary,inbound_transfer
T009115,C0132,2026-04-04,2300.06,salary,inbound_transfer
T009666,C0140,2026-04-04,-42.07,cash_withdrawal,atm
T009829,C0142,2026-04-04,-15.06,dining,card
T009957,C0144,2026-04-04,-13.92,transport,card
T010261,C0149,2026-04-04,1236.71,salary,inbound_transfer
T010327,C0150,2026-04-04,-49.79,utilities,direct_debit
T010535,C0152,2026-04-04,-25.21,transport,card
T010681,C0154,2026-04-04,-48.47,cash_withdrawal,atm
T010758,C0155,2026-04-04,-156.51,utilities,direct_debit
T010997,C0158,2026-04-04,-54.17,dining,card
T011261,C0162,2026-04-04,-120.63,utilities,direct_debit
T011324,C0163,2026-04-04,-113.51,transfer_out,app_transfer
T011328,C0163,2026-04-04,-155.52,utilities,direct_debit
T011897,C0170,2026-04-04,-60.22,dining,card
T011899,C0170,2026-04-04,-188.86,utilities,direct_debit
T012414,C0178,2026-04-04,-19.54,subscription,direct_debit
T012417,C0178,2026-04-04,-36.42,dining,card
T012939,C0186,2026-04-04,-24.78,transport,card
T012942,C0186,2026-04-04,-121.56,utilities,direct_debit
T013179,C0189,2026-04-04,-15.58,dining,card
T013707,C0197,2026-04-04,-37.47,retail,card
T013710,C0197,2026-04-04,-25.56,groceries,card
T013711,C0197,2026-04-04,-24.7,retail,card
T013803,C0198,2026-04-04,2858.32,salary,inbound_transfer
T013816,C0198,2026-04-04,-23.12,dining,card
T000158,C0003,2026-04-05,-120.64,retail,card
T000160,C0003,2026-04-05,-11.94,transport,card
T000226,C0004,2026-04-05,-22.77,transport,card
T000376,C0006,2026-04-05,-7.61,subscription,direct_debit
T000765,C0012,2026-04-05,-42.84,dining,card
T000817,C0013,2026-04-05,-20.71,groceries,card
T000825,C0013,2026-04-05,-34.74,retail,card
T000891,C0014,2026-04-05,-131.25,retail,card
T000934,C0015,2026-04-05,972.37,salary,inbound_transfer
T001243,C0019,2026-04-05,-44.62,groceries,card
T001530,C0023,2026-04-05,-53.27,dining,card
T001920,C0028,2026-04-05,-105.58,utilities,direct_debit
T002098,C0030,2026-04-05,-84.89,groceries,card
T002189,C0031,2026-04-05,-51.23,dining,card
T002386,C0034,2026-04-05,-97.89,cash_withdrawal,atm
T002693,C0039,2026-04-05,-23.98,dining,card
T002969,C0043,2026-04-05,-54.93,dining,card
T003624,C0052,2026-04-05,-39.72,dining,card
T003714,C0053,2026-04-05,-206.21,utilities,direct_debit
T003874,C0055,2026-04-05,-262.8,transfer_out,app_transfer
T004118,C0060,2026-04-05,-51.46,dining,card
T004226,C0062,2026-04-05,-34.35,retail,card
T004443,C0065,2026-04-05,-48.86,groceries,card
T004507,C0066,2026-04-05,-101.01,utilities,direct_debit
T004514,C0066,2026-04-05,-11.21,dining,card
T004583,C0067,2026-04-05,-52.83,utilities,direct_debit
T004786,C0070,2026-04-05,-22.64,dining,card
T004795,C0070,2026-04-05,-55.03,groceries,card
T005014,C0073,2026-04-05,4241.99,salary,inbound_transfer
T005016,C0073,2026-04-05,-362.79,transfer_out,app_transfer
T005019,C0073,2026-04-05,-6.42,subscription,direct_debit
T005206,C0075,2026-04-05,-28.6,groceries,card
T005212,C0075,2026-04-05,-135.12,utilities,direct_debit
T005398,C0077,2026-04-05,-12.64,transport,card
T006153,C0088,2026-04-05,-22.65,dining,card
T006552,C0093,2026-04-05,-48.22,dining,card
T006555,C0093,2026-04-05,-51.42,cash_withdrawal,atm
T007028,C0099,2026-04-05,-204.61,utilities,direct_debit
T007921,C0115,2026-04-05,-20.21,dining,card
T008063,C0117,2026-04-05,-25.81,dining,card
T008068,C0117,2026-04-05,-82.78,retail,card
T008143,C0118,2026-04-05,-156.46,utilities,direct_debit
T008738,C0127,2026-04-05,-60.15,retail,card
T008823,C0128,2026-04-05,-127.26,utilities,direct_debit
T009128,C0132,2026-04-05,-11.94,transport,card
T009222,C0133,2026-04-05,-27.14,transport,card
T009321,C0134,2026-04-05,-8.92,transport,card
T009661,C0140,2026-04-05,-285.12,transfer_out,app_transfer
T010004,C0145,2026-04-05,-40.55,groceries,card
T010176,C0148,2026-04-05,-29.12,retail,card
T010334,C0150,2026-04-05,-96.39,cash_withdrawal,atm
T010430,C0151,2026-04-05,-50.22,groceries,card
T010439,C0151,2026-04-05,-81.67,groceries,card
T010532,C0152,2026-04-05,-50.98,utilities,direct_debit
T010680,C0154,2026-04-05,-119.63,utilities,direct_debit
T011053,C0159,2026-04-05,-64.01,groceries,card
T011269,C0162,2026-04-05,-19.71,dining,card
T011276,C0162,2026-04-05,-80.22,cash_withdrawal,atm
T011326,C0163,2026-04-05,-58.71,groceries,card
T011401,C0164,2026-04-05,-69.04,groceries,card
T011973,C0171,2026-04-05,-41.33,groceries,card
T012076,C0173,2026-04-05,-33.78,dining,card
T012082,C0173,2026-04-05,-19.15,transport,card
T012140,C0174,2026-04-05,-53.72,dining,card
T012221,C0175,2026-04-05,-226.42,transfer_out,app_transfer
T012286,C0176,2026-04-05,-58.12,dining,card
T012370,C0177,2026-04-05,-24.66,subscription,direct_debit
T012934,C0186,2026-04-05,4148.52,salary,inbound_transfer
T013805,C0198,2026-04-05,-75.27,utilities,direct_debit
T013863,C0199,2026-04-05,-67.5,retail,card
T000164,C0003,2026-04-06,-192.81,transfer_out,app_transfer
T000308,C0005,2026-04-06,-261.54,transfer_out,app_transfer
T000374,C0006,2026-04-06,-43.96,groceries,card
T000554,C0009,2026-04-06,-55.41,groceries,card
T001386,C0021,2026-04-06,-81.23,groceries,card
T001388,C0021,2026-04-06,-27.21,transport,card
T001455,C0022,2026-04-06,1533.14,salary,inbound_transfer
T001848,C0027,2026-04-06,-8.93,transport,card
T002095,C0030,2026-04-06,-27.5,groceries,card
T002244,C0032,2026-04-06,3269.13,salary,inbound_transfer
T002813,C0041,2026-04-06,-83.86,groceries,card
T003085,C0045,2026-04-06,-302.94,transfer_out,app_transfer
T003144,C0046,2026-04-06,-71.21,utilities,direct_debit
T003323,C0049,2026-04-06,-12.7,dining,card
T003803,C0054,2026-04-06,-6.74,transport,card
T004117,C0060,2026-04-06,-91.41,groceries,card
T004123,C0060,2026-04-06,-60.06,retail,card
T004237,C0062,2026-04-06,-295.83,transfer_out,app_transfer
T004241,C0062,2026-04-06,-73.92,retail,card
T004372,C0064,2026-04-06,2774.51,salary,inbound_transfer
T004512,C0066,2026-04-06,-23.39,transport,card
T004641,C0068,2026-04-06,-20.1,subscription,direct_debit
T004803,C0070,2026-04-06,-18.46,dining,card
T005025,C0073,2026-04-06,-123.07,retail,card
T005476,C0078,2026-04-06,-39.09,groceries,card
T005536,C0079,2026-04-06,-16.72,transport,card
T005610,C0080,2026-04-06,-27.91,transport,card
T005918,C0085,2026-04-06,-130.29,utilities,direct_debit
T006345,C0090,2026-04-06,-16.15,transport,card
T006467,C0092,2026-04-06,-30.29,transport,card
T006554,C0093,2026-04-06,-6.24,subscription,direct_debit
T006630,C0094,2026-04-06,-52.6,dining,card
T006736,C0095,2026-04-06,-78.94,groceries,card
T006883,C0097,2026-04-06,-59.38,retail,card
T006950,C0098,2026-04-06,-77.36,groceries,card
T007610,C0110,2026-04-06,-17.69,subscription,direct_debit
T008295,C0120,2026-04-06,4665.43,salary,inbound_transfer
T008657,C0126,2026-04-06,1273.38,salary,inbound_transfer
T008667,C0126,2026-04-06,-52.14,groceries,card
T008739,C0127,2026-04-06,-55.59,dining,card
T008748,C0127,2026-04-06,-12.24,dining,card
T008977,C0130,2026-04-06,-75.79,retail,card
T009123,C0132,2026-04-06,-176.6,transfer_out,app_transfer
T009218,C0133,2026-04-06,3549.42,salary,inbound_transfer
T009228,C0133,2026-04-06,-140.9,transfer_out,app_transfer
T011396,C0164,2026-04-06,-53.48,groceries,card
T011474,C0165,2026-04-06,-83.36,groceries,card
T011479,C0165,2026-04-06,-114.95,retail,card
T011626,C0167,2026-04-06,-50.74,dining,card
T011818,C0169,2026-04-06,-26.39,subscription,direct_debit
T011971,C0171,2026-04-06,-43.56,dining,card
T012080,C0173,2026-04-06,-103.27,transfer_out,app_transfer
T012081,C0173,2026-04-06,-105.56,retail,card
T012372,C0177,2026-04-06,-37.95,groceries,card
T013180,C0189,2026-04-06,-22.97,subscription,direct_debit
T013811,C0198,2026-04-06,-179.7,utilities,direct_debit
T013813,C0198,2026-04-06,-13.55,transport,card
T000032,C0001,2026-04-07,862.37,salary,inbound_transfer
T000109,C0002,2026-04-07,-29.96,dining,card
T000159,C0003,2026-04-07,-72.0,groceries,card
T000362,C0006,2026-04-07,4159.28,salary,inbound_transfer
T000476,C0008,2026-04-07,-110.42,retail,card
T000685,C0011,2026-04-07,-35.5,groceries,card
T001089,C0017,2026-04-07,-13.79,subscription,direct_debit
T001244,C0019,2026-04-07,-60.05,groceries,card
T002092,C0030,2026-04-07,1571.0,salary,inbound_transfer
T002257,C0032,2026-04-07,-42.44,groceries,card
T002805,C0041,2026-04-07,-127.07,retail,card
T002806,C0041,2026-04-07,-5.98,subscription,direct_debit
T003084,C0045,2026-04-07,-51.76,dining,card
T003420,C0050,2026-04-07,-123.91,retail,card
T003801,C0054,2026-04-07,3852.54,salary,inbound_transfer
T003958,C0056,2026-04-07,4194.86,salary,inbound_transfer
T004503,C0066,2026-04-07,-102.95,cash_withdrawal,atm
T004721,C0069,2026-04-07,-30.44,transport,card
T005210,C0075,2026-04-07,-26.3,dining,card
T005291,C0076,2026-04-07,-118.72,transfer_out,app_transfer
T005532,C0079,2026-04-07,-253.1,transfer_out,app_transfer
T005608,C0080,2026-04-07,-85.38,groceries,card
T005612,C0080,2026-04-07,-79.66,groceries,card
T005774,C0082,2026-04-07,1243.23,salary,inbound_transfer
T005924,C0085,2026-04-07,-28.77,transport,card
T006014,C0086,2026-04-07,-25.27,subscription,direct_debit
T006472,C0092,2026-04-07,-72.39,retail,card
T006553,C0093,2026-04-07,-21.86,subscription,direct_debit
T006801,C0096,2026-04-07,-31.89,dining,card
T007358,C0106,2026-04-07,-23.84,transport,card
T007437,C0108,2026-04-07,-389.52,transfer_out,app_transfer
T007438,C0108,2026-04-07,-84.37,groceries,card
T008214,C0119,2026-04-07,-39.58,utilities,direct_debit
T008486,C0124,2026-04-07,-10.65,transport,card
T008736,C0127,2026-04-07,-23.27,subscription,direct_debit
T008901,C0129,2026-04-07,-28.16,transport,card
T009116,C0132,2026-04-07,-11.71,transport,card
T009582,C0138,2026-04-07,-43.95,retail,card
T009668,C0140,2026-04-07,-267.77,transfer_out,app_transfer
T009828,C0142,2026-04-07,-86.72,cash_withdrawal,atm
T009921,C0143,2026-04-07,-53.83,groceries,card
T010173,C0148,2026-04-07,936.42,salary,inbound_transfer
T010332,C0150,2026-04-07,-15.56,transport,card
T010440,C0151,2026-04-07,-26.88,retail,card
T010763,C0155,2026-04-07,-65.49,retail,card
T011156,C0161,2026-04-07,-17.32,groceries,card
T011265,C0162,2026-04-07,-240.72,transfer_out,app_transfer
T011275,C0162,2026-04-07,-286.44,transfer_out,app_transfer
T011616,C0167,2026-04-07,-40.54,groceries,card
T011711,C0168,2026-04-07,-85.9,retail,card
T011888,C0170,2026-04-07,2914.82,salary,inbound_transfer
T012226,C0175,2026-04-07,-156.9,transfer_out,app_transfer
T012284,C0176,2026-04-07,-15.67,dining,card
T012288,C0176,2026-04-07,-231.64,transfer_out,app_transfer
T012481,C0179,2026-04-07,-68.39,groceries,card
T012488,C0179,2026-04-07,-11.03,transport,card
T012853,C0185,2026-04-07,-47.06,groceries,card
T012938,C0186,2026-04-07,-117.17,transfer_out,app_transfer
T013181,C0189,2026-04-07,-32.26,groceries,card
T013361,C0192,2026-04-07,-57.59,groceries,card
T013618,C0196,2026-04-07,-188.49,transfer_out,app_transfer
T013809,C0198,2026-04-07,-42.29,groceries,card
T013815,C0198,2026-04-07,-118.26,utilities,direct_debit
T000038,C0001,2026-04-08,-118.4,retail,card
T000307,C0005,2026-04-08,-70.71,utilities,direct_debit
T000370,C0006,2026-04-08,-81.29,retail,card
T000375,C0006,2026-04-08,-110.88,retail,card
T000477,C0008,2026-04-08,-26.31,transport,card
T001006,C0016,2026-04-08,-49.16,dining,card
T001008,C0016,2026-04-08,-52.0,dining,card
T001336,C0020,2026-04-08,-86.37,groceries,card
T001458,C0022,2026-04-08,-14.07,transport,card
T001772,C0026,2026-04-08,-32.73,retail,card
T001846,C0027,2026-04-08,-42.12,cash_withdrawal,atm
T002099,C0030,2026-04-08,-86.66,groceries,card
T002255,C0032,2026-04-08,-70.8,groceries,card
T002901,C0042,2026-04-08,-60.5,groceries,card
T002970,C0043,2026-04-08,-49.4,groceries,card
T003082,C0045,2026-04-08,949.89,salary,inbound_transfer
T003086,C0045,2026-04-08,-38.15,groceries,card
T003088,C0045,2026-04-08,-71.83,groceries,card
T003529,C0051,2026-04-08,-82.93,groceries,card
T003709,C0053,2026-04-08,1931.19,salary,inbound_transfer
T003867,C0055,2026-04-08,3533.85,salary,inbound_transfer
T003959,C0056,2026-04-08,-129.98,retail,card
T004375,C0064,2026-04-08,-309.77,transfer_out,app_transfer
T004635,C0068,2026-04-08,1024.07,salary,inbound_transfer
T004640,C0068,2026-04-08,-17.72,subscription,direct_debit
T004642,C0068,2026-04-08,-73.14,utilities,direct_debit
T005389,C0077,2026-04-08,4051.79,salary,inbound_transfer
T005477,C0078,2026-04-08,-22.14,groceries,card
T005699,C0081,2026-04-08,-16.06,transport,card
T005925,C0085,2026-04-08,-44.92,dining,card
T006022,C0086,2026-04-08,-62.84,retail,card
T006548,C0093,2026-04-08,2141.35,salary,inbound_transfer
T006551,C0093,2026-04-08,-73.88,cash_withdrawal,atm
T006638,C0094,2026-04-08,-143.22,utilities,direct_debit
T008146,C0118,2026-04-08,-145.59,utilities,direct_debit
T008663,C0126,2026-04-08,-170.45,transfer_out,app_transfer
T008814,C0128,2026-04-08,942.25,salary,inbound_transfer
T008975,C0130,2026-04-08,-26.33,dining,card
T009041,C0131,2026-04-08,2327.56,salary,inbound_transfer
T009050,C0131,2026-04-08,-45.52,retail,card
T009053,C0131,2026-04-08,-24.04,groceries,card
T009124,C0132,2026-04-08,-66.05,groceries,card
T009474,C0136,2026-04-08,-8.23,subscription,direct_debit
T009592,C0138,2026-04-08,-308.43,transfer_out,app_transfer
T009658,C0140,2026-04-08,883.85,salary,inbound_transfer
T009667,C0140,2026-04-08,-25.55,subscription,direct_debit
T009744,C0141,2026-04-08,-96.46,cash_withdrawal,atm
T009831,C0142,2026-04-08,-123.22,transfer_out,app_transfer
T010183,C0148,2026-04-08,-67.78,utilities,direct_debit
T010432,C0151,2026-04-08,-42.62,groceries,card
T010531,C0152,2026-04-08,-79.46,groceries,card
T010999,C0158,2026-04-08,-54.11,groceries,card
T011268,C0162,2026-04-08,-65.7,retail,card
T011544,C0166,2026-04-08,-201.44,utilities,direct_debit
T011822,C0169,2026-04-08,-35.68,retail,card
T012083,C0173,2026-04-08,-49.09,utilities,direct_debit
T012133,C0174,2026-04-08,-19.92,groceries,card
T012369,C0177,2026-04-08,-62.62,retail,card
T012480,C0179,2026-04-08,2977.78,salary,inbound_transfer
T012742,C0183,2026-04-08,-232.4,transfer_out,app_transfer
T012806,C0184,2026-04-08,-46.67,cash_withdrawal,atm
T013085,C0188,2026-04-08,-60.82,groceries,card
T013185,C0189,2026-04-08,-61.28,cash_withdrawal,atm
T013616,C0196,2026-04-08,-66.17,groceries,card
T000309,C0005,2026-04-09,-267.62,transfer_out,app_transfer
T000367,C0006,2026-04-09,-26.16,subscription,direct_debit
T000612,C0010,2026-04-09,-80.89,retail,card
T001768,C0026,2026-04-09,3957.66,salary,inbound_transfer
T001910,C0028,2026-04-09,2675.68,salary,inbound_transfer
T001912,C0028,2026-04-09,-55.54,cash_withdrawal,atm
T002102,C0030,2026-04-09,-17.73,groceries,card
T002246,C0032,2026-04-09,-61.42,dining,card
T002256,C0032,2026-04-09,-61.1,dining,card
T002804,C0041,2026-04-09,-23.71,cash_withdrawal,atm
T002888,C0042,2026-04-09,-44.76,retail,card
T003319,C0049,2026-04-09,3054.76,salary,inbound_transfer
T004054,C0059,2026-04-09,1284.43,salary,inbound_transfer
T004240,C0062,2026-04-09,-12.95,transport,card
T004377,C0064,2026-04-09,-14.76,transport,card
T004441,C0065,2026-04-09,-369.5,transfer_out,app_transfer
T004793,C0070,2026-04-09,-167.25,transfer_out,app_transfer
T004863,C0071,2026-04-09,958.79,salary,inbound_transfer
T005198,C0075,2026-04-09,802.48,salary,inbound_transfer
T005204,C0075,2026-04-09,-45.21,groceries,card
T005392,C0077,2026-04-09,-188.93,utilities,direct_debit
T005472,C0078,2026-04-09,775.21,salary,inbound_transfer
T005694,C0081,2026-04-09,-90.77,cash_withdrawal,atm
T006245,C0089,2026-04-09,-14.15,transport,card
T006348,C0090,2026-04-09,-83.02,groceries,card
T006463,C0092,2026-04-09,-200.44,utilities,direct_debit
T007359,C0106,2026-04-09,-64.22,cash_withdrawal,atm
T007503,C0109,2026-04-09,-58.44,groceries,card
T007659,C0111,2026-04-09,-15.34,transport,card
T007667,C0111,2026-04-09,-20.34,dining,card
T008221,C0119,2026-04-09,-19.22,dining,card
T008380,C0121,2026-04-09,-151.98,transfer_out,app_transfer
T008383,C0121,2026-04-09,-25.69,retail,card
T008578,C0125,2026-04-09,-21.06,groceries,card
T008817,C0128,2026-04-09,-53.88,retail,card
T008967,C0130,2026-04-09,-102.41,cash_withdrawal,atm
T009047,C0131,2026-04-09,-58.48,retail,card
T009126,C0132,2026-04-09,-66.03,retail,card
T009406,C0135,2026-04-09,-14.94,dining,card
T009827,C0142,2026-04-09,-99.0,cash_withdrawal,atm
T010097,C0146,2026-04-09,-16.85,dining,card
T010172,C0148,2026-04-09,837.48,salary,inbound_transfer
T010676,C0154,2026-04-09,1478.66,salary,inbound_transfer
T010764,C0155,2026-04-09,-38.75,dining,card
T010848,C0156,2026-04-09,-25.85,subscription,direct_debit
T011154,C0161,2026-04-09,-24.44,transport,card
T011158,C0161,2026-04-09,-70.28,cash_withdrawal,atm
T011272,C0162,2026-04-09,-27.79,dining,card
T011405,C0164,2026-04-09,-68.11,groceries,card
T011541,C0166,2026-04-09,-65.36,groceries,card
T011969,C0171,2026-04-09,873.07,salary,inbound_transfer
T012292,C0176,2026-04-09,-92.47,retail,card
T012373,C0177,2026-04-09,-48.56,dining,card
T012410,C0178,2026-04-09,-37.7,dining,card
T012486,C0179,2026-04-09,-19.21,subscription,direct_debit
T012663,C0182,2026-04-09,-25.04,retail,card
T012852,C0185,2026-04-09,-83.66,groceries,card
T012941,C0186,2026-04-09,-26.23,transport,card
T013090,C0188,2026-04-09,-59.91,retail,card
T013091,C0188,2026-04-09,-27.48,transport,card
T013248,C0190,2026-04-09,-35.15,dining,card
T013358,C0192,2026-04-09,-55.26,dining,card
T000161,C0003,2026-04-10,-40.36,retail,card
T000311,C0005,2026-04-10,-70.62,groceries,card
T000472,C0008,2026-04-10,3272.64,salary,inbound_transfer
T000480,C0008,2026-04-10,-18.67,dining,card
T000889,C0014,2026-04-10,-62.56,groceries,card
T000942,C0015,2026-04-10,-7.49,transport,card
T001003,C0016,2026-04-10,-130.09,transfer_out,app_transfer
T001081,C0017,2026-04-10,-68.1,groceries,card
T001157,C0018,2026-04-10,-22.05,transport,card
T001460,C0022,2026-04-10,-43.07,dining,card
T001531,C0023,2026-04-10,-22.15,dining,card
T002381,C0034,2026-04-10,3735.34,salary,inbound_transfer
T003221,C0047,2026-04-10,4140.72,salary,inbound_transfer
T003225,C0047,2026-04-10,-22.82,transport,card
T003325,C0049,2026-04-10,-5.94,subscription,direct_debit
T003869,C0055,2026-04-10,-62.82,groceries,card
T003870,C0055,2026-04-10,-33.3,dining,card
T003873,C0055,2026-04-10,-119.57,utilities,direct_debit
T004439,C0065,2026-04-10,-108.29,utilities,direct_debit
T004788,C0070,2026-04-10,-20.86,subscription,direct_debit
T004866,C0071,2026-04-10,-35.17,dining,card
T004946,C0072,2026-04-10,-76.0,retail,card
T004947,C0072,2026-04-10,-36.57,groceries,card
T004951,C0072,2026-04-10,-15.82,transport,card
T005917,C0085,2026-04-10,-22.53,dining,card
T006250,C0089,2026-04-10,-266.64,transfer_out,app_transfer
T006413,C0091,2026-04-10,-7.76,transport,card
T006469,C0092,2026-04-10,-56.55,utilities,direct_debit
T006804,C0096,2026-04-10,-70.56,cash_withdrawal,atm
T007259,C0104,2026-04-10,-42.71,retail,card
T007357,C0106,2026-04-10,-19.39,groceries,card
T007506,C0109,2026-04-10,-131.27,retail,card
T007821,C0113,2026-04-10,-83.91,groceries,card
T008061,C0117,2026-04-10,-87.72,groceries,card
T008067,C0117,2026-04-10,-93.9,retail,card
T008145,C0118,2026-04-10,-19.59,dining,card
T008212,C0119,2026-04-10,-8.09,transport,card
T008216,C0119,2026-04-10,-129.25,transfer_out,app_transfer
T008217,C0119,2026-04-10,-27.03,dining,card
T008298,C0120,2026-04-10,-67.44,groceries,card
T008745,C0127,2026-04-10,-23.89,transport,card
T008902,C0129,2026-04-10,-46.88,cash_withdrawal,atm
T009119,C0132,2026-04-10,-25.3,subscription,direct_debit
T009315,C0134,2026-04-10,-64.88,retail,card
T009665,C0140,2026-04-10,-48.63,groceries,card
T009999,C0145,2026-04-10,-27.65,groceries,card
T010099,C0146,2026-04-10,-14.69,subscription,direct_debit
T010175,C0148,2026-04-10,-22.03,dining,card
T010179,C0148,2026-04-10,-82.82,retail,card
T010268,C0149,2026-04-10,-16.79,subscription,direct_debit
T010436,C0151,2026-04-10,-24.98,transport,card
T010441,C0151,2026-04-10,-83.56,groceries,card
T010854,C0156,2026-04-10,-102.98,cash_withdrawal,atm
T010933,C0157,2026-04-10,-149.32,transfer_out,app_transfer
T011320,C0163,2026-04-10,-50.05,dining,card
T011617,C0167,2026-04-10,-117.78,transfer_out,app_transfer
T011714,C0168,2026-04-10,-5.74,transport,card
T011717,C0168,2026-04-10,-46.29,dining,card
T011890,C0170,2026-04-10,-23.67,groceries,card
T011898,C0170,2026-04-10,-27.64,transport,card
T012138,C0174,2026-04-10,-57.88,groceries,card
T012139,C0174,2026-04-10,-8.22,subscription,direct_debit
T012227,C0175,2026-04-10,-186.93,transfer_out,app_transfer
T012287,C0176,2026-04-10,-108.11,transfer_out,app_transfer
T012672,C0182,2026-04-10,-217.28,transfer_out,app_transfer
T012857,C0185,2026-04-10,-64.93,groceries,card
T012935,C0186,2026-04-10,-192.18,utilities,direct_debit
T013182,C0189,2026-04-10,-54.75,groceries,card
T013249,C0190,2026-04-10,-87.61,utilities,direct_debit
T013253,C0190,2026-04-10,-147.7,transfer_out,app_transfer
T013556,C0195,2026-04-10,-269.22,transfer_out,app_transfer
T013610,C0196,2026-04-10,-28.99,dining,card
T000041,C0001,2026-04-11,-42.71,dining,card
T000613,C0010,2026-04-11,-25.27,subscription,direct_debit
T001159,C0018,2026-04-11,-7.09,subscription,direct_debit
T001251,C0019,2026-04-11,-32.98,dining,card
T001634,C0024,2026-04-11,-168.97,transfer_out,app_transfer
T001998,C0029,2026-04-11,-211.27,transfer_out,app_transfer
T002453,C0036,2026-04-11,4330.95,salary,inbound_transfer
T002534,C0037,2026-04-11,-34.8,groceries,card
T002543,C0037,2026-04-11,-88.94,cash_withdrawal,atm
T002681,C0039,2026-04-11,2641.87,salary,inbound_transfer
T003140,C0046,2026-04-11,2814.64,salary,inbound_transfer
T003143,C0046,2026-04-11,-28.26,transport,card
T003414,C0050,2026-04-11,-20.91,transport,card
T003518,C0051,2026-04-11,919.61,salary,inbound_transfer
T003519,C0051,2026-04-11,965.69,salary,inbound_transfer
T003626,C0052,2026-04-11,-24.28,subscription,direct_debit
T003712,C0053,2026-04-11,-152.12,utilities,direct_debit
T004058,C0059,2026-04-11,-8.84,transport,card
T004114,C0060,2026-04-11,-32.05,dining,card
T004228,C0062,2026-04-11,-49.88,groceries,card
T004438,C0065,2026-04-11,-184.05,utilities,direct_debit
T004791,C0070,2026-04-11,-57.36,cash_withdrawal,atm
T004944,C0072,2026-04-11,947.53,salary,inbound_transfer
T005201,C0075,2026-04-11,-20.0,dining,card
T005780,C0082,2026-04-11,-45.19,dining,card
T005915,C0085,2026-04-11,-12.16,dining,card
T005926,C0085,2026-04-11,-75.42,groceries,card
T006341,C0090,2026-04-11,-52.78,retail,card
T006641,C0094,2026-04-11,-245.94,transfer_out,app_transfer
T006741,C0095,2026-04-11,-94.59,cash_withdrawal,atm
T006943,C0098,2026-04-11,-27.39,dining,card
T006947,C0098,2026-04-11,-38.27,groceries,card
T006951,C0098,2026-04-11,-48.3,dining,card
T007183,C0103,2026-04-11,-33.8,retail,card
T007501,C0109,2026-04-11,2572.52,salary,inbound_transfer
T008060,C0117,2026-04-11,-12.72,dining,card
T008138,C0118,2026-04-11,-67.32,retail,card
T008142,C0118,2026-04-11,-90.73,groceries,card
T008299,C0120,2026-04-11,-34.55,groceries,card
T008571,C0125,2026-04-11,-84.32,utilities,direct_debit
T008576,C0125,2026-04-11,-88.63,transfer_out,app_transfer
T009522,C0137,2026-04-11,-33.54,retail,card
T009659,C0140,2026-04-11,-25.76,transport,card
T009822,C0142,2026-04-11,-357.54,transfer_out,app_transfer
T010093,C0146,2026-04-11,-19.18,dining,card
T010095,C0146,2026-04-11,-64.51,groceries,card
T010273,C0149,2026-04-11,-28.87,transport,card
T010328,C0150,2026-04-11,-75.51,retail,card
T010850,C0156,2026-04-11,-61.37,utilities,direct_debit
T011051,C0159,2026-04-11,-40.16,groceries,card
T011713,C0168,2026-04-11,-29.32,transport,card
T011722,C0168,2026-04-11,-86.21,retail,card
T011972,C0171,2026-04-11,-56.04,dining,card
T012291,C0176,2026-04-11,-25.65,transport,card
T013011,C0187,2026-04-11,-25.66,subscription,direct_debit
T013362,C0192,2026-04-11,-16.3,subscription,direct_debit
T013808,C0198,2026-04-11,-35.93,dining,card
T000035,C0001,2026-04-12,-78.67,groceries,card
T000157,C0003,2026-04-12,-12.67,dining,card
T001082,C0017,2026-04-12,-126.02,retail,card
T001086,C0017,2026-04-12,-180.91,utilities,direct_debit
T001240,C0019,2026-04-12,761.82,salary,inbound_transfer
T001254,C0019,2026-04-12,-324.62,transfer_out,app_transfer
T001389,C0021,2026-04-12,-131.42,retail,card
T001464,C0022,2026-04-12,-60.12,groceries,card
T001843,C0027,2026-04-12,-45.51,cash_withdrawal,atm
T001923,C0028,2026-04-12,-371.16,transfer_out,app_transfer
T002104,C0030,2026-04-12,-29.65,transport,card
T002454,C0036,2026-04-12,-25.06,dining,card
T002695,C0039,2026-04-12,-10.22,subscription,direct_debit
T002810,C0041,2026-04-12,-20.38,groceries,card
T002894,C0042,2026-04-12,-23.54,subscription,direct_debit
T002964,C0043,2026-04-12,-89.58,cash_withdrawal,atm
T003410,C0050,2026-04-12,4810.15,salary,inbound_transfer
T003411,C0050,2026-04-12,-24.98,retail,card
T003524,C0051,2026-04-12,-104.33,transfer_out,app_transfer
T003526,C0051,2026-04-12,-15.59,transport,card
T003625,C0052,2026-04-12,-79.19,groceries,card
T003809,C0054,2026-04-12,-161.07,transfer_out,app_transfer
T004122,C0060,2026-04-12,-86.79,retail,card
T004236,C0062,2026-04-12,-58.54,groceries,card
T004311,C0063,2026-04-12,-8.02,subscription,direct_debit
T004587,C0067,2026-04-12,-63.37,cash_withdrawal,atm
T004720,C0069,2026-04-12,-115.88,transfer_out,app_transfer
T005919,C0085,2026-04-12,-90.08,groceries,card
T006734,C0095,2026-04-12,-41.42,dining,card
T007024,C0099,2026-04-12,3538.61,salary,inbound_transfer
T007083,C0100,2026-04-12,-56.3,groceries,card
T007087,C0100,2026-04-12,-87.85,retail,card
T007509,C0109,2026-04-12,-49.99,dining,card
T007660,C0111,2026-04-12,-34.48,dining,card
T008066,C0117,2026-04-12,-51.93,dining,card
T008140,C0118,2026-04-12,-78.16,cash_withdrawal,atm
T008147,C0118,2026-04-12,-87.9,groceries,card
T008218,C0119,2026-04-12,-142.71,transfer_out,app_transfer
T009045,C0131,2026-04-12,-70.07,utilities,direct_debit
T009476,C0136,2026-04-12,-27.54,transport,card
T009656,C0140,2026-04-12,864.15,salary,inbound_transfer
T010007,C0145,2026-04-12,-18.08,transport,card
T010091,C0146,2026-04-12,822.86,salary,inbound_transfer
T010270,C0149,2026-04-12,-48.51,groceries,card
T010275,C0149,2026-04-12,-45.64,cash_withdrawal,atm
T010329,C0150,2026-04-12,-38.15,utilities,direct_debit
T010335,C0150,2026-04-12,-318.76,transfer_out,app_transfer
T010437,C0151,2026-04-12,-94.42,cash_withdrawal,atm
T011057,C0159,2026-04-12,-15.0,transport,card
T011147,C0161,2026-04-12,-394.02,transfer_out,app_transfer
T011155,C0161,2026-04-12,-91.18,utilities,direct_debit
T011157,C0161,2026-04-12,-14.44,subscription,direct_debit
T011270,C0162,2026-04-12,-59.75,dining,card
T011323,C0163,2026-04-12,-99.58,retail,card
T011472,C0165,2026-04-12,770.1,salary,inbound_transfer
T011542,C0166,2026-04-12,-52.64,dining,card
T011614,C0167,2026-04-12,-15.16,transport,card
T011817,C0169,2026-04-12,3724.37,salary,inbound_transfer
T012042,C0172,2026-04-12,-177.79,transfer_out,app_transfer
T012282,C0176,2026-04-12,-23.38,subscription,direct_debit
T012409,C0178,2026-04-12,-16.63,dining,card
T012807,C0184,2026-04-12,-90.61,transfer_out,app_transfer
T012851,C0185,2026-04-12,-7.81,transport,card
T013088,C0188,2026-04-12,-38.4,dining,card
T013453,C0193,2026-04-12,-69.38,groceries,card
T013609,C0196,2026-04-12,-108.19,cash_withdrawal,atm
T013817,C0198,2026-04-12,-356.42,transfer_out,app_transfer
T013861,C0199,2026-04-12,1344.07,salary,inbound_transfer
T000474,C0008,2026-04-13,-50.13,retail,card
T000552,C0009,2026-04-13,-30.81,dining,card
T000677,C0011,2026-04-13,-70.13,cash_withdrawal,atm
T000760,C0012,2026-04-13,-58.62,retail,card
T000826,C0013,2026-04-13,-44.38,groceries,card
T001084,C0017,2026-04-13,-6.49,transport,card
T001337,C0020,2026-04-13,-24.65,subscription,direct_debit
T001623,C0024,2026-04-13,-15.73,dining,card
T001911,C0028,2026-04-13,-18.22,subscription,direct_debit
T002190,C0031,2026-04-13,-91.96,groceries,card
T002253,C0032,2026-04-13,-98.74,transfer_out,app_transfer
T002538,C0037,2026-04-13,-14.99,transport,card
T002541,C0037,2026-04-13,-52.02,groceries,card
T002770,C0040,2026-04-13,-34.87,retail,card
T002900,C0042,2026-04-13,-60.91,retail,card
T002966,C0043,2026-04-13,-68.59,groceries,card
T003147,C0046,2026-04-13,-45.05,dining,card
T003226,C0047,2026-04-13,-59.38,retail,card
T003229,C0047,2026-04-13,-85.37,groceries,card
T003324,C0049,2026-04-13,-22.59,transport,card
T003415,C0050,2026-04-13,-28.11,transport,card
T003872,C0055,2026-04-13,-34.18,dining,card
T003875,C0055,2026-04-13,-37.56,dining,card
T004112,C0060,2026-04-13,-27.43,transport,card
T004119,C0060,2026-04-13,-28.72,dining,card
T004238,C0062,2026-04-13,-45.39,utilities,direct_debit
T004307,C0063,2026-04-13,-20.15,transport,card
T004722,C0069,2026-04-13,-55.24,dining,card
T004724,C0069,2026-04-13,-369.11,transfer_out,app_transfer
T005118,C0074,2026-04-13,-312.81,transfer_out,app_transfer
T005390,C0077,2026-04-13,-175.13,transfer_out,app_transfer
T005614,C0080,2026-04-13,-85.15,retail,card
T005930,C0085,2026-04-13,-129.75,utilities,direct_debit
T006149,C0088,2026-04-13,-60.72,groceries,card
T006253,C0089,2026-04-13,-12.81,transport,card
T006632,C0094,2026-04-13,-106.08,retail,card
T007186,C0103,2026-04-13,-16.79,transport,card
T007658,C0111,2026-04-13,-223.7,transfer_out,app_transfer
T007753,C0112,2026-04-13,-14.98,dining,card
T007757,C0112,2026-04-13,-11.98,subscription,direct_debit
T007996,C0116,2026-04-13,4160.66,salary,inbound_transfer
T008062,C0117,2026-04-13,-18.82,transport,card
T008065,C0117,2026-04-13,-375.01,transfer_out,app_transfer
T008483,C0124,2026-04-13,-80.94,groceries,card
T008484,C0124,2026-04-13,-74.68,groceries,card
T008579,C0125,2026-04-13,-6.71,transport,card
T008740,C0127,2026-04-13,-59.75,retail,card
T008820,C0128,2026-04-13,-39.12,groceries,card
T008826,C0128,2026-04-13,-22.36,groceries,card
T008827,C0128,2026-04-13,-74.36,utilities,direct_debit
T009314,C0134,2026-04-13,-386.33,transfer_out,app_transfer
T009318,C0134,2026-04-13,-19.67,subscription,direct_debit
T009465,C0136,2026-04-13,-51.34,dining,card
T009472,C0136,2026-04-13,-58.88,retail,card
T009742,C0141,2026-04-13,-32.37,dining,card
T010269,C0149,2026-04-13,-138.9,utilities,direct_debit
T010533,C0152,2026-04-13,-15.21,dining,card
T011003,C0158,2026-04-13,-66.17,groceries,card
T011056,C0159,2026-04-13,-322.48,transfer_out,app_transfer
T011260,C0162,2026-04-13,1298.15,salary,inbound_transfer
T011277,C0162,2026-04-13,-71.56,groceries,card
T011395,C0164,2026-04-13,3531.91,salary,inbound_transfer
T011404,C0164,2026-04-13,-63.41,groceries,card
T011715,C0168,2026-04-13,-51.03,cash_withdrawal,atm
T011894,C0170,2026-04-13,-14.61,dining,card
T012223,C0175,2026-04-13,-71.36,retail,card
T012408,C0178,2026-04-13,915.26,salary,inbound_transfer
T012418,C0178,2026-04-13,-20.91,subscription,direct_debit
T012539,C0180,2026-04-13,-94.01,cash_withdrawal,atm
T013186,C0189,2026-04-13,-34.36,dining,card
T013243,C0190,2026-04-13,-51.65,dining,card
T013246,C0190,2026-04-13,-58.15,dining,card
T013369,C0192,2026-04-13,-19.28,subscription,direct_debit
T013450,C0193,2026-04-13,4208.48,salary,inbound_transfer
T013454,C0193,2026-04-13,-168.17,transfer_out,app_transfer
T013612,C0196,2026-04-13,-123.79,retail,card
T013706,C0197,2026-04-13,-51.28,dining,card
T000368,C0006,2026-04-14,-177.97,transfer_out,app_transfer
T000478,C0008,2026-04-14,-26.69,dining,card
T000557,C0009,2026-04-14,-68.91,groceries,card
T000610,C0010,2026-04-14,-36.52,groceries,card
T000888,C0014,2026-04-14,-160.79,utilities,direct_debit
T001088,C0017,2026-04-14,-41.46,dining,card
T001253,C0019,2026-04-14,-273.44,transfer_out,app_transfer
T001390,C0021,2026-04-14,-60.42,dining,card
T001630,C0024,2026-04-14,-19.52,groceries,card
T001771,C0026,2026-04-14,-131.92,retail,card
T001919,C0028,2026-04-14,-47.89,retail,card
T002248,C0032,2026-04-14,-78.23,cash_withdrawal,atm
T002803,C0041,2026-04-14,4103.74,salary,inbound_transfer
T002968,C0043,2026-04-14,-32.53,dining,card
T003233,C0047,2026-04-14,-8.57,transport,card
T003517,C0051,2026-04-14,772.58,salary,inbound_transfer
T003623,C0052,2026-04-14,-181.01,utilities,direct_debit
T003715,C0053,2026-04-14,-13.5,subscription,direct_debit
T004230,C0062,2026-04-14,-18.08,transport,card
T004309,C0063,2026-04-14,-25.12,subscription,direct_debit
T004794,C0070,2026-04-14,-31.3,groceries,card
T005480,C0078,2026-04-14,-6.02,transport,card
T005530,C0079,2026-04-14,-21.53,subscription,direct_debit
T005616,C0080,2026-04-14,-216.81,transfer_out,app_transfer
T005923,C0085,2026-04-14,-274.12,transfer_out,app_transfer
T005928,C0085,2026-04-14,-177.53,transfer_out,app_transfer
T006015,C0086,2026-04-14,-95.75,retail,card
T006025,C0086,2026-04-14,-15.16,subscription,direct_debit
T006141,C0088,2026-04-14,-61.04,cash_withdrawal,atm
T006547,C0093,2026-04-14,2292.87,salary,inbound_transfer
T007762,C0112,2026-04-14,-79.83,groceries,card
T007873,C0114,2026-04-14,-111.51,retail,card
T008219,C0119,2026-04-14,-35.97,groceries,card
T008381,C0121,2026-04-14,-205.85,utilities,direct_debit
T008574,C0125,2026-04-14,-12.2,subscription,direct_debit
T008666,C0126,2026-04-14,-23.43,transport,card
T008668,C0126,2026-04-14,-20.9,transport,card
T008974,C0130,2026-04-14,-55.59,retail,card
T009312,C0134,2026-04-14,2409.21,salary,inbound_transfer
T009317,C0134,2026-04-14,-45.18,groceries,card
T009320,C0134,2026-04-14,-69.21,cash_withdrawal,atm
T009323,C0134,2026-04-14,-83.33,utilities,direct_debit
T009401,C0135,2026-04-14,-120.88,retail,card
T009471,C0136,2026-04-14,-80.8,groceries,card
T009523,C0137,2026-04-14,-63.8,groceries,card
T009820,C0142,2026-04-14,-19.77,groceries,card
T009998,C0145,2026-04-14,2918.17,salary,inbound_transfer
T010610,C0153,2026-04-14,-68.94,groceries,card
T010682,C0154,2026-04-14,-101.92,utilities,direct_debit
T010928,C0157,2026-04-14,-131.46,utilities,direct_debit
T011539,C0166,2026-04-14,-14.32,dining,card
T012041,C0172,2026-04-14,-14.81,dining,card
T012281,C0176,2026-04-14,-16.32,transport,card
T012283,C0176,2026-04-14,-66.83,retail,card
T012671,C0182,2026-04-14,-46.2,groceries,card
T012849,C0185,2026-04-14,-50.9,groceries,card
T013012,C0187,2026-04-14,-388.66,transfer_out,app_transfer
T013018,C0187,2026-04-14,-5.6,subscription,direct_debit
T013613,C0196,2026-04-14,-59.39,dining,card
T013717,C0197,2026-04-14,-114.37,utilities,direct_debit
T013864,C0199,2026-04-14,-11.02,transport,card
T013914,C0200,2026-04-14,-94.25,retail,card
T000156,C0003,2026-04-15,3214.54,salary,inbound_transfer
T000372,C0006,2026-04-15,-84.0,utilities,direct_debit
T000483,C0008,2026-04-15,-94.19,retail,card
T000762,C0012,2026-04-15,-128.34,retail,card
T000819,C0013,2026-04-15,-29.79,transport,card
T000822,C0013,2026-04-15,-145.88,transfer_out,app_transfer
T000890,C0014,2026-04-15,-59.91,dining,card
T001158,C0018,2026-04-15,-145.51,utilities,direct_debit
T001628,C0024,2026-04-15,-60.06,groceries,card
T001842,C0027,2026-04-15,-14.77,transport,card
T002191,C0031,2026-04-15,-19.48,groceries,card
T002192,C0031,2026-04-15,-68.13,retail,card
T002686,C0039,2026-04-15,-19.43,subscription,direct_debit
T002812,C0041,2026-04-15,-377.55,transfer_out,app_transfer
T002896,C0042,2026-04-15,-29.34,transport,card
T003145,C0046,2026-04-15,-24.31,transport,card
T003234,C0047,2026-04-15,-27.13,dining,card
T003531,C0051,2026-04-15,-19.5,dining,card
T003710,C0053,2026-04-15,-30.05,transport,card
T003876,C0055,2026-04-15,-67.2,groceries,card
T004120,C0060,2026-04-15,-15.45,subscription,direct_debit
T004121,C0060,2026-04-15,-40.64,cash_withdrawal,atm
T004232,C0062,2026-04-15,-176.19,transfer_out,app_transfer
T004235,C0062,2026-04-15,-91.24,transfer_out,app_transfer
T004374,C0064,2026-04-15,-378.18,transfer_out,app_transfer
T004436,C0065,2026-04-15,3284.57,salary,inbound_transfer
T005107,C0074,2026-04-15,3570.9,salary,inbound_transfer
T005692,C0081,2026-04-15,860.42,salary,inbound_transfer
T005695,C0081,2026-04-15,-9.34,transport,card
T005779,C0082,2026-04-15,-55.56,groceries,card
T005921,C0085,2026-04-15,-26.26,dining,card
T006020,C0086,2026-04-15,-17.73,groceries,card
T006462,C0092,2026-04-15,1355.56,salary,inbound_transfer
T006735,C0095,2026-04-15,-65.46,groceries,card
T006808,C0096,2026-04-15,-133.46,utilities,direct_debit
T006810,C0096,2026-04-15,-10.12,subscription,direct_debit
T006944,C0098,2026-04-15,-381.41,transfer_out,app_transfer
T007758,C0112,2026-04-15,-18.06,dining,card
T008303,C0120,2026-04-15,-94.25,retail,card
T008488,C0124,2026-04-15,-371.97,transfer_out,app_transfer
T008968,C0130,2026-04-15,-124.03,utilities,direct_debit
T009229,C0133,2026-04-15,-29.7,groceries,card
T009400,C0135,2026-04-15,818.03,salary,inbound_transfer
T009660,C0140,2026-04-15,-67.89,utilities,direct_debit
T009743,C0141,2026-04-15,-83.09,cash_withdrawal,atm
T009824,C0142,2026-04-15,-20.85,groceries,card
T010096,C0146,2026-04-15,-8.31,subscription,direct_debit
T010530,C0152,2026-04-15,-119.06,retail,card
T010608,C0153,2026-04-15,-67.8,cash_withdrawal,atm
T010843,C0156,2026-04-15,2680.93,salary,inbound_transfer
T010932,C0157,2026-04-15,-11.62,transport,card
T010994,C0158,2026-04-15,3627.15,salary,inbound_transfer
T011005,C0158,2026-04-15,-19.37,subscription,direct_debit
T011054,C0159,2026-04-15,-93.37,utilities,direct_debit
T011325,C0163,2026-04-15,-225.45,transfer_out,app_transfer
T011536,C0166,2026-04-15,-326.13,transfer_out,app_transfer
T011540,C0166,2026-04-15,-28.33,transport,card
T011716,C0168,2026-04-15,-16.02,transport,card
T012222,C0175,2026-04-15,-177.05,transfer_out,app_transfer
T012944,C0186,2026-04-15,-71.85,groceries,card
T013558,C0195,2026-04-15,-33.15,dining,card
T013806,C0198,2026-04-15,-74.28,retail,card
T001238,C0019,2026-04-16,742.48,salary,inbound_transfer
T001774,C0026,2026-04-16,-114.19,retail,card
T001916,C0028,2026-04-16,-69.14,groceries,card
T001924,C0028,2026-04-16,-85.84,groceries,card
T002001,C0029,2026-04-16,-19.6,subscription,direct_debit
T002097,C0030,2026-04-16,-346.72,transfer_out,app_transfer
T002100,C0030,2026-04-16,-20.12,transport,card
T002536,C0037,2026-04-16,-59.92,dining,card
T002687,C0039,2026-04-16,-49.86,cash_withdrawal,atm
T004790,C0070,2026-04-16,-46.94,retail,card
T005208,C0075,2026-04-16,-70.26,cash_withdrawal,atm
T005393,C0077,2026-04-16,-100.1,utilities,direct_debit
T005474,C0078,2026-04-16,-170.97,utilities,direct_debit
T005475,C0078,2026-04-16,-387.68,transfer_out,app_transfer
T005605,C0080,2026-04-16,987.56,salary,inbound_transfer
T005697,C0081,2026-04-16,-84.24,groceries,card
T005700,C0081,2026-04-16,-43.68,retail,card
T005830,C0083,2026-04-16,1884.47,salary,inbound_transfer
T005831,C0083,2026-04-16,2054.57,salary,inbound_transfer
T006147,C0088,2026-04-16,-72.74,groceries,card
T006152,C0088,2026-04-16,-24.64,transport,card
T006248,C0089,2026-04-16,-29.77,retail,card
T006732,C0095,2026-04-16,-61.63,retail,card
T006737,C0095,2026-04-16,-93.22,utilities,direct_debit
T007025,C0099,2026-04-16,-48.79,groceries,card
T007026,C0099,2026-04-16,-10.04,subscription,direct_debit
T007086,C0100,2026-04-16,-7.0,subscription,direct_debit
T007189,C0103,2026-04-16,-14.27,transport,card
T007664,C0111,2026-04-16,-14.17,dining,card
T007755,C0112,2026-04-16,-386.91,transfer_out,app_transfer
T007822,C0113,2026-04-16,-352.77,transfer_out,app_transfer
T008302,C0120,2026-04-16,-49.0,groceries,card
T008489,C0124,2026-04-16,-208.93,transfer_out,app_transfer
T008569,C0125,2026-04-16,-36.98,groceries,card
T008661,C0126,2026-04-16,-60.29,retail,card
T008900,C0129,2026-04-16,-77.14,retail,card
T009043,C0131,2026-04-16,-13.34,dining,card
T009226,C0133,2026-04-16,-112.3,retail,card
T009402,C0135,2026-04-16,-385.03,transfer_out,app_transfer
T009583,C0138,2026-04-16,-43.16,utilities,direct_debit
T009924,C0143,2026-04-16,-10.61,subscription,direct_debit
T010274,C0149,2026-04-16,-65.52,groceries,card
T010445,C0151,2026-04-16,-59.66,groceries,card
T010755,C0155,2026-04-16,3763.55,salary,inbound_transfer
T011271,C0162,2026-04-16,-61.05,dining,card
T011399,C0164,2026-04-16,-56.36,retail,card
T011545,C0166,2026-04-16,-70.06,retail,card
T011975,C0171,2026-04-16,-18.85,transport,card
T012043,C0172,2026-04-16,-24.44,dining,card
T012079,C0173,2026-04-16,-17.66,transport,card
T012130,C0174,2026-04-16,-142.16,transfer_out,app_transfer
T012416,C0178,2026-04-16,-66.58,groceries,card
T012419,C0178,2026-04-16,-55.36,retail,card
T012490,C0179,2026-04-16,-25.5,transport,card
T012747,C0183,2026-04-16,-18.77,transport,card
T013366,C0192,2026-04-16,-275.58,transfer_out,app_transfer
T013367,C0192,2026-04-16,-61.15,dining,card
T013715,C0197,2026-04-16,-37.37,groceries,card
T000107,C0002,2026-04-17,-33.77,dining,card
T000312,C0005,2026-04-17,-101.88,cash_withdrawal,atm
T000314,C0005,2026-04-17,-11.75,transport,card
T000818,C0013,2026-04-17,-209.46,transfer_out,app_transfer
T001160,C0018,2026-04-17,-125.65,transfer_out,app_transfer
T001249,C0019,2026-04-17,-60.45,groceries,card
T001381,C0021,2026-04-17,3967.97,salary,inbound_transfer
T001459,C0022,2026-04-17,-11.88,transport,card
T002103,C0030,2026-04-17,-67.31,cash_withdrawal,atm
T002385,C0034,2026-04-17,-13.4,transport,card
T002456,C0036,2026-04-17,-57.07,groceries,card
T002457,C0036,2026-04-17,-54.2,groceries,card
T002539,C0037,2026-04-17,-138.08,transfer_out,app_transfer
T003146,C0046,2026-04-17,-59.3,dining,card
T003148,C0046,2026-04-17,-71.51,cash_withdrawal,atm
T003222,C0047,2026-04-17,-11.47,transport,card
T003327,C0049,2026-04-17,-58.19,groceries,card
T003330,C0049,2026-04-17,-20.75,dining,card
T003525,C0051,2026-04-17,-195.54,utilities,direct_debit
T004055,C0059,2026-04-17,1282.33,salary,inbound_transfer
T004113,C0060,2026-04-17,-74.16,transfer_out,app_transfer
T004243,C0062,2026-04-17,-18.4,dining,card
T004510,C0066,2026-04-17,-29.37,transport,card
T004586,C0067,2026-04-17,-41.15,groceries,card
T004864,C0071,2026-04-17,-9.19,subscription,direct_debit
T004872,C0071,2026-04-17,-23.85,dining,card
T005026,C0073,2026-04-17,-40.88,dining,card
T005203,C0075,2026-04-17,-115.25,utilities,direct_debit
T005391,C0077,2026-04-17,-11.73,transport,card
T005611,C0080,2026-04-17,-51.57,dining,card
T005617,C0080,2026-04-17,-45.62,retail,card
T005777,C0082,2026-04-17,-256.64,transfer_out,app_transfer
T006412,C0091,2026-04-17,-56.22,dining,card
T006807,C0096,2026-04-17,-45.41,dining,card
T007302,C0105,2026-04-17,-51.53,cash_withdrawal,atm
T007435,C0108,2026-04-17,-13.14,subscription,direct_debit
T007661,C0111,2026-04-17,-58.96,dining,card
T007750,C0112,2026-04-17,3383.05,salary,inbound_transfer
T007820,C0113,2026-04-17,-234.96,transfer_out,app_transfer
T008215,C0119,2026-04-17,-110.94,retail,card
T008490,C0124,2026-04-17,-31.69,groceries,card
T008664,C0126,2026-04-17,-11.79,transport,card
T008747,C0127,2026-04-17,-19.79,groceries,card
T008750,C0127,2026-04-17,-9.41,transport,card
T009118,C0132,2026-04-17,-56.28,dining,card
T009219,C0133,2026-04-17,-24.5,cash_withdrawal,atm
T010330,C0150,2026-04-17,-24.68,transport,card
T010435,C0151,2026-04-17,-11.09,transport,card
T010688,C0154,2026-04-17,-50.56,dining,card
T010925,C0157,2026-04-17,3432.89,salary,inbound_transfer
T010929,C0157,2026-04-17,-17.76,transport,card
T011052,C0159,2026-04-17,-28.5,groceries,card
T011262,C0162,2026-04-17,-27.47,transport,card
T011477,C0165,2026-04-17,-68.72,groceries,card
T011546,C0166,2026-04-17,-30.21,dining,card
T011620,C0167,2026-04-17,-63.88,groceries,card
T012936,C0186,2026-04-17,-55.09,dining,card
T013812,C0198,2026-04-17,-20.61,subscription,direct_debit
T000108,C0002,2026-04-18,-355.85,transfer_out,app_transfer
T000827,C0013,2026-04-18,-59.48,dining,card
T001002,C0016,2026-04-18,3720.36,salary,inbound_transfer
T001005,C0016,2026-04-18,-108.64,retail,card
T001631,C0024,2026-04-18,-98.92,retail,card
T002005,C0029,2026-04-18,-29.91,transport,card
T002090,C0030,2026-04-18,1301.75,salary,inbound_transfer
T002093,C0030,2026-04-18,-66.6,cash_withdrawal,atm
T002887,C0042,2026-04-18,2856.6,salary,inbound_transfer
T002892,C0042,2026-04-18,-83.49,groceries,card
T003089,C0045,2026-04-18,-46.17,groceries,card
T003141,C0046,2026-04-18,-22.87,transport,card
T003282,C0048,2026-04-18,-6.87,transport,card
T003320,C0049,2026-04-18,-23.94,transport,card
T003321,C0049,2026-04-18,-36.74,groceries,card
T003522,C0051,2026-04-18,-47.7,utilities,direct_debit
T003963,C0056,2026-04-18,-87.74,retail,card
T004231,C0062,2026-04-18,-23.8,subscription,direct_debit
T004588,C0067,2026-04-18,-77.82,retail,card
T004590,C0067,2026-04-18,-42.64,dining,card
T004637,C0068,2026-04-18,-87.01,groceries,card
T004725,C0069,2026-04-18,-21.18,transport,card
T005020,C0073,2026-04-18,-113.85,retail,card
T005114,C0074,2026-04-18,-5.82,transport,card
T005529,C0079,2026-04-18,-73.51,retail,card
T005698,C0081,2026-04-18,-74.03,groceries,card
T005920,C0085,2026-04-18,-44.77,cash_withdrawal,atm
T006091,C0087,2026-04-18,-33.21,dining,card
T006633,C0094,2026-04-18,-62.74,groceries,card
T006728,C0095,2026-04-18,4225.77,salary,inbound_transfer
T007298,C0105,2026-04-18,3377.75,salary,inbound_transfer
T007439,C0108,2026-04-18,-87.97,groceries,card
T007656,C0111,2026-04-18,-152.14,transfer_out,app_transfer
T007920,C0115,2026-04-18,-27.18,groceries,card
T008659,C0126,2026-04-18,1253.44,salary,inbound_transfer
T008662,C0126,2026-04-18,-21.69,groceries,card
T008744,C0127,2026-04-18,-23.27,groceries,card
T008899,C0129,2026-04-18,-37.57,dining,card
T009056,C0131,2026-04-18,-150.18,transfer_out,app_transfer
T009466,C0136,2026-04-18,-41.59,retail,card
T009473,C0136,2026-04-18,-212.66,transfer_out,app_transfer
T009585,C0138,2026-04-18,-7.67,transport,card
T009587,C0138,2026-04-18,-39.01,dining,card
T009664,C0140,2026-04-18,-35.45,dining,card
T010427,C0151,2026-04-18,2303.03,salary,inbound_transfer
T011002,C0158,2026-04-18,-6.45,subscription,direct_debit
T011266,C0162,2026-04-18,-123.56,utilities,direct_debit
T011267,C0162,2026-04-18,-119.34,utilities,direct_debit
T011327,C0163,2026-04-18,-25.3,dining,card
T011402,C0164,2026-04-18,-67.55,retail,card
T011891,C0170,2026-04-18,-74.81,retail,card
T011892,C0170,2026-04-18,-14.84,transport,card
T012289,C0176,2026-04-18,-195.66,utilities,direct_debit
T012290,C0176,2026-04-18,-72.3,groceries,card
T012586,C0181,2026-04-18,-32.72,retail,card
T013016,C0187,2026-04-18,-55.23,retail,card
T013089,C0188,2026-04-18,-65.76,groceries,card
T013184,C0189,2026-04-18,-62.57,groceries,card
T000042,C0001,2026-04-19,-29.27,dining,card
T000364,C0006,2026-04-19,-169.37,utilities,direct_debit
T000479,C0008,2026-04-19,-6.91,subscription,direct_debit
T000608,C0010,2026-04-19,-146.93,utilities,direct_debit
T001004,C0016,2026-04-19,-125.22,transfer_out,app_transfer
T001252,C0019,2026-04-19,-35.22,groceries,card
T001532,C0023,2026-04-19,-68.08,retail,card
T001917,C0028,2026-04-19,-45.59,dining,card
T002004,C0029,2026-04-19,-31.86,groceries,card
T002247,C0032,2026-04-19,-71.41,groceries,card
T002540,C0037,2026-04-19,-115.89,utilities,direct_debit
T002682,C0039,2026-04-19,-168.08,utilities,direct_debit
T002811,C0041,2026-04-19,-112.97,retail,card
T002814,C0041,2026-04-19,-40.72,dining,card
T002889,C0042,2026-04-19,-26.53,groceries,card
T003231,C0047,2026-04-19,-49.37,dining,card
T003527,C0051,2026-04-19,-24.9,subscription,direct_debit
T003805,C0054,2026-04-19,-26.01,transport,card
T004224,C0062,2026-04-19,3256.83,salary,inbound_transfer
T004444,C0065,2026-04-19,-26.51,transport,card
T004589,C0067,2026-04-19,-50.12,dining,card
T004723,C0069,2026-04-19,-110.49,retail,card
T004801,C0070,2026-04-19,-380.32,transfer_out,app_transfer
T004953,C0072,2026-04-19,-57.18,dining,card
T005296,C0076,2026-04-19,-20.95,subscription,direct_debit
T005537,C0079,2026-04-19,-35.89,dining,card
T005606,C0080,2026-04-19,-62.43,groceries,card
T005613,C0080,2026-04-19,-114.92,retail,card
T005929,C0085,2026-04-19,-85.26,utilities,direct_debit
T006026,C0086,2026-04-19,-25.85,subscription,direct_debit
T006246,C0089,2026-04-19,-58.19,retail,card
T006346,C0090,2026-04-19,-53.78,dining,card
T006465,C0092,2026-04-19,-67.17,groceries,card
T006468,C0092,2026-04-19,-16.49,subscription,direct_debit
T006799,C0096,2026-04-19,-21.52,transport,card
T006805,C0096,2026-04-19,-45.66,groceries,card
T006946,C0098,2026-04-19,-134.17,utilities,direct_debit
T007085,C0100,2026-04-19,-42.94,dining,card
T007190,C0103,2026-04-19,-24.32,dining,card
T007360,C0106,2026-04-19,-24.19,transport,card
T007609,C0110,2026-04-19,-98.4,utilities,direct_debit
T007655,C0111,2026-04-19,3546.42,salary,inbound_transfer
T007872,C0114,2026-04-19,-24.11,subscription,direct_debit
T008485,C0124,2026-04-19,-60.32,groceries,card
T008575,C0125,2026-04-19,-37.67,groceries,card
T008743,C0127,2026-04-19,-19.09,transport,card
T008816,C0128,2026-04-19,812.18,salary,inbound_transfer
T009225,C0133,2026-04-19,-13.4,transport,card
T009469,C0136,2026-04-19,-208.79,utilities,direct_debit
T010008,C0145,2026-04-19,-84.32,cash_withdrawal,atm
T010009,C0145,2026-04-19,-187.23,utilities,direct_debit
T010326,C0150,2026-04-19,-16.58,subscription,direct_debit
T010609,C0153,2026-04-19,-25.96,transport,card
T010846,C0156,2026-04-19,-62.67,retail,card
T011319,C0163,2026-04-19,2758.63,salary,inbound_transfer
T011535,C0166,2026-04-19,4037.08,salary,inbound_transfer
T011712,C0168,2026-04-19,-47.51,dining,card
T011823,C0169,2026-04-19,-164.39,utilities,direct_debit
T012136,C0174,2026-04-19,-27.66,transport,card
T012280,C0176,2026-04-19,-13.42,transport,card
T012482,C0179,2026-04-19,-60.55,dining,card
T012485,C0179,2026-04-19,-109.27,retail,card
T012662,C0182,2026-04-19,-73.38,groceries,card
T000609,C0010,2026-04-20,-26.2,groceries,card
T000681,C0011,2026-04-20,-10.65,transport,card
T000892,C0014,2026-04-20,-102.14,retail,card
T000941,C0015,2026-04-20,-41.25,groceries,card
T001247,C0019,2026-04-20,-22.69,cash_withdrawal,atm
T001387,C0021,2026-04-20,-45.3,cash_withdrawal,atm
T001527,C0023,2026-04-20,2637.11,salary,inbound_transfer
T001529,C0023,2026-04-20,-312.21,transfer_out,app_transfer
T001775,C0026,2026-04-20,-26.79,transport,card
T001850,C0027,2026-04-20,-74.88,groceries,card
T001914,C0028,2026-04-20,-277.86,transfer_out,app_transfer
T002006,C0029,2026-04-20,-128.5,retail,card
T002096,C0030,2026-04-20,-74.67,groceries,card
T002250,C0032,2026-04-20,-42.15,dining,card
T002383,C0034,2026-04-20,-32.29,dining,card
T003087,C0045,2026-04-20,-73.9,groceries,card
T003150,C0046,2026-04-20,-20.94,transport,card
T003152,C0046,2026-04-20,-101.53,retail,card
T003227,C0047,2026-04-20,-23.56,transport,card
T003520,C0051,2026-04-20,-346.67,transfer_out,app_transfer
T003620,C0052,2026-04-20,-59.1,dining,card
T004110,C0060,2026-04-20,3484.86,salary,inbound_transfer
T004310,C0063,2026-04-20,-78.1,groceries,card
T004378,C0064,2026-04-20,-40.32,groceries,card
T004381,C0064,2026-04-20,-83.66,groceries,card
T004440,C0065,2026-04-20,-23.35,transport,card
T004582,C0067,2026-04-20,935.22,salary,inbound_transfer
T004592,C0067,2026-04-20,-81.4,utilities,direct_debit
T005024,C0073,2026-04-20,-39.98,dining,card
T005113,C0074,2026-04-20,-31.29,dining,card
T005293,C0076,2026-04-20,-84.92,groceries,card
T005294,C0076,2026-04-20,-332.1,transfer_out,app_transfer
T005295,C0076,2026-04-20,-392.93,transfer_out,app_transfer
T005396,C0077,2026-04-20,-87.96,groceries,card
T005482,C0078,2026-04-20,-27.77,dining,card
T005773,C0082,2026-04-20,1299.05,salary,inbound_transfer
T006342,C0090,2026-04-20,-52.3,groceries,card
T006549,C0093,2026-04-20,-53.82,groceries,card
T006802,C0096,2026-04-20,-49.12,cash_withdrawal,atm
T007185,C0103,2026-04-20,-7.99,transport,card
T007605,C0110,2026-04-20,-25.65,subscription,direct_debit
T007916,C0115,2026-04-20,1316.36,salary,inbound_transfer
T008220,C0119,2026-04-20,-62.24,groceries,card
T008384,C0121,2026-04-20,-5.26,subscription,direct_debit
T008447,C0123,2026-04-20,-20.79,transport,card
T008824,C0128,2026-04-20,-20.83,dining,card
T008966,C0130,2026-04-20,-29.67,groceries,card
T008970,C0130,2026-04-20,-19.43,dining,card
T009042,C0131,2026-04-20,-39.78,retail,card
T009057,C0131,2026-04-20,-36.54,groceries,card
T009221,C0133,2026-04-20,-16.94,groceries,card
T009319,C0134,2026-04-20,-15.06,transport,card
T009322,C0134,2026-04-20,-26.01,retail,card
T009324,C0134,2026-04-20,-31.64,dining,card
T009593,C0138,2026-04-20,-28.4,transport,card
T009657,C0140,2026-04-20,960.32,salary,inbound_transfer
T009823,C0142,2026-04-20,-57.27,groceries,card
T010002,C0145,2026-04-20,-78.4,groceries,card
T010003,C0145,2026-04-20,-60.83,dining,card
T010429,C0151,2026-04-20,-95.92,cash_withdrawal,atm
T010443,C0151,2026-04-20,-180.84,utilities,direct_debit
T010536,C0152,2026-04-20,-107.5,cash_withdrawal,atm
T010687,C0154,2026-04-20,-108.03,transfer_out,app_transfer
T010759,C0155,2026-04-20,-113.59,retail,card
T010761,C0155,2026-04-20,-62.84,utilities,direct_debit
T010762,C0155,2026-04-20,-26.12,transport,card
T010765,C0155,2026-04-20,-12.7,dining,card
T010845,C0156,2026-04-20,-43.12,dining,card
T011050,C0159,2026-04-20,4065.23,salary,inbound_transfer
T011278,C0162,2026-04-20,-24.98,transport,card
T011621,C0167,2026-04-20,-174.27,utilities,direct_debit
T011623,C0167,2026-04-20,-307.48,transfer_out,app_transfer
T012279,C0176,2026-04-20,3339.49,salary,inbound_transfer
T012412,C0178,2026-04-20,-38.79,dining,card
T012413,C0178,2026-04-20,-40.83,dining,card
T012741,C0183,2026-04-20,-35.7,dining,card
T012945,C0186,2026-04-20,-16.41,dining,card
T013014,C0187,2026-04-20,-80.77,groceries,card
T013084,C0188,2026-04-20,3291.9,salary,inbound_transfer
T013364,C0192,2026-04-20,-18.43,transport,card
T013608,C0196,2026-04-20,3515.09,salary,inbound_transfer
T013619,C0196,2026-04-20,-13.24,subscription,direct_debit
T013709,C0197,2026-04-20,-98.72,transfer_out,app_transfer
T013818,C0198,2026-04-20,-12.18,transport,card
T000037,C0001,2026-04-21,-45.85,groceries,card
T000310,C0005,2026-04-21,-48.36,retail,card
T000484,C0008,2026-04-21,-77.45,groceries,card
T000607,C0010,2026-04-21,-41.49,dining,card
T000611,C0010,2026-04-21,-241.04,transfer_out,app_transfer
T000937,C0015,2026-04-21,-101.54,cash_withdrawal,atm
T001007,C0016,2026-04-21,-18.11,groceries,card
T001245,C0019,2026-04-21,-17.34,groceries,card
T001248,C0019,2026-04-21,-91.62,retail,card
T001632,C0024,2026-04-21,-68.75,utilities,direct_debit
T001913,C0028,2026-04-21,-49.81,dining,card
T002318,C0033,2026-04-21,-29.52,transport,card
T002684,C0039,2026-04-21,-96.62,retail,card
T002688,C0039,2026-04-21,-125.66,transfer_out,app_transfer
T002691,C0039,2026-04-21,-10.17,transport,card
T002692,C0039,2026-04-21,-40.23,groceries,card
T002898,C0042,2026-04-21,-23.83,subscription,direct_debit
T002965,C0043,2026-04-21,-36.81,groceries,card
T003083,C0045,2026-04-21,-15.59,subscription,direct_debit
T003142,C0046,2026-04-21,-7.69,transport,card
T003228,C0047,2026-04-21,-200.55,transfer_out,app_transfer
T003230,C0047,2026-04-21,-90.01,utilities,direct_debit
T003412,C0050,2026-04-21,-19.82,groceries,card
T003521,C0051,2026-04-21,-75.18,cash_withdrawal,atm
T003871,C0055,2026-04-21,-23.23,groceries,card
T004376,C0064,2026-04-21,-6.0,transport,card
T004379,C0064,2026-04-21,-247.26,transfer_out,app_transfer
T004506,C0066,2026-04-21,-351.9,transfer_out,app_transfer
T004865,C0071,2026-04-21,-61.02,groceries,card
T004868,C0071,2026-04-21,-104.61,utilities,direct_debit
T004945,C0072,2026-04-21,-33.9,retail,card
T004948,C0072,2026-04-21,-65.55,cash_withdrawal,atm
T005473,C0078,2026-04-21,-53.89,groceries,card
T005481,C0078,2026-04-21,-124.27,utilities,direct_debit
T005538,C0079,2026-04-21,-15.02,subscription,direct_debit
T005778,C0082,2026-04-21,-15.1,subscription,direct_debit
T006144,C0088,2026-04-21,-14.34,subscription,direct_debit
T006251,C0089,2026-04-21,-29.01,groceries,card
T006339,C0090,2026-04-21,792.45,salary,inbound_transfer
T006351,C0090,2026-04-21,-55.79,groceries,card
T006636,C0094,2026-04-21,-22.91,transport,card
T006739,C0095,2026-04-21,-125.43,retail,card
T006938,C0098,2026-04-21,1198.05,salary,inbound_transfer
T007027,C0099,2026-04-21,-14.38,transport,card
T007081,C0100,2026-04-21,-73.17,utilities,direct_debit
T007181,C0103,2026-04-21,2682.18,salary,inbound_transfer
T007257,C0104,2026-04-21,4293.9,salary,inbound_transfer
T007299,C0105,2026-04-21,-40.99,groceries,card
T007823,C0113,2026-04-21,-21.27,subscription,direct_debit
T007868,C0114,2026-04-21,-30.01,groceries,card
T007874,C0114,2026-04-21,-82.55,cash_withdrawal,atm
T007917,C0115,2026-04-21,1251.74,salary,inbound_transfer
T008058,C0117,2026-04-21,832.38,salary,inbound_transfer
T008211,C0119,2026-04-21,916.25,salary,inbound_transfer
T008487,C0124,2026-04-21,-43.14,dining,card
T008973,C0130,2026-04-21,-67.18,cash_withdrawal,atm
T009046,C0131,2026-04-21,-40.77,utilities,direct_debit
T009052,C0131,2026-04-21,-80.81,retail,card
T009054,C0131,2026-04-21,-109.52,retail,card
T009223,C0133,2026-04-21,-47.41,dining,card
T009580,C0138,2026-04-21,3202.5,salary,inbound_transfer
T009586,C0138,2026-04-21,-55.63,groceries,card
T009832,C0142,2026-04-21,-7.97,transport,card
T009922,C0143,2026-04-21,-144.47,utilities,direct_debit
T010264,C0149,2026-04-21,-27.85,transport,card
T010678,C0154,2026-04-21,-80.6,groceries,card
T011055,C0159,2026-04-21,-62.56,groceries,card
T011259,C0162,2026-04-21,1573.67,salary,inbound_transfer
T011538,C0166,2026-04-21,-44.34,retail,card
T011612,C0167,2026-04-21,-19.45,transport,card
T012074,C0173,2026-04-21,4179.56,salary,inbound_transfer
T012075,C0173,2026-04-21,-19.34,transport,card
T012585,C0181,2026-04-21,3533.14,salary,inbound_transfer
T013015,C0187,2026-04-21,-126.9,retail,card
T013515,C0194,2026-04-21,-131.75,utilities,direct_debit
T013555,C0195,2026-04-21,-29.95,transport,card
T013705,C0197,2026-04-21,3284.69,salary,inbound_transfer
T000229,C0004,2026-04-22,-21.64,transport,card
T000373,C0006,2026-04-22,-21.27,transport,card
T000678,C0011,2026-04-22,-8.13,subscription,direct_debit
T000763,C0012,2026-04-22,-116.48,retail,card
T000816,C0013,2026-04-22,918.26,salary,inbound_transfer
T000823,C0013,2026-04-22,-26.29,dining,card
T000935,C0015,2026-04-22,-40.11,dining,card
T001080,C0017,2026-04-22,842.09,salary,inbound_transfer
T001085,C0017,2026-04-22,-91.53,retail,card
T001242,C0019,2026-04-22,-22.86,transport,card
T001385,C0021,2026-04-22,-10.66,subscription,direct_debit
T001769,C0026,2026-04-22,-7.08,transport,card
T001915,C0028,2026-04-22,-82.49,cash_withdrawal,atm
T002101,C0030,2026-04-22,-48.73,groceries,card
T002252,C0032,2026-04-22,-62.22,cash_withdrawal,atm
T002535,C0037,2026-04-22,-28.8,cash_withdrawal,atm
T002807,C0041,2026-04-22,-67.55,groceries,card
T002809,C0041,2026-04-22,-23.21,transport,card
T003331,C0049,2026-04-22,-16.11,dining,card
T003528,C0051,2026-04-22,-69.67,retail,card
T003711,C0053,2026-04-22,-45.07,dining,card
T003716,C0053,2026-04-22,-17.84,groceries,card
T003807,C0054,2026-04-22,-28.96,transport,card
T003961,C0056,2026-04-22,-383.69,transfer_out,app_transfer
T004442,C0065,2026-04-22,-62.3,retail,card
T004508,C0066,2026-04-22,-58.63,dining,card
T004643,C0068,2026-04-22,-324.93,transfer_out,app_transfer
T005121,C0074,2026-04-22,-100.81,retail,card
T005209,C0075,2026-04-22,-59.28,retail,card
T005211,C0075,2026-04-22,-45.5,dining,card
T005539,C0079,2026-04-22,-110.8,retail,card
T005835,C0083,2026-04-22,-5.24,subscription,direct_debit
T006410,C0091,2026-04-22,-28.75,transport,card
T006941,C0098,2026-04-22,-18.88,dining,card
T006949,C0098,2026-04-22,-15.17,subscription,direct_debit
T007436,C0108,2026-04-22,-81.64,groceries,card
T007507,C0109,2026-04-22,-42.18,retail,card
T007606,C0110,2026-04-22,-36.94,retail,card
T007663,C0111,2026-04-22,-59.85,dining,card
T007665,C0111,2026-04-22,-125.21,retail,card
T008570,C0125,2026-04-22,-58.22,retail,card
T009121,C0132,2026-04-22,-105.66,cash_withdrawal,atm
T009127,C0132,2026-04-22,-13.27,dining,card
T009738,C0141,2026-04-22,-95.56,retail,card
T010101,C0146,2026-04-22,-208.38,transfer_out,app_transfer
T010182,C0148,2026-04-22,-17.35,groceries,card
T010266,C0149,2026-04-22,-62.7,groceries,card
T010337,C0150,2026-04-22,-25.13,transport,card
T010428,C0151,2026-04-22,-122.51,retail,card
T010444,C0151,2026-04-22,-37.52,cash_withdrawal,atm
T010607,C0153,2026-04-22,3296.41,salary,inbound_transfer
T010686,C0154,2026-04-22,-28.2,dining,card
T010757,C0155,2026-04-22,-70.19,retail,card
T010996,C0158,2026-04-22,-205.76,utilities,direct_debit
T011000,C0158,2026-04-22,-98.75,retail,card
T011145,C0161,2026-04-22,-126.79,utilities,direct_debit
T011475,C0165,2026-04-22,-177.84,utilities,direct_debit
T012128,C0174,2026-04-22,-52.03,dining,card
T012132,C0174,2026-04-22,-82.0,groceries,card
T012135,C0174,2026-04-22,-9.11,transport,card
T012367,C0177,2026-04-22,-78.09,retail,card
T012411,C0178,2026-04-22,-182.55,utilities,direct_debit
T012588,C0181,2026-04-22,-35.97,dining,card
T012668,C0182,2026-04-22,-163.53,utilities,direct_debit
T012740,C0183,2026-04-22,-26.94,dining,card
T012940,C0186,2026-04-22,-47.34,utilities,direct_debit
T013183,C0189,2026-04-22,-37.39,groceries,card
T013360,C0192,2026-04-22,-25.2,dining,card
T013365,C0192,2026-04-22,-374.14,transfer_out,app_transfer
T013713,C0197,2026-04-22,-232.57,transfer_out,app_transfer
T013804,C0198,2026-04-22,-8.38,transport,card
T000034,C0001,2026-04-23,-59.87,groceries,card
T000369,C0006,2026-04-23,-110.79,utilities,direct_debit
T001087,C0017,2026-04-23,-74.23,retail,card
T001246,C0019,2026-04-23,-71.23,groceries,card
T001250,C0019,2026-04-23,-92.05,utilities,direct_debit
T001383,C0021,2026-04-23,-6.89,transport,card
T001773,C0026,2026-04-23,-49.88,dining,card
T002094,C0030,2026-04-23,-200.43,utilities,direct_debit
T002245,C0032,2026-04-23,-11.45,dining,card
T002384,C0034,2026-04-23,-36.27,retail,card
T002455,C0036,2026-04-23,-37.58,dining,card
T002689,C0039,2026-04-23,-326.37,transfer_out,app_transfer
T002899,C0042,2026-04-23,-90.17,transfer_out,app_transfer
T003322,C0049,2026-04-23,-17.54,transport,card
T003868,C0055,2026-04-23,-325.47,transfer_out,app_transfer
T004059,C0059,2026-04-23,-29.34,dining,card
T004501,C0066,2026-04-23,3262.59,salary,inbound_transfer
T004636,C0068,2026-04-23,-50.17,dining,card
T004727,C0069,2026-04-23,-21.09,subscription,direct_debit
T004871,C0071,2026-04-23,-33.82,groceries,card
T005021,C0073,2026-04-23,-8.35,subscription,direct_debit
T005609,C0080,2026-04-23,-83.65,groceries,card
T006019,C0086,2026-04-23,-62.53,groceries,card
T006021,C0086,2026-04-23,-187.05,utilities,direct_debit
T006145,C0088,2026-04-23,-20.69,subscription,direct_debit
T006337,C0090,2026-04-23,941.14,salary,inbound_transfer
T006338,C0090,2026-04-23,942.08,salary,inbound_transfer
T006350,C0090,2026-04-23,-22.62,transport,card
T007184,C0103,2026-04-23,-44.56,retail,card
T007188,C0103,2026-04-23,-241.88,transfer_out,app_transfer
T007303,C0105,2026-04-23,-13.28,transport,card
T007502,C0109,2026-04-23,-90.3,retail,card
T007611,C0110,2026-04-23,-128.74,retail,card
T007754,C0112,2026-04-23,-81.65,groceries,card
T007819,C0113,2026-04-23,-18.39,transport,card
T008379,C0121,2026-04-23,-333.34,transfer_out,app_transfer
T008742,C0127,2026-04-23,-103.95,utilities,direct_debit
T009051,C0131,2026-04-23,-26.65,transport,card
T009125,C0132,2026-04-23,-24.74,transport,card
T009313,C0134,2026-04-23,-90.22,retail,card
T009588,C0138,2026-04-23,-7.9,transport,card
T010010,C0145,2026-04-23,-122.0,retail,card
T010180,C0148,2026-04-23,-95.79,retail,card
T010325,C0150,2026-04-23,2263.33,salary,inbound_transfer
T010529,C0152,2026-04-23,853.72,salary,inbound_transfer
T010684,C0154,2026-04-23,-77.21,cash_withdrawal,atm
T011150,C0161,2026-04-23,-99.64,retail,card
T011473,C0165,2026-04-23,-13.02,subscription,direct_debit
T011476,C0165,2026-04-23,-59.02,dining,card
T011624,C0167,2026-04-23,-45.9,dining,card
T011710,C0168,2026-04-23,3285.23,salary,inbound_transfer
T011721,C0168,2026-04-23,-51.54,dining,card
T011821,C0169,2026-04-23,-63.94,groceries,card
T012078,C0173,2026-04-23,-26.23,transport,card
T012365,C0177,2026-04-23,945.48,salary,inbound_transfer
T012540,C0180,2026-04-23,-13.9,transport,card
T012660,C0182,2026-04-23,-10.47,transport,card
T012943,C0186,2026-04-23,-60.32,dining,card
T013245,C0190,2026-04-23,-14.5,subscription,direct_debit
T013250,C0190,2026-04-23,-21.91,transport,card
T013252,C0190,2026-04-23,-42.04,dining,card
T013368,C0192,2026-04-23,-81.22,retail,card
T013511,C0194,2026-04-23,-20.12,subscription,direct_debit
T013514,C0194,2026-04-23,-12.45,subscription,direct_debit
T000106,C0002,2026-04-24,4067.38,salary,inbound_transfer
T000550,C0009,2026-04-24,-81.58,groceries,card
T000672,C0011,2026-04-24,3861.62,salary,inbound_transfer
T000684,C0011,2026-04-24,-57.8,groceries,card
T000944,C0015,2026-04-24,-40.58,dining,card
T001622,C0024,2026-04-24,-61.69,retail,card
T001724,C0025,2026-04-24,-45.17,dining,card
T001725,C0025,2026-04-24,-22.67,transport,card
T001847,C0027,2026-04-24,-74.04,groceries,card
T002105,C0030,2026-04-24,-72.39,groceries,card
T002187,C0031,2026-04-24,-18.72,transport,card
T002808,C0041,2026-04-24,-115.84,retail,card
T002897,C0042,2026-04-24,-316.83,transfer_out,app_transfer
T003328,C0049,2026-04-24,-54.42,groceries,card
T003530,C0051,2026-04-24,-57.04,groceries,card
T004227,C0062,2026-04-24,-55.89,dining,card
T004229,C0062,2026-04-24,-129.4,retail,card
T004306,C0063,2026-04-24,4364.93,salary,inbound_transfer
T004515,C0066,2026-04-24,-12.94,dining,card
T004584,C0067,2026-04-24,-24.74,dining,card
T004639,C0068,2026-04-24,-335.45,transfer_out,app_transfer
T005535,C0079,2026-04-24,-67.64,retail,card
T005775,C0082,2026-04-24,1536.97,salary,inbound_transfer
T005776,C0082,2026-04-24,-22.08,dining,card
T006466,C0092,2026-04-24,-34.73,groceries,card
T006470,C0092,2026-04-24,-64.79,retail,card
T006730,C0095,2026-04-24,-35.57,groceries,card
T007300,C0105,2026-04-24,-92.0,retail,card
T007504,C0109,2026-04-24,-20.51,subscription,direct_debit
T007508,C0109,2026-04-24,-25.61,retail,card
T007512,C0109,2026-04-24,-95.17,cash_withdrawal,atm
T007666,C0111,2026-04-24,-101.87,retail,card
T008972,C0130,2026-04-24,-203.34,utilities,direct_debit
T009220,C0133,2026-04-24,-37.67,groceries,card
T009311,C0134,2026-04-24,2079.86,salary,inbound_transfer
T009464,C0136,2026-04-24,-113.8,retail,card
T009467,C0136,2026-04-24,-28.52,dining,card
T009584,C0138,2026-04-24,-203.81,utilities,direct_debit
T009591,C0138,2026-04-24,-200.6,utilities,direct_debit
T009830,C0142,2026-04-24,-22.52,subscription,direct_debit
T010098,C0146,2026-04-24,-46.04,dining,card
T010434,C0151,2026-04-24,-35.24,groceries,card
T010847,C0156,2026-04-24,-39.0,cash_withdrawal,atm
T010852,C0156,2026-04-24,-25.71,transport,card
T011001,C0158,2026-04-24,-103.11,retail,card
T011058,C0159,2026-04-24,-96.68,retail,card
T011615,C0167,2026-04-24,-17.44,subscription,direct_debit
T011895,C0170,2026-04-24,-28.12,groceries,card
T011900,C0170,2026-04-24,-16.86,subscription,direct_debit
T012129,C0174,2026-04-24,-25.79,dining,card
T012666,C0182,2026-04-24,-25.74,groceries,card
T012667,C0182,2026-04-24,-30.44,dining,card
T013092,C0188,2026-04-24,-31.57,dining,card
T013714,C0197,2026-04-24,-24.39,groceries,card
T000228,C0004,2026-04-25,-77.06,cash_withdrawal,atm
T000313,C0005,2026-04-25,-12.95,subscription,direct_debit
T000473,C0008,2026-04-25,-28.4,dining,card
T000676,C0011,2026-04-25,-39.06,dining,card
T000679,C0011,2026-04-25,-16.3,dining,card
T000821,C0013,2026-04-25,-69.66,groceries,card
T000939,C0015,2026-04-25,-24.26,subscription,direct_debit
T001162,C0018,2026-04-25,-47.29,cash_withdrawal,atm
T001163,C0018,2026-04-25,-22.79,subscription,direct_debit
T001454,C0022,2026-04-25,1557.5,salary,inbound_transfer
T001535,C0023,2026-04-25,-313.04,transfer_out,app_transfer
T002249,C0032,2026-04-25,-79.77,utilities,direct_debit
T002769,C0040,2026-04-25,-173.61,transfer_out,app_transfer
T003326,C0049,2026-04-25,-43.4,retail,card
T003329,C0049,2026-04-25,-5.98,transport,card
T003418,C0050,2026-04-25,-20.75,dining,card
T003533,C0051,2026-04-25,-26.14,groceries,card
T004384,C0064,2026-04-25,-48.27,groceries,card
T004511,C0066,2026-04-25,-49.06,dining,card
T004726,C0069,2026-04-25,-28.83,transport,card
T004797,C0070,2026-04-25,-20.22,groceries,card
T004952,C0072,2026-04-25,-49.85,utilities,direct_debit
T005111,C0074,2026-04-25,-22.92,dining,card
T005112,C0074,2026-04-25,-21.68,transport,card
T005115,C0074,2026-04-25,-23.56,groceries,card
T005479,C0078,2026-04-25,-67.15,retail,card
T005528,C0079,2026-04-25,4290.0,salary,inbound_transfer
T005531,C0079,2026-04-25,-10.28,subscription,direct_debit
T005607,C0080,2026-04-25,-15.94,subscription,direct_debit
T005693,C0081,2026-04-25,-20.32,subscription,direct_debit
T006254,C0089,2026-04-25,-74.57,groceries,card
T007030,C0099,2026-04-25,-15.72,transport,card
T007113,C0101,2026-04-25,-33.59,groceries,card
T007997,C0116,2026-04-25,-26.54,groceries,card
T008137,C0118,2026-04-25,890.54,salary,inbound_transfer
T008139,C0118,2026-04-25,-165.65,utilities,direct_debit
T008297,C0120,2026-04-25,-20.54,transport,card
T008749,C0127,2026-04-25,-27.05,transport,card
T008825,C0128,2026-04-25,-62.37,utilities,direct_debit
T009048,C0131,2026-04-25,-23.64,dining,card
T009122,C0132,2026-04-25,-21.65,groceries,card
T009231,C0133,2026-04-25,-80.23,utilities,direct_debit
T009581,C0138,2026-04-25,-15.62,transport,card
T009590,C0138,2026-04-25,-28.24,groceries,card
T009662,C0140,2026-04-25,-200.24,utilities,direct_debit
T009741,C0141,2026-04-25,-46.83,dining,card
T009923,C0143,2026-04-25,-367.08,transfer_out,app_transfer
T010094,C0146,2026-04-25,-77.03,groceries,card
T010174,C0148,2026-04-25,924.08,salary,inbound_transfer
T010177,C0148,2026-04-25,-10.33,transport,card
T010184,C0148,2026-04-25,-26.45,dining,card
T010930,C0157,2026-04-25,-15.27,transport,card
T011153,C0161,2026-04-25,-381.82,transfer_out,app_transfer
T011622,C0167,2026-04-25,-43.33,groceries,card
T011724,C0168,2026-04-25,-89.4,groceries,card
T011889,C0170,2026-04-25,-8.56,subscription,direct_debit
T012134,C0174,2026-04-25,-23.51,transport,card
T012220,C0175,2026-04-25,3078.48,salary,inbound_transfer
T012371,C0177,2026-04-25,-20.3,transport,card
T012483,C0179,2026-04-25,-17.05,dining,card
T012489,C0179,2026-04-25,-45.44,groceries,card
T012587,C0181,2026-04-25,-125.88,transfer_out,app_transfer
T012669,C0182,2026-04-25,-13.51,dining,card
T012739,C0183,2026-04-25,-71.06,groceries,card
T012946,C0186,2026-04-25,-135.3,transfer_out,app_transfer
T013363,C0192,2026-04-25,-30.81,dining,card
T013452,C0193,2026-04-25,-31.12,cash_withdrawal,atm
T013512,C0194,2026-04-25,-107.23,retail,card
T013560,C0195,2026-04-25,-290.88,transfer_out,app_transfer
T013611,C0196,2026-04-25,-75.17,groceries,card
T000363,C0006,2026-04-26,-47.7,dining,card
T000675,C0011,2026-04-26,-68.92,retail,card
T001091,C0017,2026-04-26,-12.48,transport,card
T001456,C0022,2026-04-26,1480.18,salary,inbound_transfer
T001533,C0023,2026-04-26,-41.79,dining,card
T001534,C0023,2026-04-26,-36.0,dining,card
T001633,C0024,2026-04-26,-48.87,dining,card
T001921,C0028,2026-04-26,-8.5,transport,card
T002007,C0029,2026-04-26,-48.23,dining,card
T002184,C0031,2026-04-26,944.64,salary,inbound_transfer
T002542,C0037,2026-04-26,-17.63,groceries,card
T002685,C0039,2026-04-26,-55.35,groceries,card
T002815,C0041,2026-04-26,-13.53,transport,card
T003049,C0044,2026-04-26,-166.12,utilities,direct_debit
T003151,C0046,2026-04-26,-14.42,subscription,direct_debit
T003419,C0050,2026-04-26,-58.89,groceries,card
T004233,C0062,2026-04-26,-13.81,transport,card
T004446,C0065,2026-04-26,-84.33,retail,card
T005023,C0073,2026-04-26,-32.47,dining,card
T005288,C0076,2026-04-26,2364.28,salary,inbound_transfer
T005696,C0081,2026-04-26,-41.63,cash_withdrawal,atm
T005914,C0085,2026-04-26,3695.06,salary,inbound_transfer
T006151,C0088,2026-04-26,-16.39,transport,card
T006252,C0089,2026-04-26,-9.72,transport,card
T006637,C0094,2026-04-26,-25.43,dining,card
T006731,C0095,2026-04-26,-58.04,retail,card
T007434,C0108,2026-04-26,1866.98,salary,inbound_transfer
T008141,C0118,2026-04-26,-350.52,transfer_out,app_transfer
T008658,C0126,2026-04-26,1281.08,salary,inbound_transfer
T008815,C0128,2026-04-26,840.04,salary,inbound_transfer
T009405,C0135,2026-04-26,-84.96,retail,card
T009475,C0136,2026-04-26,-19.38,transport,card
T009739,C0141,2026-04-26,-66.57,retail,card
T010000,C0145,2026-04-26,-362.91,transfer_out,app_transfer
T010006,C0145,2026-04-26,-79.65,groceries,card
T011478,C0165,2026-04-26,-58.46,groceries,card
T011543,C0166,2026-04-26,-180.61,utilities,direct_debit
T012127,C0174,2026-04-26,4125.16,salary,inbound_transfer
T012141,C0174,2026-04-26,-60.37,groceries,card
T012224,C0175,2026-04-26,-96.23,cash_withdrawal,atm
T012293,C0176,2026-04-26,-39.5,dining,card
T012661,C0182,2026-04-26,-11.68,transport,card
T012670,C0182,2026-04-26,-205.39,utilities,direct_debit
T013017,C0187,2026-04-26,-104.77,retail,card
T013359,C0192,2026-04-26,-30.73,groceries,card
T013712,C0197,2026-04-26,-18.85,transport,card
T013913,C0200,2026-04-26,913.51,salary,inbound_transfer
T000033,C0001,2026-04-27,-52.3,dining,card
T000225,C0004,2026-04-27,3690.12,salary,inbound_transfer
T000549,C0009,2026-04-27,2681.91,salary,inbound_transfer
T000561,C0009,2026-04-27,-49.47,utilities,direct_debit
T000943,C0015,2026-04-27,-150.04,utilities,direct_debit
T001010,C0016,2026-04-27,-13.63,dining,card
T001156,C0018,2026-04-27,3136.59,salary,inbound_transfer
T001619,C0024,2026-04-27,-53.93,dining,card
T001620,C0024,2026-04-27,-188.84,utilities,direct_debit
T001625,C0024,2026-04-27,-18.1,groceries,card
T001844,C0027,2026-04-27,-82.62,groceries,card
T001849,C0027,2026-04-27,-15.8,transport,card
T002251,C0032,2026-04-27,-43.09,groceries,card
T002382,C0034,2026-04-27,-52.33,groceries,card
T002533,C0037,2026-04-27,-125.27,retail,card
T002963,C0043,2026-04-27,-24.17,dining,card
T002967,C0043,2026-04-27,-344.25,transfer_out,app_transfer
T003283,C0048,2026-04-27,-16.94,subscription,direct_debit
T003621,C0052,2026-04-27,-97.86,transfer_out,app_transfer
T003622,C0052,2026-04-27,-60.97,utilities,direct_debit
T003713,C0053,2026-04-27,-123.64,retail,card
T003806,C0054,2026-04-27,-51.33,dining,card
T004053,C0059,2026-04-27,1336.87,salary,inbound_transfer
T004060,C0059,2026-04-27,-109.29,transfer_out,app_transfer
T004234,C0062,2026-04-27,-12.52,dining,card
T004504,C0066,2026-04-27,-90.7,retail,card
T004505,C0066,2026-04-27,-12.71,subscription,direct_debit
T004585,C0067,2026-04-27,-233.11,transfer_out,app_transfer
T004638,C0068,2026-04-27,-179.55,transfer_out,app_transfer
T004785,C0070,2026-04-27,3058.17,salary,inbound_transfer
T004792,C0070,2026-04-27,-54.99,groceries,card
T004799,C0070,2026-04-27,-21.95,dining,card
T004949,C0072,2026-04-27,-78.41,cash_withdrawal,atm
T005017,C0073,2026-04-27,-39.74,utilities,direct_debit
T005022,C0073,2026-04-27,-20.62,transport,card
T005120,C0074,2026-04-27,-76.03,utilities,direct_debit
T005289,C0076,2026-04-27,2369.36,salary,inbound_transfer
T005615,C0080,2026-04-27,-18.55,dining,card
T006013,C0086,2026-04-27,824.86,salary,inbound_transfer
T006016,C0086,2026-04-27,-91.94,groceries,card
T006143,C0088,2026-04-27,-17.24,dining,card
T006244,C0089,2026-04-27,2904.97,salary,inbound_transfer
T006349,C0090,2026-04-27,-8.62,subscription,direct_debit
T006800,C0096,2026-04-27,-22.76,transport,card
T006945,C0098,2026-04-27,-51.31,dining,card
T007187,C0103,2026-04-27,-69.66,groceries,card
T007304,C0105,2026-04-27,-86.48,cash_withdrawal,atm
T007510,C0109,2026-04-27,-26.66,groceries,card
T007761,C0112,2026-04-27,-168.3,utilities,direct_debit
T008149,C0118,2026-04-27,-176.35,transfer_out,app_transfer
T008660,C0126,2026-04-27,-50.94,dining,card
T008665,C0126,2026-04-27,-22.12,groceries,card
T008746,C0127,2026-04-27,-186.0,transfer_out,app_transfer
T008818,C0128,2026-04-27,-40.69,groceries,card
T009737,C0141,2026-04-27,3486.46,salary,inbound_transfer
T009740,C0141,2026-04-27,-33.01,dining,card
T010262,C0149,2026-04-27,1365.12,salary,inbound_transfer
T011263,C0162,2026-04-27,-13.89,transport,card
T011718,C0168,2026-04-27,-8.6,subscription,direct_debit
T011720,C0168,2026-04-27,-32.11,groceries,card
T011820,C0169,2026-04-27,-86.86,retail,card
T011970,C0171,2026-04-27,-76.33,groceries,card
T011974,C0171,2026-04-27,-69.77,groceries,card
T012368,C0177,2026-04-27,-43.66,groceries,card
T012665,C0182,2026-04-27,-16.41,dining,card
T012738,C0183,2026-04-27,3803.56,salary,inbound_transfer
T012745,C0183,2026-04-27,-335.13,transfer_out,app_transfer
T013244,C0190,2026-04-27,-58.82,dining,card
T013251,C0190,2026-04-27,-59.04,utilities,direct_debit
T013554,C0195,2026-04-27,977.36,salary,inbound_transfer
T013559,C0195,2026-04-27,-38.47,dining,card
T013810,C0198,2026-04-27,-42.58,groceries,card
T013865,C0199,2026-04-27,-42.06,dining,card
T000040,C0001,2026-04-28,-27.71,groceries,card
T000163,C0003,2026-04-28,-153.12,utilities,direct_debit
T000555,C0009,2026-04-28,-52.56,groceries,card
T000559,C0009,2026-04-28,-99.03,cash_withdrawal,atm
T000560,C0009,2026-04-28,-119.98,retail,card
T000674,C0011,2026-04-28,-27.75,dining,card
T000683,C0011,2026-04-28,-33.09,retail,card
T000759,C0012,2026-04-28,2701.23,salary,inbound_transfer
T000761,C0012,2026-04-28,-50.25,retail,card
T000936,C0015,2026-04-28,-38.64,groceries,card
T000938,C0015,2026-04-28,-165.91,utilities,direct_debit
T000945,C0015,2026-04-28,-20.25,transport,card
T001090,C0017,2026-04-28,-61.33,dining,card
T001338,C0020,2026-04-28,-12.89,dining,card
T001627,C0024,2026-04-28,-41.93,dining,card
T001776,C0026,2026-04-28,-62.94,cash_withdrawal,atm
T001841,C0027,2026-04-28,3666.76,salary,inbound_transfer
T001997,C0029,2026-04-28,-68.63,retail,card
T001999,C0029,2026-04-28,-8.66,transport,card
T002000,C0029,2026-04-28,-39.11,groceries,card
T003523,C0051,2026-04-28,-392.69,transfer_out,app_transfer
T004239,C0062,2026-04-28,-15.26,subscription,direct_debit
T004645,C0068,2026-04-28,-103.05,retail,card
T004787,C0070,2026-04-28,-201.66,utilities,direct_debit
T004789,C0070,2026-04-28,-21.44,transport,card
T004798,C0070,2026-04-28,-61.51,dining,card
T005108,C0074,2026-04-28,-45.25,groceries,card
T005109,C0074,2026-04-28,-94.46,cash_withdrawal,atm
T005199,C0075,2026-04-28,-71.57,groceries,card
T005397,C0077,2026-04-28,-8.12,subscription,direct_debit
T005833,C0083,2026-04-28,-163.37,transfer_out,app_transfer
T005916,C0085,2026-04-28,-44.14,dining,card
T005922,C0085,2026-04-28,-144.2,transfer_out,app_transfer
T006023,C0086,2026-04-28,-50.34,dining,card
T006464,C0092,2026-04-28,-14.74,transport,card
T006809,C0096,2026-04-28,-55.21,dining,card
T006885,C0097,2026-04-28,-37.61,cash_withdrawal,atm
T006939,C0098,2026-04-28,-110.87,retail,card
T007607,C0110,2026-04-28,-31.83,retail,card
T007752,C0112,2026-04-28,-164.86,transfer_out,app_transfer
T007871,C0114,2026-04-28,-192.78,utilities,direct_debit
T008222,C0119,2026-04-28,-55.9,groceries,card
T008448,C0123,2026-04-28,-185.97,transfer_out,app_transfer
T008964,C0130,2026-04-28,1031.27,salary,inbound_transfer
T008969,C0130,2026-04-28,-16.76,transport,card
T008976,C0130,2026-04-28,-24.21,subscription,direct_debit
T009117,C0132,2026-04-28,-66.8,utilities,direct_debit
T009224,C0133,2026-04-28,-71.51,groceries,card
T009230,C0133,2026-04-28,-39.38,groceries,card
T009403,C0135,2026-04-28,-23.32,dining,card
T009404,C0135,2026-04-28,-89.71,retail,card
T009520,C0137,2026-04-28,-46.67,dining,card
T009589,C0138,2026-04-28,-79.8,retail,card
T009594,C0138,2026-04-28,-72.36,groceries,card
T010092,C0146,2026-04-28,-25.04,subscription,direct_debit
T010181,C0148,2026-04-28,-59.71,dining,card
T010336,C0150,2026-04-28,-47.58,groceries,card
T010679,C0154,2026-04-28,-12.54,transport,card
T010760,C0155,2026-04-28,-30.1,groceries,card
T011144,C0161,2026-04-28,4296.09,salary,inbound_transfer
T011152,C0161,2026-04-28,-8.0,transport,card
T011403,C0164,2026-04-28,-249.31,transfer_out,app_transfer
T011537,C0166,2026-04-28,-81.31,groceries,card
T011618,C0167,2026-04-28,-11.85,transport,card
T011619,C0167,2026-04-28,-28.24,dining,card
T012487,C0179,2026-04-28,-74.31,groceries,card
T012848,C0185,2026-04-28,3380.63,salary,inbound_transfer
T013451,C0193,2026-04-28,-18.34,subscription,direct_debit
T013557,C0195,2026-04-28,-34.15,groceries,card
T013814,C0198,2026-04-28,-40.91,groceries,card
T000036,C0001,2026-04-29,-20.87,dining,card
T000227,C0004,2026-04-29,-83.96,groceries,card
T000553,C0009,2026-04-29,-21.64,groceries,card
T000680,C0011,2026-04-29,-80.65,retail,card
T001083,C0017,2026-04-29,-15.66,transport,card
T001239,C0019,2026-04-29,766.16,salary,inbound_transfer
T001996,C0029,2026-04-29,-81.56,groceries,card
T002319,C0033,2026-04-29,-56.09,dining,card
T002458,C0036,2026-04-29,-29.85,dining,card
T003048,C0044,2026-04-29,-21.53,dining,card
T003232,C0047,2026-04-29,-7.91,subscription,direct_debit
T003532,C0051,2026-04-29,-25.95,retail,card
T003619,C0052,2026-04-29,1013.24,salary,inbound_transfer
T003962,C0056,2026-04-29,-49.72,utilities,direct_debit
T004008,C0057,2026-04-29,-19.64,subscription,direct_debit
T004056,C0059,2026-04-29,-42.68,dining,card
T004513,C0066,2026-04-29,-11.52,dining,card
T004646,C0068,2026-04-29,-22.41,subscription,direct_debit
T004796,C0070,2026-04-29,-59.19,retail,card
T004800,C0070,2026-04-29,-27.59,dining,card
T004802,C0070,2026-04-29,-24.23,subscription,direct_debit
T004950,C0072,2026-04-29,-54.52,retail,card
T005018,C0073,2026-04-29,-48.61,dining,card
T005116,C0074,2026-04-29,-64.79,retail,card
T005290,C0076,2026-04-29,-37.35,dining,card
T005478,C0078,2026-04-29,-59.28,retail,card
T005832,C0083,2026-04-29,-89.95,groceries,card
T006024,C0086,2026-04-29,-23.81,transport,card
T006142,C0088,2026-04-29,-42.87,dining,card
T006409,C0091,2026-04-29,3942.0,salary,inbound_transfer
T006550,C0093,2026-04-29,-82.37,groceries,card
T006634,C0094,2026-04-29,-11.3,dining,card
T006640,C0094,2026-04-29,-69.88,groceries,card
T007433,C0108,2026-04-29,1936.55,salary,inbound_transfer
T007608,C0110,2026-04-29,-50.56,retail,card
T007759,C0112,2026-04-29,-74.71,groceries,card
T007922,C0115,2026-04-29,-89.76,groceries,card
T008069,C0117,2026-04-29,-33.47,groceries,card
T008572,C0125,2026-04-29,-14.01,subscription,direct_debit
T008741,C0127,2026-04-29,-75.07,groceries,card
T008821,C0128,2026-04-29,-6.73,transport,card
T009669,C0140,2026-04-29,-9.38,transport,card
T009821,C0142,2026-04-29,-17.48,subscription,direct_debit
T009826,C0142,2026-04-29,-24.51,subscription,direct_debit
T010005,C0145,2026-04-29,-9.18,transport,card
T010272,C0149,2026-04-29,-40.18,dining,card
T010433,C0151,2026-04-29,-304.66,transfer_out,app_transfer
T010683,C0154,2026-04-29,-77.49,utilities,direct_debit
T010927,C0157,2026-04-29,-25.73,subscription,direct_debit
T011149,C0161,2026-04-29,-92.16,groceries,card
T011151,C0161,2026-04-29,-22.34,subscription,direct_debit
T011322,C0163,2026-04-29,-67.83,groceries,card
T012077,C0173,2026-04-29,-24.02,transport,card
T012131,C0174,2026-04-29,-43.36,dining,card
T012225,C0175,2026-04-29,-61.6,dining,card
T012285,C0176,2026-04-29,-80.47,retail,card
T012850,C0185,2026-04-29,-80.87,retail,card
T012858,C0185,2026-04-29,-55.52,groceries,card
T013247,C0190,2026-04-29,-19.76,transport,card
T013617,C0196,2026-04-29,-96.99,retail,card
T013708,C0197,2026-04-29,-98.48,cash_withdrawal,atm
T000481,C0008,2026-04-30,-25.14,groceries,card
T000482,C0008,2026-04-30,-152.63,utilities,direct_debit
T000764,C0012,2026-04-30,-75.57,transfer_out,app_transfer
T000940,C0015,2026-04-30,-52.66,dining,card
T001009,C0016,2026-04-30,-122.06,retail,card
T001241,C0019,2026-04-30,-338.01,transfer_out,app_transfer
T001995,C0029,2026-04-30,3688.6,salary,inbound_transfer
T002683,C0039,2026-04-30,-33.25,dining,card
T002890,C0042,2026-04-30,-114.45,utilities,direct_debit
T003413,C0050,2026-04-30,-21.81,subscription,direct_debit
T003534,C0051,2026-04-30,-42.99,dining,card
T003960,C0056,2026-04-30,-91.79,cash_withdrawal,atm
T004242,C0062,2026-04-30,-58.33,groceries,card
T004373,C0064,2026-04-30,-5.07,subscription,direct_debit
T004437,C0065,2026-04-30,-74.04,groceries,card
T005205,C0075,2026-04-30,-103.12,retail,card
T005207,C0075,2026-04-30,-53.91,dining,card
T006018,C0086,2026-04-30,-87.19,retail,card
T006249,C0089,2026-04-30,-377.43,transfer_out,app_transfer
T006344,C0090,2026-04-30,-25.51,subscription,direct_debit
T006471,C0092,2026-04-30,-97.7,retail,card
T006642,C0094,2026-04-30,-78.4,retail,card
T006733,C0095,2026-04-30,-29.67,transport,card
T006738,C0095,2026-04-30,-39.3,groceries,card
T007511,C0109,2026-04-30,-50.44,cash_withdrawal,atm
T007751,C0112,2026-04-30,-108.05,utilities,direct_debit
T007760,C0112,2026-04-30,-82.5,retail,card
T008070,C0117,2026-04-30,-26.16,dining,card
T008144,C0118,2026-04-30,-105.27,retail,card
T008148,C0118,2026-04-30,-65.95,utilities,direct_debit
T008300,C0120,2026-04-30,-185.87,transfer_out,app_transfer
T008378,C0121,2026-04-30,-69.67,utilities,direct_debit
T008382,C0121,2026-04-30,-10.65,transport,card
T008737,C0127,2026-04-30,-14.12,transport,card
T009055,C0131,2026-04-30,-6.35,transport,card
T009227,C0133,2026-04-30,-171.46,transfer_out,app_transfer
T009316,C0134,2026-04-30,-60.35,retail,card
T009463,C0136,2026-04-30,3349.31,salary,inbound_transfer
T009468,C0136,2026-04-30,-10.04,transport,card
T009521,C0137,2026-04-30,-29.13,retail,card
T010102,C0146,2026-04-30,-18.01,subscription,direct_debit
T010178,C0148,2026-04-30,-40.82,groceries,card
T010263,C0149,2026-04-30,1268.59,salary,inbound_transfer
T010685,C0154,2026-04-30,-264.68,transfer_out,app_transfer
T010849,C0156,2026-04-30,-86.79,utilities,direct_debit
T010851,C0156,2026-04-30,-33.53,cash_withdrawal,atm
T010931,C0157,2026-04-30,-67.96,retail,card
T011006,C0158,2026-04-30,-64.96,groceries,card
T011273,C0162,2026-04-30,-171.22,transfer_out,app_transfer
T011613,C0167,2026-04-30,-20.03,dining,card
T011625,C0167,2026-04-30,-33.23,groceries,card
T011723,C0168,2026-04-30,-47.89,groceries,card
T011893,C0170,2026-04-30,-92.8,retail,card
T012294,C0176,2026-04-30,-25.51,transport,card
T012364,C0177,2026-04-30,780.77,salary,inbound_transfer
T012366,C0177,2026-04-30,990.95,salary,inbound_transfer
T012589,C0181,2026-04-30,-68.13,groceries,card
T012664,C0182,2026-04-30,-162.93,utilities,direct_debit
T013087,C0188,2026-04-30,-32.36,groceries,card
T013093,C0188,2026-04-30,-32.51,groceries,card
T013242,C0190,2026-04-30,3502.74,salary,inbound_transfer
T013513,C0194,2026-04-30,-155.93,utilities,direct_debit
T013614,C0196,2026-04-30,-20.51,subscription,direct_debit
T000112,C0002,2026-05-01,-85.59,groceries,card
T000489,C0008,2026-05-01,-17.02,subscription,direct_debit
T000697,C0011,2026-05-01,-10.0,subscription,direct_debit
T001015,C0016,2026-05-01,-26.23,dining,card
T001394,C0021,2026-05-01,-14.25,transport,card
T001548,C0023,2026-05-01,-110.45,transfer_out,app_transfer
T001787,C0026,2026-05-01,-33.32,dining,card
T002121,C0030,2026-05-01,-121.02,retail,card
T002547,C0037,2026-05-01,-128.99,utilities,direct_debit
T002554,C0037,2026-05-01,-87.5,groceries,card
T002971,C0043,2026-05-01,3529.2,salary,inbound_transfer
T003430,C0050,2026-05-01,-52.21,dining,card
T003435,C0050,2026-05-01,-14.93,subscription,direct_debit
T004010,C0057,2026-05-01,-8.8,subscription,direct_debit
T004316,C0063,2026-05-01,-11.49,transport,card
T004396,C0064,2026-05-01,-81.43,utilities,direct_debit
T004813,C0070,2026-05-01,-89.05,groceries,card
T004816,C0070,2026-05-01,-5.34,subscription,direct_debit
T005216,C0075,2026-05-01,-77.49,groceries,card
T005301,C0076,2026-05-01,-89.7,groceries,card
T005549,C0079,2026-05-01,-27.78,dining,card
T005624,C0080,2026-05-01,-28.5,transport,card
T006163,C0088,2026-05-01,-74.07,groceries,card
T006360,C0090,2026-05-01,-15.06,subscription,direct_debit
T006565,C0093,2026-05-01,-87.25,groceries,card
T006651,C0094,2026-05-01,-22.19,transport,card
T006653,C0094,2026-05-01,-77.72,cash_withdrawal,atm
T006889,C0097,2026-05-01,-24.65,transport,card
T006953,C0098,2026-05-01,-60.75,groceries,card
T007267,C0104,2026-05-01,-84.85,groceries,card
T007516,C0109,2026-05-01,-68.54,groceries,card
T007528,C0109,2026-05-01,-70.52,groceries,card
T008152,C0118,2026-05-01,858.73,salary,inbound_transfer
T008157,C0118,2026-05-01,-205.23,utilities,direct_debit
T008838,C0128,2026-05-01,-38.4,groceries,card
T008906,C0129,2026-05-01,2747.98,salary,inbound_transfer
T009235,C0133,2026-05-01,-89.21,cash_withdrawal,atm
T009325,C0134,2026-05-01,4773.94,salary,inbound_transfer
T009329,C0134,2026-05-01,-58.58,groceries,card
T009674,C0140,2026-05-01,-24.0,transport,card
T010692,C0154,2026-05-01,-14.5,transport,card
T010862,C0156,2026-05-01,-88.69,transfer_out,app_transfer
T011061,C0159,2026-05-01,-21.57,dining,card
T011169,C0161,2026-05-01,-123.93,retail,card
T011333,C0163,2026-05-01,-217.82,transfer_out,app_transfer
T011484,C0165,2026-05-01,-49.85,dining,card
T011548,C0166,2026-05-01,-49.07,utilities,direct_debit
T011628,C0167,2026-05-01,4252.93,salary,inbound_transfer
T012151,C0174,2026-05-01,-33.5,dining,card
T012230,C0175,2026-05-01,-85.61,groceries,card
T012868,C0185,2026-05-01,-11.74,transport,card
T013020,C0187,2026-05-01,-63.77,groceries,card
T013192,C0189,2026-05-01,-44.54,groceries,card
T013827,C0198,2026-05-01,-52.96,dining,card
T000111,C0002,2026-05-02,-86.47,transfer_out,app_transfer
T000113,C0002,2026-05-02,-16.01,subscription,direct_debit
T000233,C0004,2026-05-02,-185.25,transfer_out,app_transfer
T000564,C0009,2026-05-02,-27.48,groceries,card
T000687,C0011,2026-05-02,-84.04,groceries,card
T001011,C0016,2026-05-02,3578.54,salary,inbound_transfer
T001538,C0023,2026-05-02,-6.97,subscription,direct_debit
T001925,C0028,2026-05-02,3310.86,salary,inbound_transfer
T001936,C0028,2026-05-02,-111.78,retail,card
T002632,C0038,2026-05-02,-57.53,dining,card
T002705,C0039,2026-05-02,-269.99,transfer_out,app_transfer
T003631,C0052,2026-05-02,-20.76,subscription,direct_debit
T003810,C0054,2026-05-02,4141.66,salary,inbound_transfer
T003814,C0054,2026-05-02,-53.71,groceries,card
T003877,C0055,2026-05-02,3606.28,salary,inbound_transfer
T003882,C0055,2026-05-02,-266.93,transfer_out,app_transfer
T004258,C0062,2026-05-02,-38.8,retail,card
T004729,C0069,2026-05-02,-68.46,groceries,card
T004733,C0069,2026-05-02,-28.45,transport,card
T004881,C0071,2026-05-02,-8.73,subscription,direct_debit
T004956,C0072,2026-05-02,-21.21,transport,card
T004960,C0072,2026-05-02,-62.33,groceries,card
T005032,C0073,2026-05-02,-200.67,transfer_out,app_transfer
T005708,C0081,2026-05-02,-41.82,groceries,card
T005937,C0085,2026-05-02,-31.3,cash_withdrawal,atm
T006478,C0092,2026-05-02,-30.13,retail,card
T006647,C0094,2026-05-02,-59.62,groceries,card
T007192,C0103,2026-05-02,-29.36,groceries,card
T007305,C0105,2026-05-02,2987.2,salary,inbound_transfer
T007676,C0111,2026-05-02,-22.5,subscription,direct_debit
T007767,C0112,2026-05-02,-23.67,transport,card
T008317,C0120,2026-05-02,-62.02,groceries,card
T008588,C0125,2026-05-02,-135.75,transfer_out,app_transfer
T008836,C0128,2026-05-02,-170.1,utilities,direct_debit
T009137,C0132,2026-05-02,-24.25,groceries,card
T009479,C0136,2026-05-02,-40.85,groceries,card
T009671,C0140,2026-05-02,875.05,salary,inbound_transfer
T010021,C0145,2026-05-02,-43.06,retail,card
T010189,C0148,2026-05-02,-279.21,transfer_out,app_transfer
T010767,C0155,2026-05-02,-19.15,transport,card
T011330,C0163,2026-05-02,-49.76,dining,card
T011335,C0163,2026-05-02,-45.08,dining,card
T011631,C0167,2026-05-02,-46.12,cash_withdrawal,atm
T011739,C0168,2026-05-02,-165.05,transfer_out,app_transfer
T011831,C0169,2026-05-02,-17.59,transport,card
T011838,C0169,2026-05-02,-10.9,subscription,direct_debit
T011903,C0170,2026-05-02,-25.98,retail,card
T011980,C0171,2026-05-02,-93.77,cash_withdrawal,atm
T011982,C0171,2026-05-02,-24.31,groceries,card
T012233,C0175,2026-05-02,-101.99,utilities,direct_debit
T012297,C0176,2026-05-02,-121.26,utilities,direct_debit
T012376,C0177,2026-05-02,795.78,salary,inbound_transfer
T012541,C0180,2026-05-02,-243.21,transfer_out,app_transfer
T012681,C0182,2026-05-02,-257.72,transfer_out,app_transfer
T012752,C0183,2026-05-02,-58.07,groceries,card
T013104,C0188,2026-05-02,-143.49,transfer_out,app_transfer
T013190,C0189,2026-05-02,-41.16,groceries,card
T013622,C0196,2026-05-02,-70.7,groceries,card
T013718,C0197,2026-05-02,2660.08,salary,inbound_transfer
T000044,C0001,2026-05-03,961.77,salary,inbound_transfer
T000230,C0004,2026-05-03,3424.23,salary,inbound_transfer
T000571,C0009,2026-05-03,-59.24,dining,card
T001012,C0016,2026-05-03,-101.9,retail,card
T001260,C0019,2026-05-03,-102.09,transfer_out,app_transfer
T001271,C0019,2026-05-03,-93.18,retail,card
T001636,C0024,2026-05-03,-95.9,cash_withdrawal,atm
T001928,C0028,2026-05-03,-289.76,transfer_out,app_transfer
T002115,C0030,2026-05-03,-8.19,subscription,direct_debit
T002390,C0034,2026-05-03,-30.96,groceries,card
T002701,C0039,2026-05-03,-53.95,dining,card
T002704,C0039,2026-05-03,-48.88,utilities,direct_debit
T002821,C0041,2026-05-03,-66.69,groceries,card
T002980,C0043,2026-05-03,-14.32,transport,card
T003161,C0046,2026-05-03,-15.03,dining,card
T003242,C0047,2026-05-03,-57.54,retail,card
T003880,C0055,2026-05-03,-101.42,retail,card
T003881,C0055,2026-05-03,-41.75,dining,card
T004064,C0059,2026-05-03,-42.9,groceries,card
T004126,C0060,2026-05-03,-349.07,transfer_out,app_transfer
T004127,C0060,2026-05-03,-81.45,groceries,card
T004251,C0062,2026-05-03,-98.02,transfer_out,app_transfer
T004252,C0062,2026-05-03,-280.28,transfer_out,app_transfer
T004254,C0062,2026-05-03,-20.07,dining,card
T004874,C0071,2026-05-03,-58.91,dining,card
T004875,C0071,2026-05-03,-25.89,subscription,direct_debit
T005548,C0079,2026-05-03,-12.6,subscription,direct_debit
T006031,C0086,2026-05-03,-52.81,groceries,card
T006161,C0088,2026-05-03,-22.46,dining,card
T006482,C0092,2026-05-03,-49.36,dining,card
T006744,C0095,2026-05-03,-388.75,transfer_out,app_transfer
T006815,C0096,2026-05-03,-122.27,retail,card
T007364,C0106,2026-05-03,-5.23,subscription,direct_debit
T007674,C0111,2026-05-03,-322.48,transfer_out,app_transfer
T007776,C0112,2026-05-03,-127.15,utilities,direct_debit
T008076,C0117,2026-05-03,-58.91,cash_withdrawal,atm
T008305,C0120,2026-05-03,3988.7,salary,inbound_transfer
T008587,C0125,2026-05-03,-337.31,transfer_out,app_transfer
T009061,C0131,2026-05-03,-59.15,dining,card
T010011,C0145,2026-05-03,2991.42,salary,inbound_transfer
T010698,C0154,2026-05-03,-21.21,transport,card
T010945,C0157,2026-05-03,-14.5,transport,card
T011060,C0159,2026-05-03,4291.66,salary,inbound_transfer
T011160,C0161,2026-05-03,-40.6,dining,card
T011167,C0161,2026-05-03,-56.51,dining,card
T011550,C0166,2026-05-03,-24.08,transport,card
T011740,C0168,2026-05-03,-19.74,groceries,card
T011832,C0169,2026-05-03,-28.9,dining,card
T011905,C0170,2026-05-03,-169.02,transfer_out,app_transfer
T011911,C0170,2026-05-03,-56.31,groceries,card
T012142,C0174,2026-05-03,4321.74,salary,inbound_transfer
T012153,C0174,2026-05-03,-391.34,transfer_out,app_transfer
T012677,C0182,2026-05-03,-350.54,transfer_out,app_transfer
T013259,C0190,2026-05-03,-265.59,transfer_out,app_transfer
T013828,C0198,2026-05-03,-273.96,transfer_out,app_transfer
T000054,C0001,2026-05-04,-21.11,groceries,card
T000835,C0013,2026-05-04,-6.43,transport,card
T002558,C0037,2026-05-04,-10.92,transport,card
T002771,C0040,2026-05-04,-39.74,retail,card
T002816,C0041,2026-05-04,3859.11,salary,inbound_transfer
T002820,C0041,2026-05-04,-80.38,groceries,card
T002904,C0042,2026-05-04,-69.51,groceries,card
T003628,C0052,2026-05-04,-27.39,dining,card
T003720,C0053,2026-05-04,-20.58,dining,card
T004313,C0063,2026-05-04,4213.51,salary,inbound_transfer
T005031,C0073,2026-05-04,-54.7,groceries,card
T005124,C0074,2026-05-04,-11.96,subscription,direct_debit
T005487,C0078,2026-05-04,-58.0,dining,card
T005543,C0079,2026-05-04,-53.33,dining,card
T005550,C0079,2026-05-04,-285.63,transfer_out,app_transfer
T005620,C0080,2026-05-04,-89.06,retail,card
T005629,C0080,2026-05-04,-8.81,subscription,direct_debit
T005704,C0081,2026-05-04,-73.41,transfer_out,app_transfer
T005943,C0085,2026-05-04,-39.74,groceries,card
T006162,C0088,2026-05-04,-75.44,cash_withdrawal,atm
T006257,C0089,2026-05-04,-29.06,dining,card
T006354,C0090,2026-05-04,-31.92,retail,card
T006359,C0090,2026-05-04,-25.33,transport,card
T006652,C0094,2026-05-04,-96.39,transfer_out,app_transfer
T006749,C0095,2026-05-04,-119.83,retail,card
T006954,C0098,2026-05-04,-79.54,groceries,card
T007195,C0103,2026-05-04,-152.54,transfer_out,app_transfer
T007196,C0103,2026-05-04,-265.4,transfer_out,app_transfer
T007200,C0103,2026-05-04,-51.93,groceries,card
T007527,C0109,2026-05-04,-95.91,cash_withdrawal,atm
T007669,C0111,2026-05-04,-51.6,retail,card
T008156,C0118,2026-05-04,-145.08,utilities,direct_debit
T008158,C0118,2026-05-04,-257.68,transfer_out,app_transfer
T008233,C0119,2026-05-04,-54.51,dining,card
T008758,C0127,2026-05-04,-14.17,transport,card
T008839,C0128,2026-05-04,-34.62,groceries,card
T009063,C0131,2026-05-04,-202.87,transfer_out,app_transfer
T009129,C0132,2026-05-04,4570.98,salary,inbound_transfer
T009132,C0132,2026-05-04,-50.2,dining,card
T009234,C0133,2026-05-04,-53.61,retail,card
T009747,C0141,2026-05-04,-18.47,dining,card
T009926,C0143,2026-05-04,-60.98,groceries,card
T010348,C0150,2026-05-04,-39.71,retail,card
T010940,C0157,2026-05-04,-134.02,transfer_out,app_transfer
T011732,C0168,2026-05-04,-27.42,transport,card
T011827,C0169,2026-05-04,-41.33,dining,card
T012085,C0173,2026-05-04,-23.97,subscription,direct_debit
T012144,C0174,2026-05-04,-28.88,groceries,card
T012300,C0176,2026-05-04,-49.55,dining,card
T012495,C0179,2026-05-04,-38.05,dining,card
T012755,C0183,2026-05-04,-50.9,groceries,card
T012756,C0183,2026-05-04,-180.37,utilities,direct_debit
T012864,C0185,2026-05-04,-41.77,cash_withdrawal,atm
T013024,C0187,2026-05-04,-230.78,transfer_out,app_transfer
T013099,C0188,2026-05-04,-23.49,cash_withdrawal,atm
T013267,C0190,2026-05-04,-24.11,dining,card
T013382,C0192,2026-05-04,-221.33,transfer_out,app_transfer
T013384,C0192,2026-05-04,-100.66,utilities,direct_debit
T013826,C0198,2026-05-04,-27.93,cash_withdrawal,atm
T000046,C0001,2026-05-05,-17.55,subscription,direct_debit
T000237,C0004,2026-05-05,-46.19,groceries,card
T000699,C0011,2026-05-05,-82.37,retail,card
T000767,C0012,2026-05-05,-7.52,transport,card
T001169,C0018,2026-05-05,-35.23,groceries,card
T001171,C0018,2026-05-05,-23.29,groceries,card
T001270,C0019,2026-05-05,-78.3,retail,card
T001781,C0026,2026-05-05,-36.61,dining,card
T001786,C0026,2026-05-05,-23.75,subscription,direct_debit
T002110,C0030,2026-05-05,-69.51,groceries,card
T002112,C0030,2026-05-05,-144.79,utilities,direct_debit
T002463,C0036,2026-05-05,-244.12,transfer_out,app_transfer
T002700,C0039,2026-05-05,-109.8,retail,card
T002906,C0042,2026-05-05,-27.26,dining,card
T002973,C0043,2026-05-05,-40.96,retail,card
T003157,C0046,2026-05-05,-25.02,dining,card
T003235,C0047,2026-05-05,3526.4,salary,inbound_transfer
T003243,C0047,2026-05-05,-83.13,retail,card
T003334,C0049,2026-05-05,-37.72,dining,card
T003726,C0053,2026-05-05,-20.85,transport,card
T004061,C0059,2026-05-05,2367.86,salary,inbound_transfer
T004256,C0062,2026-05-05,-47.67,dining,card
T004391,C0064,2026-05-05,-222.68,transfer_out,app_transfer
T004521,C0066,2026-05-05,-13.17,transport,card
T004601,C0067,2026-05-05,-56.92,groceries,card
T005546,C0079,2026-05-05,-83.17,groceries,card
T006033,C0086,2026-05-05,-74.61,groceries,card
T006361,C0090,2026-05-05,-108.31,retail,card
T006475,C0092,2026-05-05,-87.08,groceries,card
T006960,C0098,2026-05-05,-18.85,dining,card
T007771,C0112,2026-05-05,-38.32,dining,card
T008001,C0116,2026-05-05,-8.03,transport,card
T008449,C0123,2026-05-05,-64.42,groceries,card
T008502,C0124,2026-05-05,-81.25,groceries,card
T008757,C0127,2026-05-05,-175.69,transfer_out,app_transfer
T009482,C0136,2026-05-05,-91.64,groceries,card
T009676,C0140,2026-05-05,-131.3,utilities,direct_debit
T009684,C0140,2026-05-05,-77.47,utilities,direct_debit
T009749,C0141,2026-05-05,-282.38,transfer_out,app_transfer
T010186,C0148,2026-05-05,-90.17,retail,card
T010349,C0150,2026-05-05,-281.32,transfer_out,app_transfer
T010451,C0151,2026-05-05,-15.95,subscription,direct_debit
T010693,C0154,2026-05-05,-395.16,transfer_out,app_transfer
T010766,C0155,2026-05-05,4051.23,salary,inbound_transfer
T010768,C0155,2026-05-05,-16.68,transport,card
T010771,C0155,2026-05-05,-155.27,utilities,direct_debit
T010861,C0156,2026-05-05,-38.45,dining,card
T011635,C0167,2026-05-05,-279.86,transfer_out,app_transfer
T011826,C0169,2026-05-05,1353.88,salary,inbound_transfer
T011829,C0169,2026-05-05,-32.29,groceries,card
T012866,C0185,2026-05-05,-68.56,retail,card
T013372,C0192,2026-05-05,-134.88,transfer_out,app_transfer
T013380,C0192,2026-05-05,-12.54,transport,card
T013383,C0192,2026-05-05,-23.27,cash_withdrawal,atm
T000830,C0013,2026-05-06,-176.78,utilities,direct_debit
T001399,C0021,2026-05-06,-14.75,dining,card
T001469,C0022,2026-05-06,-29.9,dining,card
T001639,C0024,2026-05-06,-16.43,transport,card
T002014,C0029,2026-05-06,-36.02,retail,card
T003153,C0046,2026-05-06,2872.98,salary,inbound_transfer
T003431,C0050,2026-05-06,-23.37,transport,card
T003722,C0053,2026-05-06,-54.53,retail,card
T003729,C0053,2026-05-06,-51.28,retail,card
T003888,C0055,2026-05-06,-45.29,dining,card
T004247,C0062,2026-05-06,-59.1,dining,card
T004257,C0062,2026-05-06,-69.21,groceries,card
T004452,C0065,2026-05-06,-18.87,transport,card
T004649,C0068,2026-05-06,-131.24,utilities,direct_debit
T004878,C0071,2026-05-06,-48.67,dining,card
T005029,C0073,2026-05-06,-122.09,retail,card
T005123,C0074,2026-05-06,-41.24,dining,card
T006557,C0093,2026-05-06,1259.7,salary,inbound_transfer
T006643,C0094,2026-05-06,812.12,salary,inbound_transfer
T006650,C0094,2026-05-06,-22.46,groceries,card
T006886,C0097,2026-05-06,987.42,salary,inbound_transfer
T007191,C0103,2026-05-06,2959.31,salary,inbound_transfer
T007363,C0106,2026-05-06,-18.0,transport,card
T007520,C0109,2026-05-06,-209.26,transfer_out,app_transfer
T007681,C0111,2026-05-06,-362.18,transfer_out,app_transfer
T008073,C0117,2026-05-06,-92.09,retail,card
T008385,C0121,2026-05-06,-44.09,dining,card
T008580,C0125,2026-05-06,3137.97,salary,inbound_transfer
T008759,C0127,2026-05-06,-33.73,groceries,card
T009675,C0140,2026-05-06,-55.99,dining,card
T010934,C0157,2026-05-06,4060.96,salary,inbound_transfer
T011159,C0161,2026-05-06,3580.95,salary,inbound_transfer
T011638,C0167,2026-05-06,-8.29,transport,card
T011726,C0168,2026-05-06,-15.56,subscription,direct_debit
T011910,C0170,2026-05-06,-39.32,groceries,card
T011979,C0171,2026-05-06,-77.27,groceries,card
T012682,C0182,2026-05-06,-121.86,utilities,direct_debit
T012949,C0186,2026-05-06,-112.31,retail,card
T012953,C0186,2026-05-06,-13.08,dining,card
T013100,C0188,2026-05-06,-40.39,dining,card
T013628,C0196,2026-05-06,-47.67,dining,card
T000110,C0002,2026-05-07,4019.98,salary,inbound_transfer
T000696,C0011,2026-05-07,-45.48,dining,card
T000769,C0012,2026-05-07,-127.0,retail,card
T000770,C0012,2026-05-07,-46.56,retail,card
T000948,C0015,2026-05-07,-22.02,transport,card
T001096,C0017,2026-05-07,-194.83,transfer_out,app_transfer
T002461,C0036,2026-05-07,-23.08,transport,card
T002825,C0041,2026-05-07,-8.53,subscription,direct_debit
T003421,C0050,2026-05-07,3849.94,salary,inbound_transfer
T003542,C0051,2026-05-07,-20.75,groceries,card
T003813,C0054,2026-05-07,-19.19,dining,card
T003883,C0055,2026-05-07,-48.52,groceries,card
T003965,C0056,2026-05-07,1997.32,salary,inbound_transfer
T004397,C0064,2026-05-07,-23.76,subscription,direct_debit
T004523,C0066,2026-05-07,-28.13,transport,card
T004730,C0069,2026-05-07,-86.12,groceries,card
T005225,C0075,2026-05-07,-85.4,groceries,card
T005300,C0076,2026-05-07,-45.13,dining,card
T005399,C0077,2026-05-07,3248.56,salary,inbound_transfer
T005551,C0079,2026-05-07,-100.01,retail,card
T005628,C0080,2026-05-07,-28.84,transport,card
T005701,C0081,2026-05-07,926.96,salary,inbound_transfer
T005781,C0082,2026-05-07,-48.23,cash_withdrawal,atm
T005945,C0085,2026-05-07,-48.52,retail,card
T006358,C0090,2026-05-07,-27.13,transport,card
T006563,C0093,2026-05-07,-149.17,utilities,direct_debit
T006747,C0095,2026-05-07,-62.14,groceries,card
T006817,C0096,2026-05-07,-59.46,groceries,card
T007526,C0109,2026-05-07,-76.53,groceries,card
T007668,C0111,2026-05-07,3235.33,salary,inbound_transfer
T007928,C0115,2026-05-07,-31.8,dining,card
T008002,C0116,2026-05-07,-6.39,transport,card
T008005,C0116,2026-05-07,-172.37,utilities,direct_debit
T008078,C0117,2026-05-07,-351.53,transfer_out,app_transfer
T008154,C0118,2026-05-07,-114.05,utilities,direct_debit
T008494,C0124,2026-05-07,-25.96,groceries,card
T008582,C0125,2026-05-07,-36.42,groceries,card
T009680,C0140,2026-05-07,-12.29,transport,card
T009835,C0142,2026-05-07,-244.48,transfer_out,app_transfer
T010016,C0145,2026-05-07,-43.92,groceries,card
T010019,C0145,2026-05-07,-39.72,dining,card
T010020,C0145,2026-05-07,-45.44,dining,card
T010546,C0152,2026-05-07,-120.13,retail,card
T010778,C0155,2026-05-07,-23.07,subscription,direct_debit
T010860,C0156,2026-05-07,-49.72,cash_withdrawal,atm
T011008,C0158,2026-05-07,-81.44,groceries,card
T011009,C0158,2026-05-07,-8.34,transport,card
T011336,C0163,2026-05-07,-61.0,dining,card
T011551,C0166,2026-05-07,-55.34,dining,card
T011824,C0169,2026-05-07,1303.02,salary,inbound_transfer
T011836,C0169,2026-05-07,-75.3,utilities,direct_debit
T012543,C0180,2026-05-07,-18.91,transport,card
T012870,C0185,2026-05-07,-29.5,transport,card
T013257,C0190,2026-05-07,-35.64,groceries,card
T013261,C0190,2026-05-07,-120.54,retail,card
T013265,C0190,2026-05-07,-79.22,groceries,card
T013460,C0193,2026-05-07,-250.37,transfer_out,app_transfer
T013630,C0196,2026-05-07,-36.71,dining,card
T013720,C0197,2026-05-07,-58.11,groceries,card
T013867,C0199,2026-05-07,824.85,salary,inbound_transfer
T000049,C0001,2026-05-08,-17.79,transport,card
T000171,C0003,2026-05-08,-111.88,retail,card
T000488,C0008,2026-05-08,-62.73,groceries,card
T000829,C0013,2026-05-08,-35.0,dining,card
T000896,C0014,2026-05-08,-53.15,retail,card
T001401,C0021,2026-05-08,-222.37,transfer_out,app_transfer
T001851,C0027,2026-05-08,-46.93,retail,card
T002194,C0031,2026-05-08,1400.08,salary,inbound_transfer
T002322,C0033,2026-05-08,-21.24,transport,card
T002544,C0037,2026-05-08,4663.15,salary,inbound_transfer
T002549,C0037,2026-05-08,-55.85,dining,card
T002698,C0039,2026-05-08,-5.07,subscription,direct_debit
T002703,C0039,2026-05-08,-55.23,utilities,direct_debit
T002828,C0041,2026-05-08,-82.48,utilities,direct_debit
T003241,C0047,2026-05-08,-30.22,dining,card
T003244,C0047,2026-05-08,-73.88,groceries,card
T004131,C0060,2026-05-08,-34.13,groceries,card
T004132,C0060,2026-05-08,-65.92,groceries,card
T004137,C0060,2026-05-08,-217.58,transfer_out,app_transfer
T004386,C0064,2026-05-08,-66.52,groceries,card
T004880,C0071,2026-05-08,-45.85,retail,card
T004884,C0071,2026-05-08,-45.61,groceries,card
T005034,C0073,2026-05-08,-205.34,transfer_out,app_transfer
T005401,C0077,2026-05-08,-16.6,dining,card
T005540,C0079,2026-05-08,4173.72,salary,inbound_transfer
T005622,C0080,2026-05-08,-18.88,transport,card
T006160,C0088,2026-05-08,-5.6,transport,card
T006957,C0098,2026-05-08,-42.29,groceries,card
T006964,C0098,2026-05-08,-53.03,dining,card
T006967,C0098,2026-05-08,-8.02,transport,card
T007521,C0109,2026-05-08,-33.29,dining,card
T007522,C0109,2026-05-08,-166.84,transfer_out,app_transfer
T007679,C0111,2026-05-08,-65.57,cash_withdrawal,atm
T007774,C0112,2026-05-08,-58.1,dining,card
T007775,C0112,2026-05-08,-231.3,transfer_out,app_transfer
T007926,C0115,2026-05-08,-130.25,retail,card
T008159,C0118,2026-05-08,-141.29,utilities,direct_debit
T008231,C0119,2026-05-08,-37.42,dining,card
T008589,C0125,2026-05-08,-52.42,groceries,card
T008670,C0126,2026-05-08,2099.87,salary,inbound_transfer
T008671,C0126,2026-05-08,-55.32,dining,card
T008755,C0127,2026-05-08,-146.07,transfer_out,app_transfer
T008833,C0128,2026-05-08,-61.37,dining,card
T008842,C0128,2026-05-08,-48.81,groceries,card
T008910,C0129,2026-05-08,-30.86,dining,card
T009327,C0134,2026-05-08,-149.36,utilities,direct_debit
T009328,C0134,2026-05-08,-87.66,retail,card
T009334,C0134,2026-05-08,-82.46,utilities,direct_debit
T009484,C0136,2026-05-08,-67.4,groceries,card
T009527,C0137,2026-05-08,-22.29,transport,card
T009750,C0141,2026-05-08,-36.37,dining,card
T009837,C0142,2026-05-08,-73.12,retail,card
T010012,C0145,2026-05-08,-34.75,groceries,card
T010105,C0146,2026-05-08,-164.45,utilities,direct_debit
T010113,C0146,2026-05-08,-15.94,dining,card
T010454,C0151,2026-05-08,-10.33,transport,card
T011339,C0163,2026-05-08,-82.42,transfer_out,app_transfer
T011343,C0163,2026-05-08,-78.95,cash_withdrawal,atm
T011411,C0164,2026-05-08,-102.32,retail,card
T011555,C0166,2026-05-08,-373.63,transfer_out,app_transfer
T011736,C0168,2026-05-08,-26.38,transport,card
T011912,C0170,2026-05-08,-128.94,utilities,direct_debit
T012149,C0174,2026-05-08,-29.33,groceries,card
T012499,C0179,2026-05-08,-26.65,transport,card
T013097,C0188,2026-05-08,-62.39,cash_withdrawal,atm
T013194,C0189,2026-05-08,-8.73,transport,card
T013196,C0189,2026-05-08,-27.86,transport,card
T013629,C0196,2026-05-08,-68.84,retail,card
T000235,C0004,2026-05-09,-10.65,transport,card
T000315,C0005,2026-05-09,-53.61,groceries,card
T000378,C0006,2026-05-09,-35.4,groceries,card
T000563,C0009,2026-05-09,-64.77,cash_withdrawal,atm
T000566,C0009,2026-05-09,-26.29,dining,card
T000568,C0009,2026-05-09,-72.86,utilities,direct_debit
T000575,C0009,2026-05-09,-16.89,dining,card
T000620,C0010,2026-05-09,-226.27,transfer_out,app_transfer
T001262,C0019,2026-05-09,-51.01,dining,card
T001397,C0021,2026-05-09,-270.14,transfer_out,app_transfer
T001400,C0021,2026-05-09,-72.37,groceries,card
T001645,C0024,2026-05-09,-43.02,groceries,card
T002015,C0029,2026-05-09,-35.34,retail,card
T002108,C0030,2026-05-09,-91.1,groceries,card
T002111,C0030,2026-05-09,-49.52,groceries,card
T002548,C0037,2026-05-09,-13.89,dining,card
T002823,C0041,2026-05-09,-74.59,groceries,card
T002910,C0042,2026-05-09,-51.67,dining,card
T002975,C0043,2026-05-09,-28.27,dining,card
T003163,C0046,2026-05-09,-27.5,retail,card
T003540,C0051,2026-05-09,-67.69,retail,card
T003966,C0056,2026-05-09,2057.41,salary,inbound_transfer
T004654,C0068,2026-05-09,-62.81,groceries,card
T004808,C0070,2026-05-09,-30.24,retail,card
T004887,C0071,2026-05-09,-112.45,retail,card
T005036,C0073,2026-05-09,-15.35,dining,card
T005220,C0075,2026-05-09,-55.43,dining,card
T005308,C0076,2026-05-09,-27.37,transport,card
T005541,C0079,2026-05-09,-78.94,groceries,card
T005709,C0081,2026-05-09,-44.67,groceries,card
T007513,C0109,2026-05-09,2603.36,salary,inbound_transfer
T007671,C0111,2026-05-09,-362.04,transfer_out,app_transfer
T007680,C0111,2026-05-09,-22.96,transport,card
T008000,C0116,2026-05-09,-180.46,utilities,direct_debit
T008071,C0117,2026-05-09,1034.58,salary,inbound_transfer
T008235,C0119,2026-05-09,-12.47,dining,card
T008760,C0127,2026-05-09,-23.41,transport,card
T008982,C0130,2026-05-09,-22.33,transport,card
T009060,C0131,2026-05-09,-43.97,dining,card
T009141,C0132,2026-05-09,-75.8,retail,card
T009746,C0141,2026-05-09,-60.91,retail,card
T009752,C0141,2026-05-09,-17.78,dining,card
T009845,C0142,2026-05-09,-74.43,groceries,card
T010103,C0146,2026-05-09,890.96,salary,inbound_transfer
T010343,C0150,2026-05-09,-19.46,transport,card
T010856,C0156,2026-05-09,-17.52,dining,card
T010859,C0156,2026-05-09,-76.88,groceries,card
T010865,C0156,2026-05-09,-51.4,retail,card
T011283,C0162,2026-05-09,-39.42,retail,card
T011329,C0163,2026-05-09,3121.34,salary,inbound_transfer
T011983,C0171,2026-05-09,-350.82,transfer_out,app_transfer
T012148,C0174,2026-05-09,-69.93,retail,card
T012302,C0176,2026-05-09,-47.21,groceries,card
T012308,C0176,2026-05-09,-32.83,groceries,card
T012863,C0185,2026-05-09,-70.9,groceries,card
T013373,C0192,2026-05-09,-21.85,transport,card
T013620,C0196,2026-05-09,3086.01,salary,inbound_transfer
T013726,C0197,2026-05-09,-47.3,groceries,card
T013727,C0197,2026-05-09,-20.88,transport,card
T013825,C0198,2026-05-09,-37.33,groceries,card
T000045,C0001,2026-05-10,-85.05,cash_withdrawal,atm
T000695,C0011,2026-05-10,-108.62,retail,card
T001258,C0019,2026-05-10,-23.4,dining,card
T001635,C0024,2026-05-10,4130.87,salary,inbound_transfer
T001778,C0026,2026-05-10,4108.6,salary,inbound_transfer
T002388,C0034,2026-05-10,-22.03,dining,card
T002552,C0037,2026-05-10,-50.94,groceries,card
T002709,C0039,2026-05-10,-72.23,retail,card
T003424,C0050,2026-05-10,-88.43,groceries,card
T003434,C0050,2026-05-10,-314.37,transfer_out,app_transfer
T003635,C0052,2026-05-10,-33.39,dining,card
T003732,C0053,2026-05-10,-21.28,dining,card
T003885,C0055,2026-05-10,-182.45,utilities,direct_debit
T005221,C0075,2026-05-10,-8.1,transport,card
T005298,C0076,2026-05-10,1808.11,salary,inbound_transfer
T005299,C0076,2026-05-10,1805.41,salary,inbound_transfer
T005406,C0077,2026-05-10,-51.13,retail,card
T005931,C0085,2026-05-10,3737.19,salary,inbound_transfer
T006265,C0089,2026-05-10,-43.61,groceries,card
T006355,C0090,2026-05-10,-19.62,groceries,card
T006966,C0098,2026-05-10,-35.39,groceries,card
T006968,C0098,2026-05-10,-11.74,transport,card
T007307,C0105,2026-05-10,-382.35,transfer_out,app_transfer
T007517,C0109,2026-05-10,-121.42,retail,card
T007765,C0112,2026-05-10,-52.07,retail,card
T007772,C0112,2026-05-10,-82.37,groceries,card
T007931,C0115,2026-05-10,-39.75,groceries,card
T008310,C0120,2026-05-10,-92.29,groceries,card
T008911,C0129,2026-05-10,-64.93,groceries,card
T008983,C0130,2026-05-10,-23.49,groceries,card
T009134,C0132,2026-05-10,-15.25,transport,card
T009140,C0132,2026-05-10,-25.24,transport,card
T009408,C0135,2026-05-10,-134.36,transfer_out,app_transfer
T009598,C0138,2026-05-10,-67.79,groceries,card
T009751,C0141,2026-05-10,-22.9,groceries,card
T009834,C0142,2026-05-10,-337.16,transfer_out,app_transfer
T010017,C0145,2026-05-10,-23.11,transport,card
T010347,C0150,2026-05-10,-39.69,retail,card
T010543,C0152,2026-05-10,-47.16,retail,card
T010694,C0154,2026-05-10,-23.8,groceries,card
T010864,C0156,2026-05-10,-112.71,utilities,direct_debit
T010939,C0157,2026-05-10,-236.57,transfer_out,app_transfer
T011334,C0163,2026-05-10,-26.52,transport,card
T011629,C0167,2026-05-10,-14.03,dining,card
T011906,C0170,2026-05-10,-99.34,retail,card
T012229,C0175,2026-05-10,-77.72,retail,card
T012298,C0176,2026-05-10,-56.54,dining,card
T012307,C0176,2026-05-10,-90.06,groceries,card
T012593,C0181,2026-05-10,-22.02,groceries,card
T013458,C0193,2026-05-10,-25.89,retail,card
T000236,C0004,2026-05-11,-28.23,transport,card
T000562,C0009,2026-05-11,-78.44,groceries,card
T001092,C0017,2026-05-11,768.05,salary,inbound_transfer
T001102,C0017,2026-05-11,-6.0,transport,card
T001467,C0022,2026-05-11,1482.18,salary,inbound_transfer
T001780,C0026,2026-05-11,-192.23,utilities,direct_debit
T001782,C0026,2026-05-11,-88.32,retail,card
T002392,C0034,2026-05-11,-55.05,cash_withdrawal,atm
T002394,C0034,2026-05-11,-271.28,transfer_out,app_transfer
T002557,C0037,2026-05-11,-102.1,cash_withdrawal,atm
T002633,C0038,2026-05-11,-122.94,retail,card
T003092,C0045,2026-05-11,-144.65,utilities,direct_debit
T003428,C0050,2026-05-11,-55.64,groceries,card
T003724,C0053,2026-05-11,-32.61,cash_withdrawal,atm
T003731,C0053,2026-05-11,-63.76,groceries,card
T003889,C0055,2026-05-11,-48.44,dining,card
T004393,C0064,2026-05-11,-65.27,retail,card
T004728,C0069,2026-05-11,-108.37,utilities,direct_debit
T005033,C0073,2026-05-11,-40.67,retail,card
T005303,C0076,2026-05-11,-25.72,dining,card
T005404,C0077,2026-05-11,-36.43,dining,card
T005407,C0077,2026-05-11,-9.47,transport,card
T005706,C0081,2026-05-11,-43.36,groceries,card
T006357,C0090,2026-05-11,-18.68,dining,card
T006473,C0092,2026-05-11,3963.34,salary,inbound_transfer
T006480,C0092,2026-05-11,-16.26,transport,card
T006559,C0093,2026-05-11,-74.18,retail,card
T006750,C0095,2026-05-11,-25.57,subscription,direct_debit
T007264,C0104,2026-05-11,-276.56,transfer_out,app_transfer
T008226,C0119,2026-05-11,-69.01,groceries,card
T008318,C0120,2026-05-11,-86.24,groceries,card
T008583,C0125,2026-05-11,-200.49,transfer_out,app_transfer
T008830,C0128,2026-05-11,833.89,salary,inbound_transfer
T008841,C0128,2026-05-11,-65.19,retail,card
T008909,C0129,2026-05-11,-12.89,transport,card
T009844,C0142,2026-05-11,-98.24,cash_withdrawal,atm
T010014,C0145,2026-05-11,-54.69,utilities,direct_debit
T010345,C0150,2026-05-11,-64.47,retail,card
T010615,C0153,2026-05-11,-111.11,retail,card
T010776,C0155,2026-05-11,-160.88,utilities,direct_debit
T010857,C0156,2026-05-11,-32.41,groceries,card
T011338,C0163,2026-05-11,-214.28,transfer_out,app_transfer
T011552,C0166,2026-05-11,-66.22,groceries,card
T011828,C0169,2026-05-11,-69.51,cash_withdrawal,atm
T011837,C0169,2026-05-11,-25.29,transport,card
T012498,C0179,2026-05-11,-7.39,transport,card
T012674,C0182,2026-05-11,908.7,salary,inbound_transfer
T013023,C0187,2026-05-11,-75.98,groceries,card
T013096,C0188,2026-05-11,-23.06,subscription,direct_debit
T013191,C0189,2026-05-11,-6.98,transport,card
T013456,C0193,2026-05-11,-6.2,transport,card
T013516,C0194,2026-05-11,-42.32,dining,card
T013625,C0196,2026-05-11,-20.28,subscription,direct_debit
T000834,C0013,2026-05-12,-339.1,transfer_out,app_transfer
T000946,C0015,2026-05-12,991.47,salary,inbound_transfer
T001017,C0016,2026-05-12,-61.11,dining,card
T001174,C0018,2026-05-12,-83.28,groceries,card
T001393,C0021,2026-05-12,-25.49,groceries,card
T001637,C0024,2026-05-12,-48.67,cash_withdrawal,atm
T001855,C0027,2026-05-12,-101.44,retail,card
T002009,C0029,2026-05-12,-12.73,dining,card
T003238,C0047,2026-05-12,-176.91,transfer_out,app_transfer
T003541,C0051,2026-05-12,-15.34,transport,card
T003546,C0051,2026-05-12,-283.2,transfer_out,app_transfer
T004449,C0065,2026-05-12,-321.97,transfer_out,app_transfer
T004528,C0066,2026-05-12,-131.04,retail,card
T004818,C0070,2026-05-12,-98.26,utilities,direct_debit
T005122,C0074,2026-05-12,3700.34,salary,inbound_transfer
T005125,C0074,2026-05-12,-17.41,transport,card
T005127,C0074,2026-05-12,-65.98,groceries,card
T005707,C0081,2026-05-12,-163.48,utilities,direct_debit
T006958,C0098,2026-05-12,-65.14,utilities,direct_debit
T007262,C0104,2026-05-12,-53.23,dining,card
T007268,C0104,2026-05-12,-19.59,transport,card
T007442,C0108,2026-05-12,-84.61,groceries,card
T007824,C0113,2026-05-12,-27.69,transport,card
T007877,C0114,2026-05-12,-13.24,dining,card
T007998,C0116,2026-05-12,3424.92,salary,inbound_transfer
T008223,C0119,2026-05-12,776.4,salary,inbound_transfer
T008586,C0125,2026-05-12,-168.66,utilities,direct_debit
T008590,C0125,2026-05-12,-28.48,transport,card
T008978,C0130,2026-05-12,898.87,salary,inbound_transfer
T009483,C0136,2026-05-12,-311.8,transfer_out,app_transfer
T010107,C0146,2026-05-12,-185.84,utilities,direct_debit
T010193,C0148,2026-05-12,-37.98,groceries,card
T010339,C0150,2026-05-12,1609.59,salary,inbound_transfer
T010341,C0150,2026-05-12,-54.87,cash_withdrawal,atm
T011012,C0158,2026-05-12,-46.26,dining,card
T011170,C0161,2026-05-12,-84.6,retail,card
T011488,C0165,2026-05-12,-78.83,groceries,card
T012084,C0173,2026-05-12,4274.0,salary,inbound_transfer
T012491,C0179,2026-05-12,2789.85,salary,inbound_transfer
T012497,C0179,2026-05-12,-278.85,transfer_out,app_transfer
T012950,C0186,2026-05-12,-46.03,dining,card
T013193,C0189,2026-05-12,-170.57,utilities,direct_debit
T013370,C0192,2026-05-12,960.81,salary,inbound_transfer
T000167,C0003,2026-05-13,-24.08,subscription,direct_debit
T000232,C0004,2026-05-13,-104.07,retail,card
T000619,C0010,2026-05-13,-34.89,retail,card
T000832,C0013,2026-05-13,-74.87,groceries,card
T000950,C0015,2026-05-13,-62.15,groceries,card
T001014,C0016,2026-05-13,-46.89,retail,card
T002114,C0030,2026-05-13,-38.5,retail,card
T002196,C0031,2026-05-13,-86.29,cash_withdrawal,atm
T002321,C0033,2026-05-13,-130.88,retail,card
T002559,C0037,2026-05-13,-113.92,utilities,direct_debit
T002908,C0042,2026-05-13,-124.4,retail,card
T002976,C0043,2026-05-13,-83.57,retail,card
T002978,C0043,2026-05-13,-83.31,utilities,direct_debit
T003239,C0047,2026-05-13,-61.09,dining,card
T003549,C0051,2026-05-13,-21.77,transport,card
T003719,C0053,2026-05-13,-35.59,groceries,card
T003811,C0054,2026-05-13,-21.58,transport,card
T003887,C0055,2026-05-13,-55.77,dining,card
T004249,C0062,2026-05-13,-8.59,subscription,direct_debit
T004315,C0063,2026-05-13,-26.42,groceries,card
T004319,C0063,2026-05-13,-55.7,groceries,card
T004395,C0064,2026-05-13,-38.57,groceries,card
T004453,C0065,2026-05-13,-141.66,utilities,direct_debit
T005215,C0075,2026-05-13,-80.53,cash_withdrawal,atm
T005224,C0075,2026-05-13,-163.33,transfer_out,app_transfer
T005302,C0076,2026-05-13,-41.39,dining,card
T005484,C0078,2026-05-13,996.2,salary,inbound_transfer
T005544,C0079,2026-05-13,-12.36,subscription,direct_debit
T006165,C0088,2026-05-13,-91.26,groceries,card
T006356,C0090,2026-05-13,-61.27,groceries,card
T006416,C0091,2026-05-13,-25.2,retail,card
T006481,C0092,2026-05-13,-42.32,cash_withdrawal,atm
T006564,C0093,2026-05-13,-91.64,groceries,card
T006743,C0095,2026-05-13,-87.6,groceries,card
T006748,C0095,2026-05-13,-42.4,retail,card
T007770,C0112,2026-05-13,-72.19,groceries,card
T007827,C0113,2026-05-13,-16.59,transport,card
T008074,C0117,2026-05-13,-60.94,dining,card
T008224,C0119,2026-05-13,-28.9,dining,card
T008232,C0119,2026-05-13,-66.11,groceries,card
T008498,C0124,2026-05-13,-38.27,dining,card
T008669,C0126,2026-05-13,2152.7,salary,inbound_transfer
T008751,C0127,2026-05-13,3371.22,salary,inbound_transfer
T008981,C0130,2026-05-13,-96.24,retail,card
T009062,C0131,2026-05-13,-24.6,transport,card
T009332,C0134,2026-05-13,-104.95,retail,card
T009336,C0134,2026-05-13,-78.28,retail,card
T010340,C0150,2026-05-13,1552.52,salary,inbound_transfer
T010537,C0152,2026-05-13,1032.9,salary,inbound_transfer
T010541,C0152,2026-05-13,-29.38,groceries,card
T010695,C0154,2026-05-13,-61.16,retail,card
T011010,C0158,2026-05-13,-73.18,utilities,direct_debit
T011011,C0158,2026-05-13,-29.86,transport,card
T011341,C0163,2026-05-13,-68.58,groceries,card
T011406,C0164,2026-05-13,3659.28,salary,inbound_transfer
T012143,C0174,2026-05-13,-39.96,dining,card
T012754,C0183,2026-05-13,-18.45,subscription,direct_debit
T012860,C0185,2026-05-13,3925.94,salary,inbound_transfer
T013264,C0190,2026-05-13,-95.98,cash_withdrawal,atm
T013375,C0192,2026-05-13,-86.68,retail,card
T013462,C0193,2026-05-13,-29.32,transport,card
T013820,C0198,2026-05-13,-206.31,utilities,direct_debit
T013821,C0198,2026-05-13,-11.87,dining,card
T013871,C0199,2026-05-13,-35.1,groceries,card
T000379,C0006,2026-05-14,-114.36,utilities,direct_debit
T000382,C0006,2026-05-14,-25.0,dining,card
T000576,C0009,2026-05-14,-103.81,retail,card
T000617,C0010,2026-05-14,-63.52,groceries,card
T000828,C0013,2026-05-14,883.0,salary,inbound_transfer
T000831,C0013,2026-05-14,-57.06,dining,card
T000895,C0014,2026-05-14,-18.89,transport,card
T001342,C0020,2026-05-14,-85.96,transfer_out,app_transfer
T002017,C0029,2026-05-14,-287.16,transfer_out,app_transfer
T002107,C0030,2026-05-14,4386.14,salary,inbound_transfer
T002119,C0030,2026-05-14,-59.47,dining,card
T002391,C0034,2026-05-14,-12.08,transport,card
T002464,C0036,2026-05-14,-41.03,dining,card
T002702,C0039,2026-05-14,-81.98,retail,card
T002706,C0039,2026-05-14,-17.85,subscription,direct_debit
T003332,C0049,2026-05-14,3098.39,salary,inbound_transfer
T003637,C0052,2026-05-14,-37.83,dining,card
T004125,C0060,2026-05-14,3008.19,salary,inbound_transfer
T004136,C0060,2026-05-14,-121.73,retail,card
T004389,C0064,2026-05-14,-25.06,transport,card
T004399,C0064,2026-05-14,-18.09,transport,card
T004594,C0067,2026-05-14,-102.01,retail,card
T004598,C0067,2026-05-14,-364.65,transfer_out,app_transfer
T005132,C0074,2026-05-14,-25.9,transport,card
T005545,C0079,2026-05-14,-122.07,utilities,direct_debit
T005627,C0080,2026-05-14,-20.72,transport,card
T005711,C0081,2026-05-14,-87.57,cash_withdrawal,atm
T005939,C0085,2026-05-14,-13.1,transport,card
T005942,C0085,2026-05-14,-67.95,cash_withdrawal,atm
T006816,C0096,2026-05-14,-12.28,transport,card
T006891,C0097,2026-05-14,-22.34,transport,card
T006961,C0098,2026-05-14,-99.59,retail,card
T007194,C0103,2026-05-14,-49.48,groceries,card
T007440,C0108,2026-05-14,-87.04,cash_withdrawal,atm
T007524,C0109,2026-05-14,-36.75,retail,card
T007675,C0111,2026-05-14,-74.43,groceries,card
T008072,C0117,2026-05-14,-55.66,dining,card
T008225,C0119,2026-05-14,-23.02,dining,card
T008309,C0120,2026-05-14,-83.57,groceries,card
T008581,C0125,2026-05-14,-40.28,groceries,card
T008835,C0128,2026-05-14,-183.17,utilities,direct_debit
T008913,C0129,2026-05-14,-98.38,retail,card
T009478,C0136,2026-05-14,3387.4,salary,inbound_transfer
T009678,C0140,2026-05-14,-17.42,subscription,direct_debit
T009681,C0140,2026-05-14,-275.25,transfer_out,app_transfer
T010276,C0149,2026-05-14,-59.29,dining,card
T011281,C0162,2026-05-14,-63.3,groceries,card
T011554,C0166,2026-05-14,-74.02,groceries,card
T011636,C0167,2026-05-14,-174.25,transfer_out,app_transfer
T012310,C0176,2026-05-14,-21.86,groceries,card
T012420,C0178,2026-05-14,805.42,salary,inbound_transfer
T012867,C0185,2026-05-14,-73.81,groceries,card
T013098,C0188,2026-05-14,-270.97,transfer_out,app_transfer
T013266,C0190,2026-05-14,-23.49,transport,card
T013461,C0193,2026-05-14,-9.19,transport,card
T000050,C0001,2026-05-15,-89.69,groceries,card
T000051,C0001,2026-05-15,-69.74,cash_withdrawal,atm
T000166,C0003,2026-05-15,-9.51,subscription,direct_debit
T000173,C0003,2026-05-15,-41.42,cash_withdrawal,atm
T000385,C0006,2026-05-15,-11.93,subscription,direct_debit
T000567,C0009,2026-05-15,-29.81,groceries,card
T000692,C0011,2026-05-15,-130.83,utilities,direct_debit
T000773,C0012,2026-05-15,-380.44,transfer_out,app_transfer
T000774,C0012,2026-05-15,-54.05,dining,card
T000949,C0015,2026-05-15,-56.75,dining,card
T001099,C0017,2026-05-15,-19.66,groceries,card
T001269,C0019,2026-05-15,-28.32,transport,card
T001391,C0021,2026-05-15,3678.68,salary,inbound_transfer
T001549,C0023,2026-05-15,-45.61,groceries,card
T001935,C0028,2026-05-15,-38.75,dining,card
T002264,C0032,2026-05-15,-19.61,transport,card
T002389,C0034,2026-05-15,-53.71,dining,card
T002460,C0036,2026-05-15,3778.73,salary,inbound_transfer
T002556,C0037,2026-05-15,-31.13,dining,card
T002630,C0038,2026-05-15,-24.69,subscription,direct_debit
T002818,C0041,2026-05-15,-23.72,dining,card
T003632,C0052,2026-05-15,-25.6,groceries,card
T003723,C0053,2026-05-15,-14.11,transport,card
T004129,C0060,2026-05-15,-89.39,groceries,card
T004388,C0064,2026-05-15,-21.89,transport,card
T004451,C0065,2026-05-15,-324.88,transfer_out,app_transfer
T004454,C0065,2026-05-15,-9.27,transport,card
T004647,C0068,2026-05-15,799.84,salary,inbound_transfer
T004882,C0071,2026-05-15,-44.66,dining,card
T004958,C0072,2026-05-15,-80.66,retail,card
T005840,C0083,2026-05-15,-8.52,subscription,direct_debit
T006256,C0089,2026-05-15,2446.98,salary,inbound_transfer
T006479,C0092,2026-05-15,-78.96,cash_withdrawal,atm
T007193,C0103,2026-05-15,-266.67,transfer_out,app_transfer
T007361,C0106,2026-05-15,-107.32,cash_withdrawal,atm
T007529,C0109,2026-05-15,-19.3,groceries,card
T008075,C0117,2026-05-15,-96.67,cash_withdrawal,atm
T008077,C0117,2026-05-15,-96.56,retail,card
T008314,C0120,2026-05-15,-25.31,subscription,direct_debit
T008834,C0128,2026-05-15,-33.92,dining,card
T009059,C0131,2026-05-15,-61.49,groceries,card
T009755,C0141,2026-05-15,-103.21,utilities,direct_debit
T009843,C0142,2026-05-15,-73.78,groceries,card
T010192,C0148,2026-05-15,-112.67,transfer_out,app_transfer
T010350,C0150,2026-05-15,-26.28,retail,card
T010455,C0151,2026-05-15,-19.13,groceries,card
T010545,C0152,2026-05-15,-92.22,utilities,direct_debit
T010935,C0157,2026-05-15,-43.56,utilities,direct_debit
T011063,C0159,2026-05-15,-6.01,subscription,direct_debit
T011978,C0171,2026-05-15,-147.96,utilities,direct_debit
T011984,C0171,2026-05-15,-76.51,cash_withdrawal,atm
T012228,C0175,2026-05-15,3219.1,salary,inbound_transfer
T012679,C0182,2026-05-15,-136.89,utilities,direct_debit
T013021,C0187,2026-05-15,-8.37,transport,card
T013256,C0190,2026-05-15,-144.35,transfer_out,app_transfer
T013262,C0190,2026-05-15,-19.31,subscription,direct_debit
T013457,C0193,2026-05-15,-208.42,utilities,direct_debit
T013723,C0197,2026-05-15,-236.94,transfer_out,app_transfer
T013872,C0199,2026-05-15,-39.47,groceries,card
T000053,C0001,2026-05-16,-22.3,groceries,card
T000174,C0003,2026-05-16,-30.34,groceries,card
T000388,C0006,2026-05-16,-52.06,dining,card
T000485,C0008,2026-05-16,3407.93,salary,inbound_transfer
T001016,C0016,2026-05-16,-22.79,subscription,direct_debit
T001268,C0019,2026-05-16,-30.03,groceries,card
T001465,C0022,2026-05-16,1269.95,salary,inbound_transfer
T002012,C0029,2026-05-16,-20.09,groceries,card
T002260,C0032,2026-05-16,-102.28,retail,card
T002545,C0037,2026-05-16,-210.83,transfer_out,app_transfer
T002817,C0041,2026-05-16,-40.36,retail,card
T003090,C0045,2026-05-16,1025.67,salary,inbound_transfer
T003341,C0049,2026-05-16,-79.97,utilities,direct_debit
T003437,C0050,2026-05-16,-63.1,retail,card
T003884,C0055,2026-05-16,-54.27,utilities,direct_debit
T004321,C0063,2026-05-16,-37.29,dining,card
T004520,C0066,2026-05-16,-172.13,utilities,direct_debit
T004522,C0066,2026-05-16,-76.64,retail,card
T004525,C0066,2026-05-16,-167.0,utilities,direct_debit
T004890,C0071,2026-05-16,-52.83,utilities,direct_debit
T005623,C0080,2026-05-16,-63.6,retail,card
T006030,C0086,2026-05-16,-91.99,retail,card
T006155,C0088,2026-05-16,-147.94,utilities,direct_debit
T006158,C0088,2026-05-16,-48.02,dining,card
T006266,C0089,2026-05-16,-39.38,dining,card
T006558,C0093,2026-05-16,1356.01,salary,inbound_transfer
T006567,C0093,2026-05-16,-375.87,transfer_out,app_transfer
T006745,C0095,2026-05-16,-57.01,groceries,card
T007365,C0106,2026-05-16,-23.68,subscription,direct_debit
T007523,C0109,2026-05-16,-96.22,retail,card
T007923,C0115,2026-05-16,2696.31,salary,inbound_transfer
T008229,C0119,2026-05-16,-44.68,utilities,direct_debit
T008316,C0120,2026-05-16,-12.83,dining,card
T009131,C0132,2026-05-16,-22.73,dining,card
T009526,C0137,2026-05-16,-134.81,utilities,direct_debit
T009748,C0141,2026-05-16,-24.03,subscription,direct_debit
T010194,C0148,2026-05-16,-12.63,dining,card
T010277,C0149,2026-05-16,-142.21,utilities,direct_debit
T010943,C0157,2026-05-16,-12.81,transport,card
T011163,C0161,2026-05-16,-41.79,groceries,card
T011171,C0161,2026-05-16,-171.96,utilities,direct_debit
T011172,C0161,2026-05-16,-108.96,cash_withdrawal,atm
T011332,C0163,2026-05-16,-30.8,retail,card
T011730,C0168,2026-05-16,-18.87,dining,card
T012086,C0173,2026-05-16,-10.08,subscription,direct_debit
T012146,C0174,2026-05-16,-29.87,dining,card
T012234,C0175,2026-05-16,-283.55,transfer_out,app_transfer
T012492,C0179,2026-05-16,-30.37,transport,card
T012592,C0181,2026-05-16,-191.8,transfer_out,app_transfer
T012757,C0183,2026-05-16,-385.3,transfer_out,app_transfer
T012761,C0183,2026-05-16,-36.56,dining,card
T012865,C0185,2026-05-16,-72.7,groceries,card
T012954,C0186,2026-05-16,-9.88,transport,card
T013103,C0188,2026-05-16,-29.08,transport,card
T013187,C0189,2026-05-16,-18.45,transport,card
T013260,C0190,2026-05-16,-88.77,groceries,card
T013376,C0192,2026-05-16,-19.57,groceries,card
T013725,C0197,2026-05-16,-70.66,groceries,card
T000047,C0001,2026-05-17,-36.97,groceries,card
T000170,C0003,2026-05-17,-30.27,dining,card
T000234,C0004,2026-05-17,-90.37,groceries,card
T000239,C0004,2026-05-17,-17.21,transport,card
T000486,C0008,2026-05-17,-42.65,retail,card
T000573,C0009,2026-05-17,-105.88,cash_withdrawal,atm
T000698,C0011,2026-05-17,-41.24,groceries,card
T000953,C0015,2026-05-17,-18.59,transport,card
T001018,C0016,2026-05-17,-44.19,dining,card
T001539,C0023,2026-05-17,-29.17,transport,card
T001641,C0024,2026-05-17,-56.21,retail,card
T001784,C0026,2026-05-17,-13.67,transport,card
T001933,C0028,2026-05-17,-26.71,transport,card
T002109,C0030,2026-05-17,-43.57,dining,card
T002258,C0032,2026-05-17,3023.48,salary,inbound_transfer
T002387,C0034,2026-05-17,3958.46,salary,inbound_transfer
T002555,C0037,2026-05-17,-20.36,subscription,direct_debit
T002826,C0041,2026-05-17,-106.72,retail,card
T002972,C0043,2026-05-17,-122.96,utilities,direct_debit
T003159,C0046,2026-05-17,-35.78,retail,card
T003246,C0047,2026-05-17,-29.78,dining,card
T003338,C0049,2026-05-17,-65.0,groceries,card
T003543,C0051,2026-05-17,-21.06,subscription,direct_debit
T003728,C0053,2026-05-17,-80.02,retail,card
T003812,C0054,2026-05-17,-24.93,transport,card
T004244,C0062,2026-05-17,2664.85,salary,inbound_transfer
T004447,C0065,2026-05-17,3206.46,salary,inbound_transfer
T004817,C0070,2026-05-17,-55.09,cash_withdrawal,atm
T004879,C0071,2026-05-17,-79.21,transfer_out,app_transfer
T004886,C0071,2026-05-17,-9.78,transport,card
T005126,C0074,2026-05-17,-47.66,cash_withdrawal,atm
T005547,C0079,2026-05-17,-117.88,transfer_out,app_transfer
T005842,C0083,2026-05-17,-29.56,dining,card
T005946,C0085,2026-05-17,-12.47,transport,card
T006164,C0088,2026-05-17,-17.37,dining,card
T006166,C0088,2026-05-17,-47.58,retail,card
T006566,C0093,2026-05-17,-30.46,groceries,card
T007306,C0105,2026-05-17,-18.2,transport,card
T007445,C0108,2026-05-17,-12.15,subscription,direct_debit
T007766,C0112,2026-05-17,-77.53,utilities,direct_debit
T008155,C0118,2026-05-17,-20.74,transport,card
T008591,C0125,2026-05-17,-83.99,groceries,card
T008832,C0128,2026-05-17,-34.2,dining,card
T008980,C0130,2026-05-17,-62.86,groceries,card
T009232,C0133,2026-05-17,4202.95,salary,inbound_transfer
T009337,C0134,2026-05-17,-255.31,transfer_out,app_transfer
T009600,C0138,2026-05-17,-22.77,subscription,direct_debit
T010112,C0146,2026-05-17,-54.02,dining,card
T010446,C0151,2026-05-17,2476.05,salary,inbound_transfer
T010449,C0151,2026-05-17,-51.06,cash_withdrawal,atm
T010544,C0152,2026-05-17,-375.76,transfer_out,app_transfer
T010777,C0155,2026-05-17,-102.58,utilities,direct_debit
T011279,C0162,2026-05-17,-43.96,utilities,direct_debit
T011412,C0164,2026-05-17,-64.83,groceries,card
T011738,C0168,2026-05-17,-114.65,retail,card
T011835,C0169,2026-05-17,-6.02,subscription,direct_debit
T012295,C0176,2026-05-17,3271.82,salary,inbound_transfer
T013019,C0187,2026-05-17,3138.51,salary,inbound_transfer
T013254,C0190,2026-05-17,3355.22,salary,inbound_transfer
T013255,C0190,2026-05-17,-50.81,dining,card
T013627,C0196,2026-05-17,-154.84,utilities,direct_debit
T013719,C0197,2026-05-17,-58.1,retail,card
T013824,C0198,2026-05-17,-134.01,utilities,direct_debit
T000052,C0001,2026-05-18,-42.78,retail,card
T001546,C0023,2026-05-18,-104.37,transfer_out,app_transfer
T002118,C0030,2026-05-18,-10.62,subscription,direct_debit
T002905,C0042,2026-05-18,-26.76,transport,card
T003337,C0049,2026-05-18,-112.72,retail,card
T003339,C0049,2026-05-18,-201.42,utilities,direct_debit
T003627,C0052,2026-05-18,1006.99,salary,inbound_transfer
T003636,C0052,2026-05-18,-18.31,dining,card
T003878,C0055,2026-05-18,-26.87,transport,card
T003890,C0055,2026-05-18,-24.66,groceries,card
T004248,C0062,2026-05-18,-18.84,subscription,direct_debit
T004731,C0069,2026-05-18,-156.02,transfer_out,app_transfer
T005226,C0075,2026-05-18,-56.54,groceries,card
T005619,C0080,2026-05-18,-26.2,dining,card
T005703,C0081,2026-05-18,-17.1,subscription,direct_debit
T006029,C0086,2026-05-18,-75.93,groceries,card
T006477,C0092,2026-05-18,-30.59,retail,card
T007089,C0100,2026-05-18,-60.66,groceries,card
T007263,C0104,2026-05-18,-35.27,retail,card
T007518,C0109,2026-05-18,-22.83,dining,card
T008228,C0119,2026-05-18,-130.45,utilities,direct_debit
T008311,C0120,2026-05-18,-27.17,dining,card
T008499,C0124,2026-05-18,-50.2,dining,card
T008592,C0125,2026-05-18,-54.5,groceries,card
T008753,C0127,2026-05-18,-24.68,retail,card
T008754,C0127,2026-05-18,-89.5,groceries,card
T009846,C0142,2026-05-18,-44.42,retail,card
T010346,C0150,2026-05-18,-30.44,dining,card
T010448,C0151,2026-05-18,-23.23,groceries,card
T010538,C0152,2026-05-18,-20.8,transport,card
T010611,C0153,2026-05-18,3892.01,salary,inbound_transfer
T010689,C0154,2026-05-18,2521.73,salary,inbound_transfer
T010936,C0157,2026-05-18,-68.0,groceries,card
T011013,C0158,2026-05-18,-88.16,groceries,card
T011481,C0165,2026-05-18,-23.58,groceries,card
T011901,C0170,2026-05-18,2918.27,salary,inbound_transfer
T012542,C0180,2026-05-18,-293.36,transfer_out,app_transfer
T012861,C0185,2026-05-18,-48.67,dining,card
T013269,C0190,2026-05-18,-80.56,cash_withdrawal,atm
T013517,C0194,2026-05-18,-130.75,retail,card
T000115,C0002,2026-05-19,-59.57,retail,card
T000240,C0004,2026-05-19,-30.43,cash_withdrawal,atm
T000772,C0012,2026-05-19,-55.11,dining,card
T000833,C0013,2026-05-19,-122.61,retail,card
T001093,C0017,2026-05-19,-83.43,groceries,card
T001098,C0017,2026-05-19,-184.61,utilities,direct_debit
T001170,C0018,2026-05-19,-101.33,cash_withdrawal,atm
T001728,C0025,2026-05-19,-38.71,groceries,card
T001929,C0028,2026-05-19,-41.15,dining,card
T002259,C0032,2026-05-19,-82.33,groceries,card
T002824,C0041,2026-05-19,-17.36,groceries,card
T002979,C0043,2026-05-19,-7.38,subscription,direct_debit
T003423,C0050,2026-05-19,-79.1,groceries,card
T003879,C0055,2026-05-19,-61.88,groceries,card
T004062,C0059,2026-05-19,2229.95,salary,inbound_transfer
T004063,C0059,2026-05-19,-23.31,groceries,card
T004318,C0063,2026-05-19,-72.32,groceries,card
T004450,C0065,2026-05-19,-19.12,subscription,direct_debit
T004809,C0070,2026-05-19,-55.88,dining,card
T004811,C0070,2026-05-19,-44.24,retail,card
T004820,C0070,2026-05-19,-80.49,groceries,card
T005030,C0073,2026-05-19,-113.25,transfer_out,app_transfer
T005218,C0075,2026-05-19,-22.97,groceries,card
T005307,C0076,2026-05-19,-147.43,utilities,direct_debit
T005552,C0079,2026-05-19,-79.38,retail,card
T005932,C0085,2026-05-19,-20.88,subscription,direct_debit
T005934,C0085,2026-05-19,-24.35,dining,card
T006034,C0086,2026-05-19,-273.37,transfer_out,app_transfer
T006154,C0088,2026-05-19,3111.99,salary,inbound_transfer
T006167,C0088,2026-05-19,-13.72,dining,card
T007088,C0100,2026-05-19,-75.2,cash_withdrawal,atm
T007114,C0101,2026-05-19,-172.6,utilities,direct_debit
T007678,C0111,2026-05-19,-118.63,retail,card
T007773,C0112,2026-05-19,-124.11,retail,card
T007925,C0115,2026-05-19,-40.52,groceries,card
T008003,C0116,2026-05-19,-37.78,groceries,card
T008313,C0120,2026-05-19,-50.62,groceries,card
T008500,C0124,2026-05-19,-106.06,cash_withdrawal,atm
T009528,C0137,2026-05-19,-12.81,transport,card
T009839,C0142,2026-05-19,-62.44,groceries,card
T009841,C0142,2026-05-19,-53.98,cash_withdrawal,atm
T009925,C0143,2026-05-19,-15.67,transport,card
T009927,C0143,2026-05-19,-47.1,groceries,card
T010104,C0146,2026-05-19,-84.49,retail,card
T010111,C0146,2026-05-19,-68.79,retail,card
T010114,C0146,2026-05-19,-14.77,subscription,direct_debit
T010456,C0151,2026-05-19,-55.19,dining,card
T010691,C0154,2026-05-19,-65.69,cash_withdrawal,atm
T011007,C0158,2026-05-19,3856.23,salary,inbound_transfer
T011168,C0161,2026-05-19,-127.2,utilities,direct_debit
T011282,C0162,2026-05-19,-10.46,transport,card
T011409,C0164,2026-05-19,-45.26,retail,card
T011486,C0165,2026-05-19,-34.12,dining,card
T011727,C0168,2026-05-19,-44.82,dining,card
T011729,C0168,2026-05-19,-101.38,utilities,direct_debit
T011902,C0170,2026-05-19,-254.37,transfer_out,app_transfer
T011908,C0170,2026-05-19,-42.39,dining,card
T012304,C0176,2026-05-19,-60.25,groceries,card
T012951,C0186,2026-05-19,-102.33,retail,card
T013258,C0190,2026-05-19,-9.4,subscription,direct_debit
T013268,C0190,2026-05-19,-292.46,transfer_out,app_transfer
T013730,C0197,2026-05-19,-38.34,retail,card
T000165,C0003,2026-05-20,2903.51,salary,inbound_transfer
T000691,C0011,2026-05-20,-14.35,transport,card
T000768,C0012,2026-05-20,-11.2,transport,card
T001019,C0016,2026-05-20,-28.11,transport,card
T001097,C0017,2026-05-20,-143.84,utilities,direct_debit
T001256,C0019,2026-05-20,782.58,salary,inbound_transfer
T001392,C0021,2026-05-20,-31.23,dining,card
T001541,C0023,2026-05-20,-50.92,utilities,direct_debit
T002010,C0029,2026-05-20,-69.79,groceries,card
T002016,C0029,2026-05-20,-40.08,cash_withdrawal,atm
T002018,C0029,2026-05-20,-13.06,transport,card
T002116,C0030,2026-05-20,-70.71,groceries,card
T002120,C0030,2026-05-20,-88.03,groceries,card
T002320,C0033,2026-05-20,-65.63,groceries,card
T002629,C0038,2026-05-20,-40.3,retail,card
T002907,C0042,2026-05-20,-20.24,subscription,direct_debit
T002909,C0042,2026-05-20,-74.95,cash_withdrawal,atm
T003240,C0047,2026-05-20,-6.62,subscription,direct_debit
T003718,C0053,2026-05-20,3745.63,salary,inbound_transfer
T003727,C0053,2026-05-20,-9.31,transport,card
T004320,C0063,2026-05-20,-9.54,transport,card
T004517,C0066,2026-05-20,3490.9,salary,inbound_transfer
T004810,C0070,2026-05-20,-72.66,utilities,direct_debit
T004961,C0072,2026-05-20,-49.99,dining,card
T005405,C0077,2026-05-20,-166.32,utilities,direct_debit
T005542,C0079,2026-05-20,-109.38,utilities,direct_debit
T005630,C0080,2026-05-20,-38.39,groceries,card
T005841,C0083,2026-05-20,-47.5,retail,card
T006260,C0089,2026-05-20,-14.43,dining,card
T006476,C0092,2026-05-20,-10.7,subscription,direct_debit
T006649,C0094,2026-05-20,-11.26,dining,card
T006655,C0094,2026-05-20,-8.96,transport,card
T006742,C0095,2026-05-20,4032.09,salary,inbound_transfer
T007033,C0099,2026-05-20,-23.72,dining,card
T007525,C0109,2026-05-20,-39.09,dining,card
T008162,C0118,2026-05-20,-93.9,retail,card
T008234,C0119,2026-05-20,-292.25,transfer_out,app_transfer
T008908,C0129,2026-05-20,-15.98,dining,card
T009130,C0132,2026-05-20,-91.28,transfer_out,app_transfer
T009139,C0132,2026-05-20,-372.29,transfer_out,app_transfer
T009670,C0140,2026-05-20,773.99,salary,inbound_transfer
T009677,C0140,2026-05-20,-349.06,transfer_out,app_transfer
T009754,C0141,2026-05-20,-32.44,dining,card
T010447,C0151,2026-05-20,-79.41,groceries,card
T010452,C0151,2026-05-20,-48.71,dining,card
T010542,C0152,2026-05-20,-80.61,retail,card
T010618,C0153,2026-05-20,-21.04,groceries,card
T010696,C0154,2026-05-20,-121.05,utilities,direct_debit
T010697,C0154,2026-05-20,-76.86,transfer_out,app_transfer
T010944,C0157,2026-05-20,-75.3,retail,card
T011483,C0165,2026-05-20,-50.14,dining,card
T011547,C0166,2026-05-20,4024.52,salary,inbound_transfer
T011553,C0166,2026-05-20,-46.46,retail,card
T011632,C0167,2026-05-20,-42.11,groceries,card
T011639,C0167,2026-05-20,-48.95,dining,card
T011977,C0171,2026-05-20,-14.85,transport,card
T012155,C0174,2026-05-20,-22.06,transport,card
T012374,C0177,2026-05-20,876.87,salary,inbound_transfer
T012494,C0179,2026-05-20,-111.37,retail,card
T012591,C0181,2026-05-20,2776.67,salary,inbound_transfer
T012762,C0183,2026-05-20,-80.61,cash_withdrawal,atm
T013102,C0188,2026-05-20,-24.88,subscription,direct_debit
T013189,C0189,2026-05-20,-52.67,groceries,card
T013633,C0196,2026-05-20,-12.95,dining,card
T013868,C0199,2026-05-20,868.88,salary,inbound_transfer
T000114,C0002,2026-05-21,-39.63,dining,card
T000238,C0004,2026-05-21,-64.38,retail,card
T000241,C0004,2026-05-21,-33.99,dining,card
T000387,C0006,2026-05-21,-365.99,transfer_out,app_transfer
T000565,C0009,2026-05-21,-61.12,groceries,card
T000569,C0009,2026-05-21,-48.17,dining,card
T000572,C0009,2026-05-21,-42.53,dining,card
T000621,C0010,2026-05-21,-15.32,dining,card
T000954,C0015,2026-05-21,-35.32,dining,card
T001095,C0017,2026-05-21,-22.36,groceries,card
T001101,C0017,2026-05-21,-87.81,groceries,card
T001165,C0018,2026-05-21,2675.28,salary,inbound_transfer
T001167,C0018,2026-05-21,-101.67,transfer_out,app_transfer
T001172,C0018,2026-05-21,-86.56,retail,card
T001537,C0023,2026-05-21,3040.95,salary,inbound_transfer
T001640,C0024,2026-05-21,-48.64,dining,card
T001642,C0024,2026-05-21,-127.64,retail,card
T002008,C0029,2026-05-21,3780.11,salary,inbound_transfer
T002122,C0030,2026-05-21,-66.48,retail,card
T002628,C0038,2026-05-21,-267.5,transfer_out,app_transfer
T003333,C0049,2026-05-21,-12.47,transport,card
T003336,C0049,2026-05-21,-56.36,groceries,card
T003425,C0050,2026-05-21,-10.76,transport,card
T003545,C0051,2026-05-21,-85.87,retail,card
T004133,C0060,2026-05-21,-315.04,transfer_out,app_transfer
T004314,C0063,2026-05-21,-25.85,subscription,direct_debit
T004519,C0066,2026-05-21,-98.89,retail,card
T004873,C0071,2026-05-21,1001.53,salary,inbound_transfer
T004883,C0071,2026-05-21,-125.72,retail,card
T005486,C0078,2026-05-21,-77.86,retail,card
T005938,C0085,2026-05-21,-89.5,retail,card
T006264,C0089,2026-05-21,-75.41,retail,card
T006893,C0097,2026-05-21,-17.44,transport,card
T006955,C0098,2026-05-21,-79.14,retail,card
T007199,C0103,2026-05-21,-13.24,transport,card
T007266,C0104,2026-05-21,-348.39,transfer_out,app_transfer
T007768,C0112,2026-05-21,-13.38,transport,card
T007769,C0112,2026-05-21,-18.54,subscription,direct_debit
T008230,C0119,2026-05-21,-69.11,retail,card
T008319,C0120,2026-05-21,-105.89,retail,card
T008584,C0125,2026-05-21,-6.76,transport,card
T008762,C0127,2026-05-21,-7.06,transport,card
T009525,C0137,2026-05-21,-76.53,groceries,card
T009679,C0140,2026-05-21,-40.67,dining,card
T010110,C0146,2026-05-21,-24.57,dining,card
T010187,C0148,2026-05-21,-7.62,subscription,direct_debit
T012154,C0174,2026-05-21,-38.24,dining,card
T012231,C0175,2026-05-21,-54.4,dining,card
T012421,C0178,2026-05-21,-103.7,retail,card
T012675,C0182,2026-05-21,854.37,salary,inbound_transfer
T012751,C0183,2026-05-21,-54.7,cash_withdrawal,atm
T012759,C0183,2026-05-21,-15.51,transport,card
T012760,C0183,2026-05-21,-9.59,transport,card
T012869,C0185,2026-05-21,-80.65,groceries,card
T012948,C0186,2026-05-21,-25.85,transport,card
T013195,C0189,2026-05-21,-11.87,transport,card
T013377,C0192,2026-05-21,-101.0,cash_withdrawal,atm
T013459,C0193,2026-05-21,-59.08,cash_withdrawal,atm
T013873,C0199,2026-05-21,-91.35,cash_withdrawal,atm
T000381,C0006,2026-05-22,-6.51,subscription,direct_debit
T000383,C0006,2026-05-22,-64.08,groceries,card
T000487,C0008,2026-05-22,-17.06,groceries,card
T000622,C0010,2026-05-22,-50.94,groceries,card
T000694,C0011,2026-05-22,-375.09,transfer_out,app_transfer
T000897,C0014,2026-05-22,-92.4,cash_withdrawal,atm
T001259,C0019,2026-05-22,-82.29,groceries,card
T001544,C0023,2026-05-22,-194.93,utilities,direct_debit
T001854,C0027,2026-05-22,-189.47,utilities,direct_debit
T001926,C0028,2026-05-22,-98.04,retail,card
T002261,C0032,2026-05-22,-56.63,retail,card
T002631,C0038,2026-05-22,-103.34,retail,card
T002822,C0041,2026-05-22,-30.27,dining,card
T002982,C0043,2026-05-22,-38.24,retail,card
T003160,C0046,2026-05-22,-39.82,cash_withdrawal,atm
T003340,C0049,2026-05-22,-53.23,dining,card
T004245,C0062,2026-05-22,-99.65,cash_withdrawal,atm
T004317,C0063,2026-05-22,-74.91,retail,card
T004394,C0064,2026-05-22,-26.27,groceries,card
T004804,C0070,2026-05-22,2995.41,salary,inbound_transfer
T004807,C0070,2026-05-22,-86.3,groceries,card
T005028,C0073,2026-05-22,-20.6,dining,card
T005037,C0073,2026-05-22,-108.74,cash_withdrawal,atm
T005933,C0085,2026-05-22,-201.27,transfer_out,app_transfer
T005944,C0085,2026-05-22,-15.46,transport,card
T006556,C0093,2026-05-22,1229.96,salary,inbound_transfer
T006814,C0096,2026-05-22,-10.01,subscription,direct_debit
T006962,C0098,2026-05-22,-31.51,dining,card
T007198,C0103,2026-05-22,-19.4,dining,card
T007261,C0104,2026-05-22,3750.46,salary,inbound_transfer
T007362,C0106,2026-05-22,-272.58,transfer_out,app_transfer
T007444,C0108,2026-05-22,-18.38,transport,card
T007763,C0112,2026-05-22,4033.18,salary,inbound_transfer
T008153,C0118,2026-05-22,-12.65,subscription,direct_debit
T008160,C0118,2026-05-22,-17.37,transport,card
T008675,C0126,2026-05-22,-107.04,retail,card
T008756,C0127,2026-05-22,-25.53,transport,card
T009331,C0134,2026-05-22,-24.21,transport,card
T009838,C0142,2026-05-22,-80.34,retail,card
T009840,C0142,2026-05-22,-24.59,transport,card
T010196,C0148,2026-05-22,-171.42,utilities,direct_debit
T010280,C0149,2026-05-22,-9.12,subscription,direct_debit
T010617,C0153,2026-05-22,-47.23,groceries,card
T010699,C0154,2026-05-22,-311.43,transfer_out,app_transfer
T010775,C0155,2026-05-22,-96.64,utilities,direct_debit
T011725,C0168,2026-05-22,3528.38,salary,inbound_transfer
T011737,C0168,2026-05-22,-17.43,transport,card
T012152,C0174,2026-05-22,-57.13,utilities,direct_debit
T012232,C0175,2026-05-22,-14.36,transport,card
T012956,C0186,2026-05-22,-199.47,utilities,direct_debit
T013624,C0196,2026-05-22,-12.21,subscription,direct_debit
T013626,C0196,2026-05-22,-71.92,groceries,card
T013721,C0197,2026-05-22,-68.97,groceries,card
T000168,C0003,2026-05-23,-184.81,transfer_out,app_transfer
T000894,C0014,2026-05-23,-14.43,transport,card
T001166,C0018,2026-05-23,-123.54,retail,card
T001168,C0018,2026-05-23,-279.42,transfer_out,app_transfer
T001261,C0019,2026-05-23,-91.89,groceries,card
T001263,C0019,2026-05-23,-99.48,retail,card
T001341,C0020,2026-05-23,-26.22,subscription,direct_debit
T001930,C0028,2026-05-23,-41.77,retail,card
T002123,C0030,2026-05-23,-34.81,cash_withdrawal,atm
T002553,C0037,2026-05-23,-29.61,retail,card
T002707,C0039,2026-05-23,-6.31,subscription,direct_debit
T003155,C0046,2026-05-23,-210.3,transfer_out,app_transfer
T003426,C0050,2026-05-23,-17.67,subscription,direct_debit
T003538,C0051,2026-05-23,908.77,salary,inbound_transfer
T003547,C0051,2026-05-23,-189.09,transfer_out,app_transfer
T004128,C0060,2026-05-23,-17.2,groceries,card
T004385,C0064,2026-05-23,2322.47,salary,inbound_transfer
T004595,C0067,2026-05-23,-54.12,dining,card
T004652,C0068,2026-05-23,-24.84,subscription,direct_debit
T004732,C0069,2026-05-23,-30.57,transport,card
T004814,C0070,2026-05-23,-38.72,dining,card
T004962,C0072,2026-05-23,-28.33,dining,card
T005129,C0074,2026-05-23,-102.25,utilities,direct_debit
T005400,C0077,2026-05-23,-85.61,transfer_out,app_transfer
T005702,C0081,2026-05-23,-40.08,dining,card
T005940,C0085,2026-05-23,-60.83,groceries,card
T006263,C0089,2026-05-23,-26.49,transport,card
T006644,C0094,2026-05-23,868.7,salary,inbound_transfer
T006648,C0094,2026-05-23,-32.8,dining,card
T007265,C0104,2026-05-23,-31.21,dining,card
T007366,C0106,2026-05-23,-139.82,utilities,direct_debit
T007441,C0108,2026-05-23,-36.37,cash_withdrawal,atm
T007514,C0109,2026-05-23,-25.45,groceries,card
T007826,C0113,2026-05-23,-94.97,retail,card
T008004,C0116,2026-05-23,-17.44,groceries,card
T008764,C0127,2026-05-23,-284.5,transfer_out,app_transfer
T008828,C0128,2026-05-23,879.27,salary,inbound_transfer
T008907,C0129,2026-05-23,-32.43,dining,card
T009064,C0131,2026-05-23,-32.22,dining,card
T009233,C0133,2026-05-23,-55.64,dining,card
T009330,C0134,2026-05-23,-132.43,utilities,direct_debit
T009410,C0135,2026-05-23,-82.19,retail,card
T009596,C0138,2026-05-23,-19.94,subscription,direct_debit
T009833,C0142,2026-05-23,3384.06,salary,inbound_transfer
T010013,C0145,2026-05-23,-39.79,groceries,card
T010195,C0148,2026-05-23,-20.84,groceries,card
T010774,C0155,2026-05-23,-64.65,retail,card
T010863,C0156,2026-05-23,-45.05,groceries,card
T011165,C0161,2026-05-23,-29.49,groceries,card
T011344,C0163,2026-05-23,-88.94,cash_withdrawal,atm
T011731,C0168,2026-05-23,-61.04,dining,card
T011734,C0168,2026-05-23,-42.97,dining,card
T011833,C0169,2026-05-23,-41.58,groceries,card
T012305,C0176,2026-05-23,-41.22,groceries,card
T013271,C0190,2026-05-23,-129.83,utilities,direct_debit
T000570,C0009,2026-05-24,-35.61,dining,card
T000614,C0010,2026-05-24,3395.56,salary,inbound_transfer
T000775,C0012,2026-05-24,-68.46,retail,card
T000947,C0015,2026-05-24,-75.0,groceries,card
T001013,C0016,2026-05-24,-37.65,groceries,card
T001094,C0017,2026-05-24,-54.71,groceries,card
T001257,C0019,2026-05-24,836.25,salary,inbound_transfer
T001339,C0020,2026-05-24,-61.04,retail,card
T001343,C0020,2026-05-24,-316.87,transfer_out,app_transfer
T001540,C0023,2026-05-24,-263.89,transfer_out,app_transfer
T001543,C0023,2026-05-24,-10.88,subscription,direct_debit
T001783,C0026,2026-05-24,-95.85,retail,card
T001934,C0028,2026-05-24,-87.48,groceries,card
T002013,C0029,2026-05-24,-50.24,retail,card
T002265,C0032,2026-05-24,-279.12,transfer_out,app_transfer
T002465,C0036,2026-05-24,-356.96,transfer_out,app_transfer
T002710,C0039,2026-05-24,-38.24,groceries,card
T003284,C0048,2026-05-24,-44.73,utilities,direct_debit
T003429,C0050,2026-05-24,-12.33,dining,card
T003539,C0051,2026-05-24,946.08,salary,inbound_transfer
T004009,C0057,2026-05-24,-101.17,transfer_out,app_transfer
T004134,C0060,2026-05-24,-48.02,groceries,card
T004653,C0068,2026-05-24,-37.27,dining,card
T004819,C0070,2026-05-24,-112.51,utilities,direct_debit
T004889,C0071,2026-05-24,-33.38,retail,card
T005128,C0074,2026-05-24,-26.16,dining,card
T005133,C0074,2026-05-24,-16.23,dining,card
T005223,C0075,2026-05-24,-13.57,subscription,direct_debit
T006092,C0087,2026-05-24,-22.1,groceries,card
T006159,C0088,2026-05-24,-18.48,transport,card
T006417,C0091,2026-05-24,-36.64,dining,card
T006888,C0097,2026-05-24,-127.05,utilities,direct_debit
T006892,C0097,2026-05-24,-31.35,groceries,card
T007090,C0100,2026-05-24,-21.06,subscription,direct_debit
T007515,C0109,2026-05-24,-42.77,utilities,direct_debit
T007927,C0115,2026-05-24,-52.9,retail,card
T007929,C0115,2026-05-24,-17.0,transport,card
T008307,C0120,2026-05-24,-252.81,transfer_out,app_transfer
T008493,C0124,2026-05-24,-45.91,dining,card
T008585,C0125,2026-05-24,-81.13,groceries,card
T008752,C0127,2026-05-24,-314.28,transfer_out,app_transfer
T008763,C0127,2026-05-24,-356.41,transfer_out,app_transfer
T009236,C0133,2026-05-24,-17.48,subscription,direct_debit
T009595,C0138,2026-05-24,3390.42,salary,inbound_transfer
T009683,C0140,2026-05-24,-13.26,transport,card
T010190,C0148,2026-05-24,-76.66,transfer_out,app_transfer
T010613,C0153,2026-05-24,-131.79,retail,card
T010770,C0155,2026-05-24,-230.52,transfer_out,app_transfer
T010855,C0156,2026-05-24,3099.37,salary,inbound_transfer
T011161,C0161,2026-05-24,-46.73,dining,card
T011166,C0161,2026-05-24,-11.01,transport,card
T011280,C0162,2026-05-24,-92.01,groceries,card
T011337,C0163,2026-05-24,-376.98,transfer_out,app_transfer
T011728,C0168,2026-05-24,-53.06,dining,card
T011825,C0169,2026-05-24,1398.14,salary,inbound_transfer
T012680,C0182,2026-05-24,-15.82,transport,card
T012758,C0183,2026-05-24,-12.9,dining,card
T012862,C0185,2026-05-24,-30.06,groceries,card
T013105,C0188,2026-05-24,-109.35,retail,card
T013623,C0196,2026-05-24,-18.76,dining,card
T013822,C0198,2026-05-24,-41.18,groceries,card
T000231,C0004,2026-05-25,-13.25,subscription,direct_debit
T000316,C0005,2026-05-25,-116.96,retail,card
T000377,C0006,2026-05-25,4359.37,salary,inbound_transfer
T000380,C0006,2026-05-25,-86.74,transfer_out,app_transfer
T000689,C0011,2026-05-25,-80.62,groceries,card
T001020,C0016,2026-05-25,-18.78,transport,card
T001173,C0018,2026-05-25,-53.3,utilities,direct_debit
T001395,C0021,2026-05-25,-129.46,retail,card
T001545,C0023,2026-05-25,-51.57,groceries,card
T001638,C0024,2026-05-25,-56.12,groceries,card
T001643,C0024,2026-05-25,-54.78,groceries,card
T001646,C0024,2026-05-25,-7.14,transport,card
T001779,C0026,2026-05-25,-20.76,dining,card
T001789,C0026,2026-05-25,-81.35,retail,card
T001853,C0027,2026-05-25,-53.33,groceries,card
T001932,C0028,2026-05-25,-117.38,retail,card
T002011,C0029,2026-05-25,-13.74,dining,card
T002117,C0030,2026-05-25,-202.49,utilities,direct_debit
T002912,C0042,2026-05-25,-49.26,groceries,card
T002981,C0043,2026-05-25,-17.44,transport,card
T003091,C0045,2026-05-25,-59.41,dining,card
T003093,C0045,2026-05-25,-10.43,transport,card
T003630,C0052,2026-05-25,-9.24,transport,card
T004387,C0064,2026-05-25,-5.51,subscription,direct_debit
T004526,C0066,2026-05-25,-40.32,retail,card
T005035,C0073,2026-05-25,-185.2,utilities,direct_debit
T006027,C0086,2026-05-25,936.33,salary,inbound_transfer
T006267,C0089,2026-05-25,-22.34,dining,card
T006646,C0094,2026-05-25,-54.15,dining,card
T006812,C0096,2026-05-25,-41.21,dining,card
T006952,C0098,2026-05-25,2392.3,salary,inbound_transfer
T006959,C0098,2026-05-25,-157.74,utilities,direct_debit
T007443,C0108,2026-05-25,-63.85,utilities,direct_debit
T007825,C0113,2026-05-25,-60.95,retail,card
T007930,C0115,2026-05-25,-68.74,retail,card
T008308,C0120,2026-05-25,-20.98,transport,card
T008501,C0124,2026-05-25,-18.33,subscription,direct_debit
T008912,C0129,2026-05-25,-10.06,transport,card
T009333,C0134,2026-05-25,-19.86,groceries,card
T009411,C0135,2026-05-25,-77.59,retail,card
T009524,C0137,2026-05-25,-67.65,retail,card
T009673,C0140,2026-05-25,-18.47,transport,card
T010015,C0145,2026-05-25,-82.85,groceries,card
T010453,C0151,2026-05-25,-29.78,groceries,card
T010858,C0156,2026-05-25,-10.92,transport,card
T010942,C0157,2026-05-25,-77.45,retail,card
T011340,C0163,2026-05-25,-45.09,retail,card
T011482,C0165,2026-05-25,-145.23,utilities,direct_debit
T011485,C0165,2026-05-25,-147.97,utilities,direct_debit
T011634,C0167,2026-05-25,-18.49,subscription,direct_debit
T012306,C0176,2026-05-25,-51.26,retail,card
T012493,C0179,2026-05-25,-387.97,transfer_out,app_transfer
T012753,C0183,2026-05-25,-116.3,transfer_out,app_transfer
T013270,C0190,2026-05-25,-52.94,groceries,card
T013374,C0192,2026-05-25,-8.49,transport,card
T013455,C0193,2026-05-25,3509.58,salary,inbound_transfer
T013866,C0199,2026-05-25,859.91,salary,inbound_transfer
T000618,C0010,2026-05-26,-365.94,transfer_out,app_transfer
T000893,C0014,2026-05-26,-35.14,dining,card
T000951,C0015,2026-05-26,-12.0,subscription,direct_debit
T000952,C0015,2026-05-26,-297.79,transfer_out,app_transfer
T000956,C0015,2026-05-26,-72.32,retail,card
T001100,C0017,2026-05-26,-204.46,transfer_out,app_transfer
T001265,C0019,2026-05-26,-41.94,dining,card
T001466,C0022,2026-05-26,1563.51,salary,inbound_transfer
T002551,C0037,2026-05-26,-48.99,cash_withdrawal,atm
T002827,C0041,2026-05-26,-44.04,groceries,card
T003154,C0046,2026-05-26,-58.86,retail,card
T003816,C0054,2026-05-26,-199.24,transfer_out,app_transfer
T004130,C0060,2026-05-26,-30.43,retail,card
T004253,C0062,2026-05-26,-58.71,retail,card
T004600,C0067,2026-05-26,-57.52,retail,card
T004648,C0068,2026-05-26,-289.69,transfer_out,app_transfer
T004651,C0068,2026-05-26,-42.2,dining,card
T004876,C0071,2026-05-26,-43.59,dining,card
T004888,C0071,2026-05-26,-12.12,subscription,direct_debit
T005027,C0073,2026-05-26,4309.52,salary,inbound_transfer
T005309,C0076,2026-05-26,-61.54,dining,card
T005402,C0077,2026-05-26,-32.43,groceries,card
T006156,C0088,2026-05-26,-84.4,retail,card
T006353,C0090,2026-05-26,1313.78,salary,inbound_transfer
T006562,C0093,2026-05-26,-27.71,transport,card
T006654,C0094,2026-05-26,-59.56,groceries,card
T006746,C0095,2026-05-26,-114.38,utilities,direct_debit
T006890,C0097,2026-05-26,-43.6,dining,card
T007876,C0114,2026-05-26,-67.81,groceries,card
T008161,C0118,2026-05-26,-168.57,transfer_out,app_transfer
T008497,C0124,2026-05-26,-17.51,groceries,card
T008674,C0126,2026-05-26,-66.4,cash_withdrawal,atm
T008829,C0128,2026-05-26,777.4,salary,inbound_transfer
T009058,C0131,2026-05-26,-35.35,retail,card
T009138,C0132,2026-05-26,-56.97,cash_withdrawal,atm
T009597,C0138,2026-05-26,-9.76,subscription,direct_debit
T009682,C0140,2026-05-26,-48.52,groceries,card
T010108,C0146,2026-05-26,-14.19,subscription,direct_debit
T010278,C0149,2026-05-26,-12.21,transport,card
T010539,C0152,2026-05-26,-25.04,groceries,card
T010700,C0154,2026-05-26,-272.34,transfer_out,app_transfer
T010769,C0155,2026-05-26,-63.76,groceries,card
T010773,C0155,2026-05-26,-19.5,transport,card
T010937,C0157,2026-05-26,-6.48,subscription,direct_debit
T010941,C0157,2026-05-26,-107.79,retail,card
T011410,C0164,2026-05-26,-49.53,dining,card
T011414,C0164,2026-05-26,-391.42,transfer_out,app_transfer
T011487,C0165,2026-05-26,-61.3,retail,card
T011909,C0170,2026-05-26,-21.4,transport,card
T012301,C0176,2026-05-26,-19.54,dining,card
T012496,C0179,2026-05-26,-26.61,transport,card
T013095,C0188,2026-05-26,4211.34,salary,inbound_transfer
T013263,C0190,2026-05-26,-21.81,groceries,card
T013631,C0196,2026-05-26,-8.66,transport,card
T013724,C0197,2026-05-26,-21.6,dining,card
T013728,C0197,2026-05-26,-57.44,groceries,card
T000172,C0003,2026-05-27,-189.37,utilities,direct_debit
T000384,C0006,2026-05-27,-50.67,dining,card
T000771,C0012,2026-05-27,-36.9,groceries,card
T001264,C0019,2026-05-27,-7.21,transport,card
T001267,C0019,2026-05-27,-34.29,groceries,card
T001396,C0021,2026-05-27,-15.0,transport,card
T001468,C0022,2026-05-27,-192.63,utilities,direct_debit
T001727,C0025,2026-05-27,-13.0,subscription,direct_debit
T001785,C0026,2026-05-27,-44.41,cash_withdrawal,atm
T001788,C0026,2026-05-27,-16.52,transport,card
T001852,C0027,2026-05-27,-12.18,subscription,direct_debit
T002113,C0030,2026-05-27,-30.03,transport,card
T002193,C0031,2026-05-27,1353.16,salary,inbound_transfer
T002263,C0032,2026-05-27,-42.27,groceries,card
T002699,C0039,2026-05-27,-31.94,retail,card
T002914,C0042,2026-05-27,-21.67,dining,card
T003245,C0047,2026-05-27,-99.94,retail,card
T003335,C0049,2026-05-27,-51.47,dining,card
T003342,C0049,2026-05-27,-50.4,utilities,direct_debit
T003422,C0050,2026-05-27,-26.72,dining,card
T003544,C0051,2026-05-27,-59.42,dining,card
T003815,C0054,2026-05-27,-116.87,retail,card
T004246,C0062,2026-05-27,-6.89,transport,card
T004255,C0062,2026-05-27,-10.25,subscription,direct_debit
T004390,C0064,2026-05-27,-94.25,cash_withdrawal,atm
T004398,C0064,2026-05-27,-48.6,dining,card
T004448,C0065,2026-05-27,-7.78,subscription,direct_debit
T004815,C0070,2026-05-27,-12.95,dining,card
T005130,C0074,2026-05-27,-21.29,dining,card
T005213,C0075,2026-05-27,852.59,salary,inbound_transfer
T006032,C0086,2026-05-27,-185.75,transfer_out,app_transfer
T006157,C0088,2026-05-27,-393.24,transfer_out,app_transfer
T006259,C0089,2026-05-27,-84.92,cash_withdrawal,atm
T006261,C0089,2026-05-27,-78.61,retail,card
T006352,C0090,2026-05-27,1444.27,salary,inbound_transfer
T006483,C0092,2026-05-27,-48.28,groceries,card
T006560,C0093,2026-05-27,-38.45,groceries,card
T006811,C0096,2026-05-27,4330.78,salary,inbound_transfer
T006965,C0098,2026-05-27,-16.06,dining,card
T007764,C0112,2026-05-27,-30.56,dining,card
T008227,C0119,2026-05-27,-110.33,utilities,direct_debit
T008495,C0124,2026-05-27,-88.36,groceries,card
T008496,C0124,2026-05-27,-32.46,dining,card
T009135,C0132,2026-05-27,-88.2,groceries,card
T009836,C0142,2026-05-27,-52.8,cash_withdrawal,atm
T010106,C0146,2026-05-27,-54.53,dining,card
T010281,C0149,2026-05-27,-42.02,dining,card
T010338,C0150,2026-05-27,1472.45,salary,inbound_transfer
T010342,C0150,2026-05-27,-10.03,transport,card
T010540,C0152,2026-05-27,-110.39,utilities,direct_debit
T010612,C0153,2026-05-27,-64.08,cash_withdrawal,atm
T011342,C0163,2026-05-27,-101.43,cash_withdrawal,atm
T011408,C0164,2026-05-27,-80.55,groceries,card
T011413,C0164,2026-05-27,-357.63,transfer_out,app_transfer
T011733,C0168,2026-05-27,-332.47,transfer_out,app_transfer
T011834,C0169,2026-05-27,-118.3,retail,card
T011976,C0171,2026-05-27,958.1,salary,inbound_transfer
T011981,C0171,2026-05-27,-23.44,groceries,card
T012309,C0176,2026-05-27,-18.5,subscription,direct_debit
T012375,C0177,2026-05-27,760.97,salary,inbound_transfer
T012676,C0182,2026-05-27,-25.49,transport,card
T012678,C0182,2026-05-27,-17.52,subscription,direct_debit
T012947,C0186,2026-05-27,3343.7,salary,inbound_transfer
T012955,C0186,2026-05-27,-11.51,dining,card
T013371,C0192,2026-05-27,-360.64,transfer_out,app_transfer
T000490,C0008,2026-05-28,-15.09,transport,card
T000766,C0012,2026-05-28,3189.12,salary,inbound_transfer
T001340,C0020,2026-05-28,-78.21,groceries,card
T001547,C0023,2026-05-28,-17.24,transport,card
T002266,C0032,2026-05-28,-21.87,groceries,card
T002395,C0034,2026-05-28,-31.0,groceries,card
T002466,C0036,2026-05-28,-98.01,retail,card
T002708,C0039,2026-05-28,-29.86,dining,card
T002903,C0042,2026-05-28,-58.76,cash_withdrawal,atm
T002977,C0043,2026-05-28,-69.53,groceries,card
T003343,C0049,2026-05-28,-86.96,utilities,direct_debit
T003432,C0050,2026-05-28,-79.27,groceries,card
T003436,C0050,2026-05-28,-88.3,retail,card
T003537,C0051,2026-05-28,928.78,salary,inbound_transfer
T003721,C0053,2026-05-28,-41.24,groceries,card
T003725,C0053,2026-05-28,-28.95,transport,card
T004250,C0062,2026-05-28,-67.34,groceries,card
T004400,C0064,2026-05-28,-60.22,dining,card
T004597,C0067,2026-05-28,-26.71,transport,card
T004805,C0070,2026-05-28,-70.16,groceries,card
T004812,C0070,2026-05-28,-18.69,groceries,card
T004877,C0071,2026-05-28,-359.19,transfer_out,app_transfer
T005485,C0078,2026-05-28,-118.78,retail,card
T005705,C0081,2026-05-28,-5.86,transport,card
T005837,C0083,2026-05-28,1238.68,salary,inbound_transfer
T005839,C0083,2026-05-28,-35.14,groceries,card
T005935,C0085,2026-05-28,-10.13,transport,card
T006415,C0091,2026-05-28,3922.47,salary,inbound_transfer
T006894,C0097,2026-05-28,-19.96,transport,card
T006956,C0098,2026-05-28,-37.51,cash_withdrawal,atm
T007031,C0099,2026-05-28,3395.58,salary,inbound_transfer
T007670,C0111,2026-05-28,-34.17,dining,card
T007924,C0115,2026-05-28,-49.21,retail,card
T008312,C0120,2026-05-28,-229.8,transfer_out,app_transfer
T008315,C0120,2026-05-28,-219.23,transfer_out,app_transfer
T008837,C0128,2026-05-28,-37.25,groceries,card
T009407,C0135,2026-05-28,1001.85,salary,inbound_transfer
T009672,C0140,2026-05-28,906.64,salary,inbound_transfer
T010616,C0153,2026-05-28,-382.48,transfer_out,app_transfer
T010772,C0155,2026-05-28,-62.08,retail,card
T010946,C0157,2026-05-28,-345.3,transfer_out,app_transfer
T011062,C0159,2026-05-28,-115.61,transfer_out,app_transfer
T011162,C0161,2026-05-28,-11.17,subscription,direct_debit
T011164,C0161,2026-05-28,-13.45,transport,card
T011173,C0161,2026-05-28,-23.58,dining,card
T011174,C0161,2026-05-28,-41.81,dining,card
T011331,C0163,2026-05-28,-130.09,utilities,direct_debit
T011480,C0165,2026-05-28,1003.32,salary,inbound_transfer
T011637,C0167,2026-05-28,-23.54,transport,card
T011907,C0170,2026-05-28,-123.58,transfer_out,app_transfer
T012150,C0174,2026-05-28,-10.26,transport,card
T013101,C0188,2026-05-28,-59.69,cash_withdrawal,atm
T013378,C0192,2026-05-28,-21.92,dining,card
T013379,C0192,2026-05-28,-42.72,retail,card
T013729,C0197,2026-05-28,-16.48,transport,card
T000616,C0010,2026-05-29,-65.97,retail,card
T000688,C0011,2026-05-29,-70.32,cash_withdrawal,atm
T001550,C0023,2026-05-29,-78.23,cash_withdrawal,atm
T001644,C0024,2026-05-29,-28.06,dining,card
T002902,C0042,2026-05-29,2839.63,salary,inbound_transfer
T003156,C0046,2026-05-29,-90.81,groceries,card
T003237,C0047,2026-05-29,-70.04,retail,card
T003427,C0050,2026-05-29,-67.87,cash_withdrawal,atm
T003548,C0051,2026-05-29,-41.65,groceries,card
T003633,C0052,2026-05-29,-51.76,groceries,card
T003730,C0053,2026-05-29,-87.05,retail,card
T003886,C0055,2026-05-29,-67.04,groceries,card
T004065,C0059,2026-05-29,-148.17,transfer_out,app_transfer
T004135,C0060,2026-05-29,-158.1,transfer_out,app_transfer
T004524,C0066,2026-05-29,-21.3,transport,card
T004527,C0066,2026-05-29,-85.83,groceries,card
T004593,C0067,2026-05-29,790.53,salary,inbound_transfer
T004596,C0067,2026-05-29,-7.69,transport,card
T004806,C0070,2026-05-29,-41.64,retail,card
T005217,C0075,2026-05-29,-60.23,dining,card
T005219,C0075,2026-05-29,-19.88,dining,card
T005222,C0075,2026-05-29,-56.1,dining,card
T005304,C0076,2026-05-29,-8.92,subscription,direct_debit
T005306,C0076,2026-05-29,-120.79,transfer_out,app_transfer
T005403,C0077,2026-05-29,-20.7,transport,card
T005618,C0080,2026-05-29,852.83,salary,inbound_transfer
T005621,C0080,2026-05-29,-127.74,utilities,direct_debit
T005710,C0081,2026-05-29,-55.31,dining,card
T005843,C0083,2026-05-29,-48.43,dining,card
T005936,C0085,2026-05-29,-34.76,dining,card
T005941,C0085,2026-05-29,-31.3,groceries,card
T006028,C0086,2026-05-29,-166.58,transfer_out,app_transfer
T006262,C0089,2026-05-29,-90.96,retail,card
T006813,C0096,2026-05-29,-110.5,retail,card
T006818,C0096,2026-05-29,-98.04,retail,card
T006819,C0096,2026-05-29,-40.73,dining,card
T006887,C0097,2026-05-29,-61.22,groceries,card
T007672,C0111,2026-05-29,-117.8,retail,card
T007875,C0114,2026-05-29,-253.6,transfer_out,app_transfer
T008492,C0124,2026-05-29,3514.56,salary,inbound_transfer
T008503,C0124,2026-05-29,-89.8,retail,card
T008672,C0126,2026-05-29,-12.48,subscription,direct_debit
T008673,C0126,2026-05-29,-72.18,retail,card
T008843,C0128,2026-05-29,-78.45,groceries,card
T009136,C0132,2026-05-29,-7.16,subscription,direct_debit
T009335,C0134,2026-05-29,-21.5,transport,card
T009409,C0135,2026-05-29,-42.94,groceries,card
T009599,C0138,2026-05-29,-112.18,retail,card
T009745,C0141,2026-05-29,3166.44,salary,inbound_transfer
T009753,C0141,2026-05-29,-57.08,retail,card
T009847,C0142,2026-05-29,-5.39,subscription,direct_debit
T010109,C0146,2026-05-29,-27.3,transport,card
T010344,C0150,2026-05-29,-31.25,groceries,card
T010450,C0151,2026-05-29,-90.15,groceries,card
T010938,C0157,2026-05-29,-115.82,retail,card
T011633,C0167,2026-05-29,-52.38,groceries,card
T012296,C0176,2026-05-29,-37.09,dining,card
T012594,C0181,2026-05-29,-6.53,transport,card
T012673,C0182,2026-05-29,845.31,salary,inbound_transfer
T012952,C0186,2026-05-29,-43.24,dining,card
T013022,C0187,2026-05-29,-19.67,subscription,direct_debit
T013722,C0197,2026-05-29,-11.25,subscription,direct_debit
T013819,C0198,2026-05-29,-48.25,dining,card
T013870,C0199,2026-05-29,-31.36,groceries,card
T000169,C0003,2026-05-30,-84.51,groceries,card
T000389,C0006,2026-05-30,-73.11,retail,card
T000615,C0010,2026-05-30,-68.66,retail,card
T000693,C0011,2026-05-30,-217.26,transfer_out,app_transfer
T000955,C0015,2026-05-30,-22.46,transport,card
T001255,C0019,2026-05-30,903.68,salary,inbound_transfer
T001272,C0019,2026-05-30,-35.47,groceries,card
T001398,C0021,2026-05-30,-45.42,cash_withdrawal,atm
T001542,C0023,2026-05-30,-23.76,groceries,card
T001931,C0028,2026-05-30,-93.78,cash_withdrawal,atm
T002262,C0032,2026-05-30,-34.01,cash_withdrawal,atm
T002462,C0036,2026-05-30,-59.65,retail,card
T002550,C0037,2026-05-30,-36.92,dining,card
T002696,C0039,2026-05-30,3195.36,salary,inbound_transfer
T002697,C0039,2026-05-30,-44.34,dining,card
T002819,C0041,2026-05-30,-22.15,groceries,card
T002913,C0042,2026-05-30,-135.01,utilities,direct_debit
T002974,C0043,2026-05-30,-43.5,cash_withdrawal,atm
T003236,C0047,2026-05-30,-115.42,transfer_out,app_transfer
T003433,C0050,2026-05-30,-73.02,utilities,direct_debit
T003634,C0052,2026-05-30,-25.71,transport,card
T004599,C0067,2026-05-30,-16.57,subscription,direct_debit
T004885,C0071,2026-05-30,-93.11,transfer_out,app_transfer
T004957,C0072,2026-05-30,-21.21,transport,card
T004959,C0072,2026-05-30,-109.63,retail,card
T005131,C0074,2026-05-30,-17.44,transport,card
T005214,C0075,2026-05-30,-101.41,transfer_out,app_transfer
T005305,C0076,2026-05-30,-32.23,retail,card
T005625,C0080,2026-05-30,-23.82,groceries,card
T005626,C0080,2026-05-30,-69.11,retail,card
T006258,C0089,2026-05-30,-61.5,cash_withdrawal,atm
T006474,C0092,2026-05-30,-30.56,dining,card
T007519,C0109,2026-05-30,-190.47,utilities,direct_debit
T007673,C0111,2026-05-30,-18.66,transport,card
T007677,C0111,2026-05-30,-65.96,retail,card
T008761,C0127,2026-05-30,-21.21,transport,card
T008840,C0128,2026-05-30,-124.74,retail,card
T008979,C0130,2026-05-30,-36.07,dining,card
T009480,C0136,2026-05-30,-11.27,transport,card
T010018,C0145,2026-05-30,-101.64,retail,card
T010185,C0148,2026-05-30,2664.96,salary,inbound_transfer
T010188,C0148,2026-05-30,-38.39,cash_withdrawal,atm
T010191,C0148,2026-05-30,-178.37,utilities,direct_debit
T011407,C0164,2026-05-30,-12.48,transport,card
T011549,C0166,2026-05-30,-17.71,transport,card
T011630,C0167,2026-05-30,-42.12,dining,card
T011735,C0168,2026-05-30,-31.52,groceries,card
T011830,C0169,2026-05-30,-34.8,dining,card
T011904,C0170,2026-05-30,-58.36,dining,card
T012145,C0174,2026-05-30,-56.93,groceries,card
T012147,C0174,2026-05-30,-11.6,transport,card
T012303,C0176,2026-05-30,-22.92,dining,card
T012750,C0183,2026-05-30,3646.37,salary,inbound_transfer
T012763,C0183,2026-05-30,-29.68,dining,card
T013188,C0189,2026-05-30,-58.33,groceries,card
T013381,C0192,2026-05-30,-119.06,utilities,direct_debit
T013621,C0196,2026-05-30,-67.04,cash_withdrawal,atm
T013823,C0198,2026-05-30,-221.76,transfer_out,app_transfer
T000048,C0001,2026-05-31,-60.35,groceries,card
T000386,C0006,2026-05-31,-122.95,retail,card
T000574,C0009,2026-05-31,-53.7,groceries,card
T000686,C0011,2026-05-31,4483.79,salary,inbound_transfer
T000690,C0011,2026-05-31,-24.63,subscription,direct_debit
T001266,C0019,2026-05-31,-131.48,retail,card
T001927,C0028,2026-05-31,-29.23,transport,card
T001937,C0028,2026-05-31,-127.81,retail,card
T002195,C0031,2026-05-31,-19.54,groceries,card
T002393,C0034,2026-05-31,-38.75,retail,card
T002546,C0037,2026-05-31,-93.88,retail,card
T002911,C0042,2026-05-31,-22.32,dining,card
T003158,C0046,2026-05-31,-13.6,transport,card
T003162,C0046,2026-05-31,-18.09,subscription,direct_debit
T003629,C0052,2026-05-31,-125.75,transfer_out,app_transfer
T004392,C0064,2026-05-31,-80.88,groceries,card
T004518,C0066,2026-05-31,-108.71,utilities,direct_debit
T004650,C0068,2026-05-31,-17.22,dining,card
T004955,C0072,2026-05-31,850.97,salary,inbound_transfer
T005836,C0083,2026-05-31,1208.23,salary,inbound_transfer
T005838,C0083,2026-05-31,1508.78,salary,inbound_transfer
T006561,C0093,2026-05-31,-135.7,utilities,direct_debit
T006645,C0094,2026-05-31,909.2,salary,inbound_transfer
T006963,C0098,2026-05-31,-390.48,transfer_out,app_transfer
T007032,C0099,2026-05-31,-9.01,transport,card
T007197,C0103,2026-05-31,-26.13,dining,card
T007201,C0103,2026-05-31,-6.04,transport,card
T007999,C0116,2026-05-31,-61.97,retail,card
T008306,C0120,2026-05-31,-308.52,transfer_out,app_transfer
T008831,C0128,2026-05-31,-12.8,subscription,direct_debit
T009133,C0132,2026-05-31,-79.37,retail,card
T009237,C0133,2026-05-31,-34.02,dining,card
T009326,C0134,2026-05-31,-118.71,utilities,direct_debit
T009481,C0136,2026-05-31,-26.71,transport,card
T009842,C0142,2026-05-31,-80.17,retail,card
T010279,C0149,2026-05-31,-85.0,groceries,card
T010614,C0153,2026-05-31,-35.65,retail,card
T010690,C0154,2026-05-31,-121.82,retail,card
T012299,C0176,2026-05-31,-335.48,transfer_out,app_transfer
T013632,C0196,2026-05-31,-106.45,cash_withdrawal,atm
T013869,C0199,2026-05-31,-49.14,dining,card
T000627,C0010,2026-06-01,-51.1,dining,card
T000704,C0011,2026-06-01,-37.47,cash_withdrawal,atm
T000779,C0012,2026-06-01,-115.12,retail,card
T001561,C0023,2026-06-01,-71.57,retail,card
T001650,C0024,2026-06-01,-92.8,transfer_out,app_transfer
T001799,C0026,2026-06-01,-90.99,groceries,card
T003640,C0052,2026-06-01,-32.57,cash_withdrawal,atm
T004322,C0063,2026-06-01,4256.86,salary,inbound_transfer
T004530,C0066,2026-06-01,-91.14,groceries,card
T004658,C0068,2026-06-01,-21.93,dining,card
T004896,C0071,2026-06-01,-112.78,retail,card
T005042,C0073,2026-06-01,-82.31,groceries,card
T005137,C0074,2026-06-01,-25.18,subscription,direct_debit
T005565,C0079,2026-06-01,-103.88,retail,card
T006093,C0087,2026-06-01,-69.9,cash_withdrawal,atm
T006656,C0094,2026-06-01,988.77,salary,inbound_transfer
T006657,C0094,2026-06-01,737.32,salary,inbound_transfer
T006835,C0096,2026-06-01,-62.94,groceries,card
T006969,C0098,2026-06-01,1450.66,salary,inbound_transfer
T006980,C0098,2026-06-01,-206.86,transfer_out,app_transfer
T007830,C0113,2026-06-01,-42.21,groceries,card
T007832,C0113,2026-06-01,-73.77,utilities,direct_debit
T008167,C0118,2026-06-01,-27.39,transport,card
T008324,C0120,2026-06-01,-57.04,cash_withdrawal,atm
T008506,C0124,2026-06-01,-21.83,transport,card
T008508,C0124,2026-06-01,-25.31,transport,card
T008598,C0125,2026-06-01,-23.56,subscription,direct_debit
T008601,C0125,2026-06-01,-70.19,groceries,card
T008676,C0126,2026-06-01,1954.98,salary,inbound_transfer
T008984,C0130,2026-06-01,989.65,salary,inbound_transfer
T009066,C0131,2026-06-01,-36.22,dining,card
T009249,C0133,2026-06-01,-54.43,groceries,card
T009338,C0134,2026-06-01,1864.5,salary,inbound_transfer
T009345,C0134,2026-06-01,-38.26,groceries,card
T009601,C0138,2026-06-01,2957.87,salary,inbound_transfer
T009858,C0142,2026-06-01,-73.96,retail,card
T009859,C0142,2026-06-01,-65.62,retail,card
T010460,C0151,2026-06-01,-125.47,retail,card
T010463,C0151,2026-06-01,-25.93,transport,card
T010702,C0154,2026-06-01,1252.16,salary,inbound_transfer
T010707,C0154,2026-06-01,-23.32,subscription,direct_debit
T010956,C0157,2026-06-01,-97.14,cash_withdrawal,atm
T011181,C0161,2026-06-01,-56.92,groceries,card
T011349,C0163,2026-06-01,-22.17,dining,card
T011493,C0165,2026-06-01,-115.03,retail,card
T011747,C0168,2026-06-01,-125.65,retail,card
T011753,C0168,2026-06-01,-94.65,retail,card
T012380,C0177,2026-06-01,-73.45,groceries,card
T012424,C0178,2026-06-01,-32.51,dining,card
T012427,C0178,2026-06-01,-80.62,cash_withdrawal,atm
T012686,C0182,2026-06-01,-19.91,groceries,card
T012770,C0183,2026-06-01,-75.53,utilities,direct_debit
T013028,C0187,2026-06-01,-23.18,transport,card
T013111,C0188,2026-06-01,-11.94,subscription,direct_debit
T013273,C0190,2026-06-01,-46.68,groceries,card
T013280,C0190,2026-06-01,-14.74,dining,card
T013385,C0192,2026-06-01,862.2,salary,inbound_transfer
T013397,C0192,2026-06-01,-36.25,dining,card
T013733,C0197,2026-06-01,-366.46,transfer_out,app_transfer
T000399,C0006,2026-06-02,-26.96,transport,card
T000716,C0011,2026-06-02,-39.91,groceries,card
T000782,C0012,2026-06-02,-8.8,transport,card
T001026,C0016,2026-06-02,-6.05,subscription,direct_debit
T001112,C0017,2026-06-02,-14.93,subscription,direct_debit
T001282,C0019,2026-06-02,-194.8,utilities,direct_debit
T001284,C0019,2026-06-02,-32.53,groceries,card
T001344,C0020,2026-06-02,-29.86,cash_withdrawal,atm
T001403,C0021,2026-06-02,-29.26,transport,card
T002565,C0037,2026-06-02,-55.88,dining,card
T002636,C0038,2026-06-02,-14.89,subscription,direct_debit
T003452,C0050,2026-06-02,-23.5,dining,card
T003736,C0053,2026-06-02,-61.12,cash_withdrawal,atm
T003739,C0053,2026-06-02,-57.58,groceries,card
T004067,C0059,2026-06-02,1395.26,salary,inbound_transfer
T004143,C0060,2026-06-02,-18.57,subscription,direct_debit
T004401,C0064,2026-06-02,766.13,salary,inbound_transfer
T004966,C0072,2026-06-02,-89.62,retail,card
T005235,C0075,2026-06-02,-23.98,subscription,direct_debit
T005568,C0079,2026-06-02,-12.24,transport,card
T006181,C0088,2026-06-02,-28.67,transport,card
T006418,C0091,2026-06-02,3702.34,salary,inbound_transfer
T006499,C0092,2026-06-02,-20.11,transport,card
T006569,C0093,2026-06-02,1415.85,salary,inbound_transfer
T007040,C0099,2026-06-02,-44.26,groceries,card
T007689,C0111,2026-06-02,-18.84,transport,card
T008008,C0116,2026-06-02,-58.32,dining,card
T008089,C0117,2026-06-02,-40.39,retail,card
T008323,C0120,2026-06-02,-58.1,dining,card
T008386,C0121,2026-06-02,-8.76,transport,card
T008387,C0121,2026-06-02,-150.43,utilities,direct_debit
T008685,C0126,2026-06-02,-14.93,transport,card
T009852,C0142,2026-06-02,-159.53,transfer_out,app_transfer
T010559,C0152,2026-06-02,-302.31,transfer_out,app_transfer
T010627,C0153,2026-06-02,-75.95,cash_withdrawal,atm
T010869,C0156,2026-06-02,-88.48,groceries,card
T011565,C0166,2026-06-02,-30.93,dining,card
T011843,C0169,2026-06-02,-17.98,transport,card
T011925,C0170,2026-06-02,-53.01,retail,card
T012156,C0174,2026-06-02,4310.26,salary,inbound_transfer
T012603,C0181,2026-06-02,-44.44,dining,card
T012879,C0185,2026-06-02,-80.72,retail,card
T012882,C0185,2026-06-02,-16.38,transport,card
T013736,C0197,2026-06-02,-248.75,transfer_out,app_transfer
T000064,C0001,2026-06-03,-36.54,groceries,card
T000119,C0002,2026-06-03,-67.99,groceries,card
T000184,C0003,2026-06-03,-53.98,dining,card
T000391,C0006,2026-06-03,-31.6,groceries,card
T001411,C0021,2026-06-03,-63.08,retail,card
T001657,C0024,2026-06-03,-63.05,utilities,direct_debit
T001862,C0027,2026-06-03,-61.87,retail,card
T001942,C0028,2026-06-03,-9.51,subscription,direct_debit
T002269,C0032,2026-06-03,-65.06,groceries,card
T002278,C0032,2026-06-03,-28.65,dining,card
T002563,C0037,2026-06-03,-116.39,utilities,direct_debit
T002718,C0039,2026-06-03,-18.58,subscription,direct_debit
T002719,C0039,2026-06-03,-50.88,groceries,card
T002830,C0041,2026-06-03,-223.63,transfer_out,app_transfer
T002832,C0041,2026-06-03,-37.68,groceries,card
T003164,C0046,2026-06-03,3065.32,salary,inbound_transfer
T003247,C0047,2026-06-03,3871.47,salary,inbound_transfer
T003456,C0050,2026-06-03,-288.12,transfer_out,app_transfer
T003897,C0055,2026-06-03,-37.0,retail,card
T004324,C0063,2026-06-03,-24.35,groceries,card
T004964,C0072,2026-06-03,-251.51,transfer_out,app_transfer
T005134,C0074,2026-06-03,3533.03,salary,inbound_transfer
T005139,C0074,2026-06-03,-29.65,transport,card
T005413,C0077,2026-06-03,-179.13,transfer_out,app_transfer
T005952,C0085,2026-06-03,-110.13,retail,card
T006171,C0088,2026-06-03,-78.49,transfer_out,app_transfer
T006274,C0089,2026-06-03,-79.48,groceries,card
T006280,C0089,2026-06-03,-16.16,subscription,direct_debit
T006660,C0094,2026-06-03,-286.07,transfer_out,app_transfer
T006663,C0094,2026-06-03,-9.79,transport,card
T007273,C0104,2026-06-03,-12.51,dining,card
T007539,C0109,2026-06-03,-17.39,subscription,direct_debit
T007693,C0111,2026-06-03,-29.03,retail,card
T007695,C0111,2026-06-03,-354.66,transfer_out,app_transfer
T007936,C0115,2026-06-03,-30.67,cash_withdrawal,atm
T009069,C0131,2026-06-03,-56.0,dining,card
T009415,C0135,2026-06-03,-53.55,retail,card
T009689,C0140,2026-06-03,-115.02,utilities,direct_debit
T010202,C0148,2026-06-03,-111.77,utilities,direct_debit
T010355,C0150,2026-06-03,-68.77,retail,card
T010357,C0150,2026-06-03,-64.67,cash_withdrawal,atm
T010633,C0153,2026-06-03,-29.09,retail,card
T010783,C0155,2026-06-03,-36.62,dining,card
T010957,C0157,2026-06-03,-50.44,retail,card
T011351,C0163,2026-06-03,-43.21,utilities,direct_debit
T011416,C0164,2026-06-03,-52.29,dining,card
T011922,C0170,2026-06-03,-54.51,groceries,card
T012378,C0177,2026-06-03,858.62,salary,inbound_transfer
T012597,C0181,2026-06-03,-18.96,transport,card
T012872,C0185,2026-06-03,-44.74,dining,card
T013276,C0190,2026-06-03,-26.91,transport,card
T013518,C0194,2026-06-03,-81.61,groceries,card
T013635,C0196,2026-06-03,-125.9,transfer_out,app_transfer
T013734,C0197,2026-06-03,-14.07,subscription,direct_debit
T013743,C0197,2026-06-03,-129.65,utilities,direct_debit
T000495,C0008,2026-06-04,-21.93,dining,card
T001858,C0027,2026-06-04,-29.33,groceries,card
T002279,C0032,2026-06-04,-364.31,transfer_out,app_transfer
T002471,C0036,2026-06-04,-28.64,groceries,card
T002566,C0037,2026-06-04,-23.04,groceries,card
T002834,C0041,2026-06-04,-6.94,subscription,direct_debit
T002984,C0043,2026-06-04,-58.51,retail,card
T003172,C0046,2026-06-04,-13.27,subscription,direct_debit
T003738,C0053,2026-06-04,-257.41,transfer_out,app_transfer
T003740,C0053,2026-06-04,-17.72,dining,card
T003971,C0056,2026-06-04,-95.59,transfer_out,app_transfer
T004325,C0063,2026-06-04,-58.22,groceries,card
T004821,C0070,2026-06-04,2759.48,salary,inbound_transfer
T005231,C0075,2026-06-04,-64.29,retail,card
T005556,C0079,2026-06-04,-24.55,dining,card
T005566,C0079,2026-06-04,-256.1,transfer_out,app_transfer
T005634,C0080,2026-06-04,-67.98,retail,card
T005636,C0080,2026-06-04,-72.43,groceries,card
T005947,C0085,2026-06-04,3438.9,salary,inbound_transfer
T006666,C0094,2026-06-04,-53.04,dining,card
T006824,C0096,2026-06-04,-14.45,dining,card
T006829,C0096,2026-06-04,-32.86,retail,card
T007041,C0099,2026-06-04,-109.64,transfer_out,app_transfer
T007310,C0105,2026-06-04,-12.03,transport,card
T007538,C0109,2026-06-04,-26.86,groceries,card
T008009,C0116,2026-06-04,-51.05,groceries,card
T008328,C0120,2026-06-04,-24.04,cash_withdrawal,atm
T009928,C0143,2026-06-04,-35.9,groceries,card
T010028,C0145,2026-06-04,-42.63,dining,card
T010198,C0148,2026-06-04,-206.07,utilities,direct_debit
T010471,C0151,2026-06-04,-164.96,utilities,direct_debit
T010708,C0154,2026-06-04,-14.51,dining,card
T010785,C0155,2026-06-04,-205.16,utilities,direct_debit
T010791,C0155,2026-06-04,-58.56,retail,card
T010792,C0155,2026-06-04,-78.3,groceries,card
T010875,C0156,2026-06-04,-100.19,cash_withdrawal,atm
T011421,C0164,2026-06-04,-10.61,transport,card
T011752,C0168,2026-06-04,-106.22,transfer_out,app_transfer
T011987,C0171,2026-06-04,-120.76,retail,card
T012165,C0174,2026-06-04,-305.44,transfer_out,app_transfer
T012314,C0176,2026-06-04,-6.99,transport,card
T012963,C0186,2026-06-04,-79.39,retail,card
T013027,C0187,2026-06-04,-19.2,transport,card
T013281,C0190,2026-06-04,-39.65,utilities,direct_debit
T013469,C0193,2026-06-04,-20.04,transport,card
T000121,C0002,2026-06-05,-32.87,dining,card
T000494,C0008,2026-06-05,-88.2,groceries,card
T000497,C0008,2026-06-05,-40.21,dining,card
T000777,C0012,2026-06-05,-32.89,groceries,card
T000780,C0012,2026-06-05,-71.98,groceries,card
T001794,C0026,2026-06-05,-10.27,transport,card
T002572,C0037,2026-06-05,-23.54,transport,card
T002634,C0038,2026-06-05,-120.32,retail,card
T002721,C0039,2026-06-05,-130.3,retail,card
T003253,C0047,2026-06-05,-89.54,utilities,direct_debit
T003447,C0050,2026-06-05,-118.66,retail,card
T003455,C0050,2026-06-05,-89.12,utilities,direct_debit
T003555,C0051,2026-06-05,-26.28,transport,card
T003647,C0052,2026-06-05,-82.38,cash_withdrawal,atm
T003896,C0055,2026-06-05,-25.65,transport,card
T004147,C0060,2026-06-05,-55.16,dining,card
T004267,C0062,2026-06-05,-128.93,retail,card
T005044,C0073,2026-06-05,-160.08,transfer_out,app_transfer
T005237,C0075,2026-06-05,-39.5,utilities,direct_debit
T005408,C0077,2026-06-05,3759.77,salary,inbound_transfer
T005414,C0077,2026-06-05,-78.44,groceries,card
T005417,C0077,2026-06-05,-26.67,transport,card
T005421,C0077,2026-06-05,-56.49,dining,card
T006173,C0088,2026-06-05,-18.75,transport,card
T006174,C0088,2026-06-05,-266.28,transfer_out,app_transfer
T006362,C0090,2026-06-05,928.97,salary,inbound_transfer
T007684,C0111,2026-06-05,-17.19,groceries,card
T007933,C0115,2026-06-05,1320.68,salary,inbound_transfer
T008322,C0120,2026-06-05,-72.12,groceries,card
T008602,C0125,2026-06-05,-128.11,transfer_out,app_transfer
T008680,C0126,2026-06-05,-172.34,transfer_out,app_transfer
T008682,C0126,2026-06-05,-302.31,transfer_out,app_transfer
T008845,C0128,2026-06-05,771.52,salary,inbound_transfer
T009242,C0133,2026-06-05,-43.99,groceries,card
T009243,C0133,2026-06-05,-42.31,retail,card
T009245,C0133,2026-06-05,-32.32,dining,card
T009246,C0133,2026-06-05,-115.37,retail,card
T009605,C0138,2026-06-05,-282.97,transfer_out,app_transfer
T009762,C0141,2026-06-05,-39.78,retail,card
T009864,C0142,2026-06-05,-61.49,groceries,card
T010032,C0145,2026-06-05,-68.29,cash_withdrawal,atm
T010116,C0146,2026-06-05,-51.77,groceries,card
T010353,C0150,2026-06-05,-45.09,dining,card
T010560,C0152,2026-06-05,-75.35,groceries,card
T010701,C0154,2026-06-05,1323.2,salary,inbound_transfer
T010705,C0154,2026-06-05,-302.82,transfer_out,app_transfer
T010947,C0157,2026-06-05,3666.67,salary,inbound_transfer
T011189,C0161,2026-06-05,-24.11,dining,card
T011490,C0165,2026-06-05,-130.36,retail,card
T011839,C0169,2026-06-05,2062.33,salary,inbound_transfer
T012683,C0182,2026-06-05,760.28,salary,inbound_transfer
T012877,C0185,2026-06-05,-53.6,retail,card
T000250,C0004,2026-06-06,-31.99,groceries,card
T000900,C0014,2026-06-06,-84.17,retail,card
T001029,C0016,2026-06-06,-58.76,dining,card
T001285,C0019,2026-06-06,-39.04,dining,card
T001472,C0022,2026-06-06,-31.07,cash_withdrawal,atm
T001558,C0023,2026-06-06,-25.25,groceries,card
T001660,C0024,2026-06-06,-38.69,groceries,card
T001662,C0024,2026-06-06,-11.34,dining,card
T002773,C0040,2026-06-06,-97.35,retail,card
T003351,C0049,2026-06-06,-22.91,dining,card
T003566,C0051,2026-06-06,-121.06,transfer_out,app_transfer
T003817,C0054,2026-06-06,3929.46,salary,inbound_transfer
T003893,C0055,2026-06-06,-19.38,subscription,direct_debit
T004069,C0059,2026-06-06,-391.25,transfer_out,app_transfer
T004656,C0068,2026-06-06,-47.72,dining,card
T004967,C0072,2026-06-06,-200.56,utilities,direct_debit
T004968,C0072,2026-06-06,-189.18,transfer_out,app_transfer
T005227,C0075,2026-06-06,986.83,salary,inbound_transfer
T005310,C0076,2026-06-06,2310.61,salary,inbound_transfer
T005639,C0080,2026-06-06,-13.06,transport,card
T006183,C0088,2026-06-06,-58.26,retail,card
T006368,C0090,2026-06-06,-38.91,groceries,card
T006369,C0090,2026-06-06,-45.63,dining,card
T006896,C0097,2026-06-06,-262.9,transfer_out,app_transfer
T006976,C0098,2026-06-06,-21.09,dining,card
T006978,C0098,2026-06-06,-73.78,retail,card
T007208,C0103,2026-06-06,-349.0,transfer_out,app_transfer
T007879,C0114,2026-06-06,-32.83,groceries,card
T008171,C0118,2026-06-06,-22.49,transport,card
T008236,C0119,2026-06-06,806.79,salary,inbound_transfer
T008513,C0124,2026-06-06,-26.17,subscription,direct_debit
T008683,C0126,2026-06-06,-41.09,retail,card
T008768,C0127,2026-06-06,-28.52,transport,card
T008917,C0129,2026-06-06,-37.13,dining,card
T008987,C0130,2026-06-06,-106.63,cash_withdrawal,atm
T008988,C0130,2026-06-06,-69.83,groceries,card
T010119,C0146,2026-06-06,-99.18,utilities,direct_debit
T010207,C0148,2026-06-06,-125.84,utilities,direct_debit
T010788,C0155,2026-06-06,-124.93,retail,card
T011492,C0165,2026-06-06,-13.75,subscription,direct_debit
T011743,C0168,2026-06-06,-322.24,transfer_out,app_transfer
T011841,C0169,2026-06-06,-115.63,retail,card
T011986,C0171,2026-06-06,-81.47,groceries,card
T012687,C0182,2026-06-06,-44.79,dining,card
T012765,C0183,2026-06-06,-15.04,dining,card
T012886,C0185,2026-06-06,-47.63,groceries,card
T012958,C0186,2026-06-06,-126.43,utilities,direct_debit
T012959,C0186,2026-06-06,-19.68,transport,card
T013634,C0196,2026-06-06,2682.85,salary,inbound_transfer
T000400,C0006,2026-06-07,-67.37,utilities,direct_debit
T000496,C0008,2026-06-07,-179.65,utilities,direct_debit
T001030,C0016,2026-06-07,-19.43,transport,card
T001554,C0023,2026-06-07,-17.39,dining,card
T001655,C0024,2026-06-07,-64.21,groceries,card
T001791,C0026,2026-06-07,-42.97,dining,card
T002129,C0030,2026-06-07,-21.3,transport,card
T002399,C0034,2026-06-07,-72.39,groceries,card
T002561,C0037,2026-06-07,-77.45,utilities,direct_debit
T002573,C0037,2026-06-07,-56.97,groceries,card
T002713,C0039,2026-06-07,-93.49,utilities,direct_debit
T002829,C0041,2026-06-07,3908.78,salary,inbound_transfer
T003173,C0046,2026-06-07,-18.17,subscription,direct_debit
T003344,C0049,2026-06-07,2893.96,salary,inbound_transfer
T003446,C0050,2026-06-07,-24.81,transport,card
T003558,C0051,2026-06-07,-56.89,cash_withdrawal,atm
T003564,C0051,2026-06-07,-47.57,groceries,card
T004072,C0059,2026-06-07,-24.63,transport,card
T005138,C0074,2026-06-07,-11.19,transport,card
T005145,C0074,2026-06-07,-11.65,subscription,direct_debit
T005419,C0077,2026-06-07,-176.05,utilities,direct_debit
T005569,C0079,2026-06-07,-42.01,dining,card
T005718,C0081,2026-06-07,-31.81,dining,card
T006269,C0089,2026-06-07,1227.06,salary,inbound_transfer
T006485,C0092,2026-06-07,1192.45,salary,inbound_transfer
T006496,C0092,2026-06-07,-233.29,transfer_out,app_transfer
T006832,C0096,2026-06-07,-37.71,dining,card
T007038,C0099,2026-06-07,-15.64,transport,card
T008504,C0124,2026-06-07,3163.07,salary,inbound_transfer
T008597,C0125,2026-06-07,-246.83,transfer_out,app_transfer
T008678,C0126,2026-06-07,-113.66,retail,card
T008985,C0130,2026-06-07,-16.04,transport,card
T009239,C0133,2026-06-07,-28.82,dining,card
T009342,C0134,2026-06-07,-9.75,transport,card
T009346,C0134,2026-06-07,-326.79,transfer_out,app_transfer
T009686,C0140,2026-06-07,-131.41,retail,card
T009765,C0141,2026-06-07,-68.65,utilities,direct_debit
T009848,C0142,2026-06-07,3343.67,salary,inbound_transfer
T009857,C0142,2026-06-07,-296.33,transfer_out,app_transfer
T009863,C0142,2026-06-07,-69.01,groceries,card
T010462,C0151,2026-06-07,-85.4,utilities,direct_debit
T010871,C0156,2026-06-07,-30.13,dining,card
T011175,C0161,2026-06-07,3788.98,salary,inbound_transfer
T011746,C0168,2026-06-07,-22.29,subscription,direct_debit
T011845,C0169,2026-06-07,-91.44,retail,card
T012311,C0176,2026-06-07,3566.0,salary,inbound_transfer
T012604,C0181,2026-06-07,-236.77,transfer_out,app_transfer
T000061,C0001,2026-06-08,-20.73,groceries,card
T000711,C0011,2026-06-08,-57.66,dining,card
T000717,C0011,2026-06-08,-41.53,utilities,direct_debit
T000901,C0014,2026-06-08,-24.34,transport,card
T001105,C0017,2026-06-08,-61.47,groceries,card
T001649,C0024,2026-06-08,-90.83,retail,card
T001795,C0026,2026-06-08,-16.76,transport,card
T001859,C0027,2026-06-08,-157.29,transfer_out,app_transfer
T002024,C0029,2026-06-08,-14.44,subscription,direct_debit
T002267,C0032,2026-06-08,2676.77,salary,inbound_transfer
T002274,C0032,2026-06-08,-85.37,groceries,card
T002560,C0037,2026-06-08,3798.7,salary,inbound_transfer
T002916,C0042,2026-06-08,-58.79,dining,card
T002922,C0042,2026-06-08,-84.66,groceries,card
T002986,C0043,2026-06-08,-162.6,transfer_out,app_transfer
T003166,C0046,2026-06-08,-42.36,dining,card
T003454,C0050,2026-06-08,-46.92,dining,card
T003559,C0051,2026-06-08,-113.73,retail,card
T003734,C0053,2026-06-08,1577.31,salary,inbound_transfer
T003970,C0056,2026-06-08,-28.08,transport,card
T004068,C0059,2026-06-08,1219.95,salary,inbound_transfer
T004146,C0060,2026-06-08,-59.58,groceries,card
T004266,C0062,2026-06-08,-114.08,utilities,direct_debit
T004462,C0065,2026-06-08,-88.45,groceries,card
T004901,C0071,2026-06-08,-145.03,utilities,direct_debit
T005039,C0073,2026-06-08,-137.46,utilities,direct_debit
T005050,C0073,2026-06-08,-59.39,groceries,card
T005322,C0076,2026-06-08,-79.83,retail,card
T005564,C0079,2026-06-08,-23.06,transport,card
T006037,C0086,2026-06-08,-47.96,retail,card
T006577,C0093,2026-06-08,-251.57,transfer_out,app_transfer
T006820,C0096,2026-06-08,3941.0,salary,inbound_transfer
T007536,C0109,2026-06-08,-8.67,transport,card
T007691,C0111,2026-06-08,-34.56,dining,card
T008596,C0125,2026-06-08,-201.98,utilities,direct_debit
T008681,C0126,2026-06-08,-60.36,dining,card
T009068,C0131,2026-06-08,-41.8,dining,card
T009341,C0134,2026-06-08,-80.3,retail,card
T009351,C0134,2026-06-08,-101.35,utilities,direct_debit
T009413,C0135,2026-06-08,-54.56,groceries,card
T009756,C0141,2026-06-08,2679.49,salary,inbound_transfer
T010360,C0150,2026-06-08,-31.5,retail,card
T010461,C0151,2026-06-08,-39.76,groceries,card
T010552,C0152,2026-06-08,-80.35,groceries,card
T010554,C0152,2026-06-08,-102.6,retail,card
T010620,C0153,2026-06-08,-26.0,transport,card
T010790,C0155,2026-06-08,-244.76,transfer_out,app_transfer
T011177,C0161,2026-06-08,-205.24,utilities,direct_debit
T011560,C0166,2026-06-08,-35.15,dining,card
T011846,C0169,2026-06-08,-56.37,groceries,card
T011923,C0170,2026-06-08,-78.7,groceries,card
T012168,C0174,2026-06-08,-27.93,groceries,card
T012235,C0175,2026-06-08,3376.9,salary,inbound_transfer
T012878,C0185,2026-06-08,-132.44,utilities,direct_debit
T012960,C0186,2026-06-08,-82.01,retail,card
T013277,C0190,2026-06-08,-44.63,groceries,card
T013463,C0193,2026-06-08,3364.71,salary,inbound_transfer
T013471,C0193,2026-06-08,-58.83,retail,card
T013641,C0196,2026-06-08,-140.75,utilities,direct_debit
T013643,C0196,2026-06-08,-240.45,transfer_out,app_transfer
T013644,C0196,2026-06-08,-32.98,groceries,card
T000117,C0002,2026-06-09,-110.12,transfer_out,app_transfer
T000396,C0006,2026-06-09,-281.13,transfer_out,app_transfer
T000623,C0010,2026-06-09,3115.2,salary,inbound_transfer
T000702,C0011,2026-06-09,-12.67,transport,card
T000842,C0013,2026-06-09,-21.76,dining,card
T001279,C0019,2026-06-09,-32.29,groceries,card
T001556,C0023,2026-06-09,-90.51,groceries,card
T001564,C0023,2026-06-09,-6.33,transport,card
T001790,C0026,2026-06-09,4289.96,salary,inbound_transfer
T001793,C0026,2026-06-09,-17.6,dining,card
T001796,C0026,2026-06-09,-162.9,utilities,direct_debit
T002396,C0034,2026-06-09,3412.33,salary,inbound_transfer
T003285,C0048,2026-06-09,-50.87,dining,card
T003348,C0049,2026-06-09,-5.52,subscription,direct_debit
T003641,C0052,2026-06-09,-21.67,dining,card
T004144,C0060,2026-06-09,-41.45,utilities,direct_debit
T004263,C0062,2026-06-09,-21.23,transport,card
T004459,C0065,2026-06-09,-16.16,dining,card
T004534,C0066,2026-06-09,-51.64,retail,card
T005046,C0073,2026-06-09,-131.03,retail,card
T005240,C0075,2026-06-09,-110.47,retail,card
T005953,C0085,2026-06-09,-21.88,subscription,direct_debit
T006576,C0093,2026-06-09,-119.74,retail,card
T006668,C0094,2026-06-09,-24.25,groceries,card
T006899,C0097,2026-06-09,-33.93,dining,card
T006970,C0098,2026-06-09,1257.11,salary,inbound_transfer
T007543,C0109,2026-06-09,-69.33,retail,card
T007781,C0112,2026-06-09,-26.56,transport,card
T008006,C0116,2026-06-09,3938.54,salary,inbound_transfer
T008169,C0118,2026-06-09,-30.26,transport,card
T008765,C0127,2026-06-09,3878.3,salary,inbound_transfer
T008848,C0128,2026-06-09,-20.23,dining,card
T008916,C0129,2026-06-09,-71.13,utilities,direct_debit
T009065,C0131,2026-06-09,-75.8,groceries,card
T009144,C0132,2026-06-09,-53.4,dining,card
T009244,C0133,2026-06-09,-50.44,dining,card
T009347,C0134,2026-06-09,-386.12,transfer_out,app_transfer
T009349,C0134,2026-06-09,-20.11,subscription,direct_debit
T010555,C0152,2026-06-09,-248.01,transfer_out,app_transfer
T011015,C0158,2026-06-09,-300.37,transfer_out,app_transfer
T011415,C0164,2026-06-09,3900.18,salary,inbound_transfer
T011558,C0166,2026-06-09,-62.82,groceries,card
T011646,C0167,2026-06-09,-53.11,dining,card
T011650,C0167,2026-06-09,-21.74,transport,card
T011920,C0170,2026-06-09,-21.48,subscription,direct_debit
T012317,C0176,2026-06-09,-14.65,dining,card
T012422,C0178,2026-06-09,837.67,salary,inbound_transfer
T013026,C0187,2026-06-09,-18.97,transport,card
T013030,C0187,2026-06-09,-40.19,utilities,direct_debit
T013396,C0192,2026-06-09,-63.7,retail,card
T013645,C0196,2026-06-09,-35.14,dining,card
T000393,C0006,2026-06-10,-15.85,dining,card
T000492,C0008,2026-06-10,-60.98,dining,card
T000709,C0011,2026-06-10,-52.34,dining,card
T000836,C0013,2026-06-10,836.02,salary,inbound_transfer
T000958,C0015,2026-06-10,-48.69,groceries,card
T000960,C0015,2026-06-10,-5.81,transport,card
T001111,C0017,2026-06-10,-37.48,retail,card
T001277,C0019,2026-06-10,-268.56,transfer_out,app_transfer
T001289,C0019,2026-06-10,-30.22,transport,card
T001290,C0019,2026-06-10,-56.61,groceries,card
T001797,C0026,2026-06-10,-49.57,dining,card
T002127,C0030,2026-06-10,-24.59,cash_withdrawal,atm
T002271,C0032,2026-06-10,-30.2,dining,card
T002276,C0032,2026-06-10,-256.7,transfer_out,app_transfer
T002983,C0043,2026-06-10,4140.73,salary,inbound_transfer
T003248,C0047,2026-06-10,-18.74,dining,card
T003355,C0049,2026-06-10,-47.73,dining,card
T003899,C0055,2026-06-10,-25.7,subscription,direct_debit
T004138,C0060,2026-06-10,3044.83,salary,inbound_transfer
T004455,C0065,2026-06-10,3277.09,salary,inbound_transfer
T004458,C0065,2026-06-10,-79.2,groceries,card
T004659,C0068,2026-06-10,-53.23,dining,card
T004893,C0071,2026-06-10,-46.98,retail,card
T004897,C0071,2026-06-10,-25.06,transport,card
T005320,C0076,2026-06-10,-80.76,groceries,card
T005411,C0077,2026-06-10,-121.5,retail,card
T005560,C0079,2026-06-10,-245.19,transfer_out,app_transfer
T006039,C0086,2026-06-10,-117.73,retail,card
T006177,C0088,2026-06-10,-125.75,utilities,direct_debit
T006271,C0089,2026-06-10,-30.05,groceries,card
T006568,C0093,2026-06-10,1579.08,salary,inbound_transfer
T006571,C0093,2026-06-10,-63.9,utilities,direct_debit
T007540,C0109,2026-06-10,-75.42,groceries,card
T008599,C0125,2026-06-10,-30.1,retail,card
T008767,C0127,2026-06-10,-28.01,groceries,card
T008990,C0130,2026-06-10,-25.35,groceries,card
T009142,C0132,2026-06-10,3757.19,salary,inbound_transfer
T009763,C0141,2026-06-10,-21.31,subscription,direct_debit
T009861,C0142,2026-06-10,-17.44,subscription,direct_debit
T009867,C0142,2026-06-10,-15.0,transport,card
T010117,C0146,2026-06-10,-96.4,retail,card
T010547,C0152,2026-06-10,1001.14,salary,inbound_transfer
T010703,C0154,2026-06-10,-21.0,cash_withdrawal,atm
T010870,C0156,2026-06-10,-18.52,transport,card
T010872,C0156,2026-06-10,-87.21,groceries,card
T011350,C0163,2026-06-10,-64.96,groceries,card
T011556,C0166,2026-06-10,3429.13,salary,inbound_transfer
T011557,C0166,2026-06-10,-55.89,dining,card
T011840,C0169,2026-06-10,2245.35,salary,inbound_transfer
T012595,C0181,2026-06-10,3455.21,salary,inbound_transfer
T012764,C0183,2026-06-10,3609.69,salary,inbound_transfer
T012883,C0185,2026-06-10,-47.61,dining,card
T013029,C0187,2026-06-10,-14.21,subscription,direct_debit
T013032,C0187,2026-06-10,-25.3,subscription,direct_debit
T013465,C0193,2026-06-10,-85.38,retail,card
T013466,C0193,2026-06-10,-14.78,transport,card
T013636,C0196,2026-06-10,-203.73,transfer_out,app_transfer
T013737,C0197,2026-06-10,-45.36,groceries,card
T000063,C0001,2026-06-11,-59.41,groceries,card
T000245,C0004,2026-06-11,-53.1,cash_withdrawal,atm
T000395,C0006,2026-06-11,-38.58,groceries,card
T001175,C0018,2026-06-11,2715.62,salary,inbound_transfer
T001274,C0019,2026-06-11,1368.22,salary,inbound_transfer
T001407,C0021,2026-06-11,-16.01,subscription,direct_debit
T002130,C0030,2026-06-11,-95.76,transfer_out,app_transfer
T002637,C0038,2026-06-11,-345.6,transfer_out,app_transfer
T002831,C0041,2026-06-11,-133.76,transfer_out,app_transfer
T002920,C0042,2026-06-11,-84.26,retail,card
T003095,C0045,2026-06-11,-28.25,transport,card
T003096,C0045,2026-06-11,-330.13,transfer_out,app_transfer
T003563,C0051,2026-06-11,-64.83,utilities,direct_debit
T003968,C0056,2026-06-11,2094.65,salary,inbound_transfer
T004151,C0060,2026-06-11,-108.16,utilities,direct_debit
T004460,C0065,2026-06-11,-57.44,dining,card
T004535,C0066,2026-06-11,-72.92,groceries,card
T004891,C0071,2026-06-11,925.9,salary,inbound_transfer
T005049,C0073,2026-06-11,-47.78,groceries,card
T005311,C0076,2026-06-11,2159.31,salary,inbound_transfer
T006094,C0087,2026-06-11,-17.94,subscription,direct_debit
T006175,C0088,2026-06-11,-39.9,groceries,card
T006179,C0088,2026-06-11,-76.54,transfer_out,app_transfer
T006273,C0089,2026-06-11,-23.1,transport,card
T006494,C0092,2026-06-11,-14.4,subscription,direct_debit
T006669,C0094,2026-06-11,-151.15,utilities,direct_debit
T007367,C0106,2026-06-11,-12.45,subscription,direct_debit
T008082,C0117,2026-06-11,-46.13,dining,card
T008241,C0119,2026-06-11,-9.3,transport,card
T008600,C0125,2026-06-11,-82.6,groceries,card
T009250,C0133,2026-06-11,-38.38,groceries,card
T009862,C0142,2026-06-11,-357.57,transfer_out,app_transfer
T010622,C0153,2026-06-11,-71.07,groceries,card
T010710,C0154,2026-06-11,-55.21,retail,card
T011564,C0166,2026-06-11,-8.08,subscription,direct_debit
T011913,C0170,2026-06-11,3270.15,salary,inbound_transfer
T011919,C0170,2026-06-11,-29.73,cash_withdrawal,atm
T012430,C0178,2026-06-11,-23.61,dining,card
T012871,C0185,2026-06-11,4256.88,salary,inbound_transfer
T012885,C0185,2026-06-11,-34.82,dining,card
T012965,C0186,2026-06-11,-349.59,transfer_out,app_transfer
T013114,C0188,2026-06-11,-206.99,transfer_out,app_transfer
T013731,C0197,2026-06-11,2914.89,salary,inbound_transfer
T000247,C0004,2026-06-12,-53.42,dining,card
T001281,C0019,2026-06-12,-76.5,groceries,card
T001287,C0019,2026-06-12,-16.81,dining,card
T001406,C0021,2026-06-12,-225.36,transfer_out,app_transfer
T001559,C0023,2026-06-12,-20.04,transport,card
T002022,C0029,2026-06-12,-48.97,groceries,card
T002720,C0039,2026-06-12,-6.93,transport,card
T003352,C0049,2026-06-12,-43.63,dining,card
T003440,C0050,2026-06-12,-267.5,transfer_out,app_transfer
T003444,C0050,2026-06-12,-76.7,retail,card
T003551,C0051,2026-06-12,963.48,salary,inbound_transfer
T003748,C0053,2026-06-12,-49.19,retail,card
T004066,C0059,2026-06-12,1304.8,salary,inbound_transfer
T005635,C0080,2026-06-12,-56.43,retail,card
T005948,C0085,2026-06-12,-49.54,groceries,card
T006488,C0092,2026-06-12,-357.95,transfer_out,app_transfer
T007211,C0103,2026-06-12,-21.18,dining,card
T007213,C0103,2026-06-12,-48.01,groceries,card
T007269,C0104,2026-06-12,3841.7,salary,inbound_transfer
T007530,C0109,2026-06-12,865.26,salary,inbound_transfer
T007932,C0115,2026-06-12,1208.8,salary,inbound_transfer
T008684,C0126,2026-06-12,-101.56,retail,card
T009240,C0133,2026-06-12,-52.48,dining,card
T009352,C0134,2026-06-12,-64.56,cash_withdrawal,atm
T009685,C0140,2026-06-12,2943.25,salary,inbound_transfer
T009764,C0141,2026-06-12,-23.51,subscription,direct_debit
T009860,C0142,2026-06-12,-10.77,transport,card
T010031,C0145,2026-06-12,-14.03,transport,card
T010200,C0148,2026-06-12,-129.49,retail,card
T010359,C0150,2026-06-12,-59.27,cash_withdrawal,atm
T010362,C0150,2026-06-12,-78.51,groceries,card
T010629,C0153,2026-06-12,-28.99,groceries,card
T010866,C0156,2026-06-12,3453.19,salary,inbound_transfer
T010876,C0156,2026-06-12,-25.85,subscription,direct_debit
T011489,C0165,2026-06-12,1034.84,salary,inbound_transfer
T011741,C0168,2026-06-12,3254.91,salary,inbound_transfer
T012163,C0174,2026-06-12,-63.72,groceries,card
T012377,C0177,2026-06-12,949.19,salary,inbound_transfer
T012962,C0186,2026-06-12,-42.45,retail,card
T013279,C0190,2026-06-12,-17.29,transport,card
T000058,C0001,2026-06-13,-38.7,groceries,card
T000118,C0002,2026-06-13,-32.35,dining,card
T000186,C0003,2026-06-13,-158.53,utilities,direct_debit
T000701,C0011,2026-06-13,1806.12,salary,inbound_transfer
T000843,C0013,2026-06-13,-39.54,dining,card
T001108,C0017,2026-06-13,-39.7,retail,card
T001288,C0019,2026-06-13,-61.53,groceries,card
T001473,C0022,2026-06-13,-26.07,dining,card
T001474,C0022,2026-06-13,-44.2,groceries,card
T001560,C0023,2026-06-13,-48.71,groceries,card
T001562,C0023,2026-06-13,-60.03,retail,card
T001651,C0024,2026-06-13,-45.27,groceries,card
T002019,C0029,2026-06-13,3587.8,salary,inbound_transfer
T002838,C0041,2026-06-13,-192.08,utilities,direct_debit
T002988,C0043,2026-06-13,-42.97,cash_withdrawal,atm
T003286,C0048,2026-06-13,-131.92,utilities,direct_debit
T003442,C0050,2026-06-13,-172.81,utilities,direct_debit
T003735,C0053,2026-06-13,1573.78,salary,inbound_transfer
T003742,C0053,2026-06-13,-62.59,groceries,card
T003747,C0053,2026-06-13,-105.14,retail,card
T003750,C0053,2026-06-13,-36.06,groceries,card
T004264,C0062,2026-06-13,-56.98,dining,card
T004456,C0065,2026-06-13,-10.41,transport,card
T004457,C0065,2026-06-13,-171.81,utilities,direct_debit
T004736,C0069,2026-06-13,-57.69,dining,card
T004965,C0072,2026-06-13,-18.03,transport,card
T005140,C0074,2026-06-13,-32.51,retail,card
T005416,C0077,2026-06-13,-376.53,transfer_out,app_transfer
T005555,C0079,2026-06-13,-22.98,transport,card
T005641,C0080,2026-06-13,-6.32,subscription,direct_debit
T005642,C0080,2026-06-13,-59.97,groceries,card
T006043,C0086,2026-06-13,-47.37,dining,card
T006168,C0088,2026-06-13,2931.72,salary,inbound_transfer
T006178,C0088,2026-06-13,-119.45,retail,card
T006493,C0092,2026-06-13,-49.78,dining,card
T006895,C0097,2026-06-13,1021.55,salary,inbound_transfer
T007270,C0104,2026-06-13,-131.87,retail,card
T007783,C0112,2026-06-13,-50.34,retail,card
T008321,C0120,2026-06-13,-117.08,utilities,direct_debit
T008594,C0125,2026-06-13,-16.6,subscription,direct_debit
T008919,C0129,2026-06-13,-38.17,dining,card
T009067,C0131,2026-06-13,-85.64,cash_withdrawal,atm
T009690,C0140,2026-06-13,-247.94,transfer_out,app_transfer
T009850,C0142,2026-06-13,-18.82,subscription,direct_debit
T009854,C0142,2026-06-13,-109.72,cash_withdrawal,atm
T010351,C0150,2026-06-13,2072.49,salary,inbound_transfer
T010457,C0151,2026-06-13,1250.8,salary,inbound_transfer
T010459,C0151,2026-06-13,-377.58,transfer_out,app_transfer
T010465,C0151,2026-06-13,-130.34,retail,card
T010624,C0153,2026-06-13,-24.42,groceries,card
T010630,C0153,2026-06-13,-56.5,cash_withdrawal,atm
T010632,C0153,2026-06-13,-131.17,retail,card
T011014,C0158,2026-06-13,3231.42,salary,inbound_transfer
T011284,C0162,2026-06-13,-22.27,transport,card
T011348,C0163,2026-06-13,-37.03,retail,card
T011918,C0170,2026-06-13,-32.82,retail,card
T011985,C0171,2026-06-13,768.3,salary,inbound_transfer
T012160,C0174,2026-06-13,-89.53,cash_withdrawal,atm
T012312,C0176,2026-06-13,-15.9,dining,card
T012544,C0180,2026-06-13,-34.24,groceries,card
T012685,C0182,2026-06-13,961.65,salary,inbound_transfer
T012771,C0183,2026-06-13,-75.34,groceries,card
T012966,C0186,2026-06-13,-51.9,dining,card
T013025,C0187,2026-06-13,2844.9,salary,inbound_transfer
T013389,C0192,2026-06-13,-25.01,dining,card
T013639,C0196,2026-06-13,-5.97,transport,card
T000401,C0006,2026-06-14,-36.63,dining,card
T000499,C0008,2026-06-14,-28.82,dining,card
T000624,C0010,2026-06-14,-21.37,dining,card
T000840,C0013,2026-06-14,-55.88,dining,card
T001031,C0016,2026-06-14,-118.83,retail,card
T001113,C0017,2026-06-14,-7.27,subscription,direct_debit
T001410,C0021,2026-06-14,-95.61,retail,card
T001470,C0022,2026-06-14,3688.83,salary,inbound_transfer
T002918,C0042,2026-06-14,-15.62,subscription,direct_debit
T003448,C0050,2026-06-14,-150.96,transfer_out,app_transfer
T003550,C0051,2026-06-14,878.48,salary,inbound_transfer
T003741,C0053,2026-06-14,-15.91,dining,card
T003892,C0055,2026-06-14,-77.81,utilities,direct_debit
T004735,C0069,2026-06-14,-106.2,cash_withdrawal,atm
T005236,C0075,2026-06-14,-65.74,groceries,card
T005318,C0076,2026-06-14,-7.06,subscription,direct_debit
T005557,C0079,2026-06-14,-68.51,groceries,card
T005562,C0079,2026-06-14,-82.14,retail,card
T005713,C0081,2026-06-14,-289.53,transfer_out,app_transfer
T005722,C0081,2026-06-14,-25.0,transport,card
T006035,C0086,2026-06-14,826.81,salary,inbound_transfer
T006038,C0086,2026-06-14,-67.06,groceries,card
T006575,C0093,2026-06-14,-71.77,groceries,card
T006665,C0094,2026-06-14,-91.82,groceries,card
T007036,C0099,2026-06-14,-37.98,groceries,card
T007115,C0101,2026-06-14,-187.81,transfer_out,app_transfer
T007941,C0115,2026-06-14,-112.07,retail,card
T008079,C0117,2026-06-14,788.2,salary,inbound_transfer
T008087,C0117,2026-06-14,-73.1,retail,card
T009148,C0132,2026-06-14,-15.29,transport,card
T009353,C0134,2026-06-14,-49.58,groceries,card
T009530,C0137,2026-06-14,-114.73,retail,card
T009849,C0142,2026-06-14,-265.9,transfer_out,app_transfer
T010197,C0148,2026-06-14,2569.24,salary,inbound_transfer
T010466,C0151,2026-06-14,-76.15,cash_withdrawal,atm
T010625,C0153,2026-06-14,-43.12,dining,card
T010867,C0156,2026-06-14,-154.34,utilities,direct_debit
T010955,C0157,2026-06-14,-91.03,utilities,direct_debit
T011647,C0167,2026-06-14,-24.27,dining,card
T011750,C0168,2026-06-14,-238.84,transfer_out,app_transfer
T011916,C0170,2026-06-14,-30.2,transport,card
T012162,C0174,2026-06-14,-340.35,transfer_out,app_transfer
T012503,C0179,2026-06-14,-48.02,dining,card
T012598,C0181,2026-06-14,-24.96,dining,card
T012766,C0183,2026-06-14,-50.7,groceries,card
T012768,C0183,2026-06-14,-48.78,dining,card
T012961,C0186,2026-06-14,-86.46,utilities,direct_debit
T013031,C0187,2026-06-14,-77.29,groceries,card
T013275,C0190,2026-06-14,-29.75,groceries,card
T013278,C0190,2026-06-14,-8.55,transport,card
T013470,C0193,2026-06-14,-26.2,retail,card
T013640,C0196,2026-06-14,-27.69,transport,card
T000176,C0003,2026-06-15,-276.12,transfer_out,app_transfer
T000180,C0003,2026-06-15,-215.79,transfer_out,app_transfer
T000493,C0008,2026-06-15,-6.6,transport,card
T001286,C0019,2026-06-15,-110.76,transfer_out,app_transfer
T001409,C0021,2026-06-15,-6.12,transport,card
T001661,C0024,2026-06-15,-77.27,transfer_out,app_transfer
T001938,C0028,2026-06-15,3207.46,salary,inbound_transfer
T001945,C0028,2026-06-15,-7.58,subscription,direct_debit
T002270,C0032,2026-06-15,-351.67,transfer_out,app_transfer
T002275,C0032,2026-06-15,-46.99,groceries,card
T002775,C0040,2026-06-15,-374.28,transfer_out,app_transfer
T002919,C0042,2026-06-15,-333.83,transfer_out,app_transfer
T003354,C0049,2026-06-15,-56.95,groceries,card
T003439,C0050,2026-06-15,2195.36,salary,inbound_transfer
T004141,C0060,2026-06-15,-19.72,subscription,direct_debit
T005422,C0077,2026-06-15,-58.1,cash_withdrawal,atm
T005632,C0080,2026-06-15,-117.29,retail,card
T005638,C0080,2026-06-15,-67.96,groceries,card
T005714,C0081,2026-06-15,-203.91,transfer_out,app_transfer
T005715,C0081,2026-06-15,-74.97,transfer_out,app_transfer
T006170,C0088,2026-06-15,-181.4,transfer_out,app_transfer
T006900,C0097,2026-06-15,-75.33,groceries,card
T006981,C0098,2026-06-15,-45.0,groceries,card
T007690,C0111,2026-06-15,-74.36,utilities,direct_debit
T007696,C0111,2026-06-15,-77.32,cash_withdrawal,atm
T008243,C0119,2026-06-15,-14.52,subscription,direct_debit
T008245,C0119,2026-06-15,-17.38,dining,card
T008507,C0124,2026-06-15,-46.76,groceries,card
T008844,C0128,2026-06-15,930.31,salary,inbound_transfer
T008851,C0128,2026-06-15,-60.91,groceries,card
T008852,C0128,2026-06-15,-30.24,transport,card
T009602,C0138,2026-06-15,-15.71,transport,card
T009603,C0138,2026-06-15,-25.3,transport,card
T009761,C0141,2026-06-15,-113.7,transfer_out,app_transfer
T010115,C0146,2026-06-15,858.27,salary,inbound_transfer
T010358,C0150,2026-06-15,-12.94,transport,card
T010469,C0151,2026-06-15,-170.77,transfer_out,app_transfer
T010470,C0151,2026-06-15,-28.24,dining,card
T010786,C0155,2026-06-15,-55.23,dining,card
T010787,C0155,2026-06-15,-24.95,subscription,direct_debit
T011347,C0163,2026-06-15,-42.5,utilities,direct_debit
T011744,C0168,2026-06-15,-306.64,transfer_out,app_transfer
T012236,C0175,2026-06-15,-15.71,dining,card
T012238,C0175,2026-06-15,-76.59,retail,card
T012601,C0181,2026-06-15,-25.92,transport,card
T012767,C0183,2026-06-15,-22.19,transport,card
T012884,C0185,2026-06-15,-40.31,groceries,card
T013735,C0197,2026-06-15,-99.02,utilities,direct_debit
T000059,C0001,2026-06-16,-53.28,retail,card
T000242,C0004,2026-06-16,3631.87,salary,inbound_transfer
T000898,C0014,2026-06-16,-209.74,transfer_out,app_transfer
T001180,C0018,2026-06-16,-39.4,dining,card
T001551,C0023,2026-06-16,3258.99,salary,inbound_transfer
T001658,C0024,2026-06-16,-73.21,retail,card
T001947,C0028,2026-06-16,-16.45,dining,card
T002468,C0036,2026-06-16,-40.22,dining,card
T002567,C0037,2026-06-16,-78.86,cash_withdrawal,atm
T002569,C0037,2026-06-16,-94.04,cash_withdrawal,atm
T002772,C0040,2026-06-16,-19.43,transport,card
T002840,C0041,2026-06-16,-49.14,groceries,card
T002843,C0041,2026-06-16,-121.49,retail,card
T002915,C0042,2026-06-16,3103.78,salary,inbound_transfer
T002985,C0043,2026-06-16,-22.0,subscription,direct_debit
T002997,C0043,2026-06-16,-6.05,subscription,direct_debit
T003353,C0049,2026-06-16,-73.66,retail,card
T003451,C0050,2026-06-16,-20.38,groceries,card
T003744,C0053,2026-06-16,-52.0,dining,card
T004071,C0059,2026-06-16,-55.67,dining,card
T004657,C0068,2026-06-16,-34.04,cash_withdrawal,atm
T005136,C0074,2026-06-16,-20.31,transport,card
T005313,C0076,2026-06-16,-37.26,dining,card
T005412,C0077,2026-06-16,-58.5,groceries,card
T005415,C0077,2026-06-16,-234.31,transfer_out,app_transfer
T005418,C0077,2026-06-16,-118.15,retail,card
T005558,C0079,2026-06-16,-59.88,dining,card
T005563,C0079,2026-06-16,-13.25,transport,card
T006044,C0086,2026-06-16,-14.9,transport,card
T006364,C0090,2026-06-16,931.6,salary,inbound_transfer
T006484,C0092,2026-06-16,1393.58,salary,inbound_transfer
T006495,C0092,2026-06-16,-31.76,dining,card
T006498,C0092,2026-06-16,-24.17,groceries,card
T006579,C0093,2026-06-16,-68.64,groceries,card
T006821,C0096,2026-06-16,-109.44,cash_withdrawal,atm
T006972,C0098,2026-06-16,-27.15,dining,card
T006975,C0098,2026-06-16,-9.2,transport,card
T007542,C0109,2026-06-16,-25.81,transport,card
T007687,C0111,2026-06-16,-83.98,utilities,direct_debit
T007777,C0112,2026-06-16,3422.83,salary,inbound_transfer
T007779,C0112,2026-06-16,-14.21,dining,card
T007938,C0115,2026-06-16,-7.19,transport,card
T008080,C0117,2026-06-16,-91.37,groceries,card
T008511,C0124,2026-06-16,-73.68,groceries,card
T008677,C0126,2026-06-16,2341.95,salary,inbound_transfer
T009248,C0133,2026-06-16,-49.0,retail,card
T009344,C0134,2026-06-16,-10.52,subscription,direct_debit
T009856,C0142,2026-06-16,-22.89,transport,card
T010023,C0145,2026-06-16,-22.5,subscription,direct_debit
T010027,C0145,2026-06-16,-78.39,utilities,direct_debit
T010352,C0150,2026-06-16,2357.87,salary,inbound_transfer
T010458,C0151,2026-06-16,1404.83,salary,inbound_transfer
T010556,C0152,2026-06-16,-51.88,cash_withdrawal,atm
T010621,C0153,2026-06-16,-43.12,groceries,card
T010948,C0157,2026-06-16,-65.34,groceries,card
T011420,C0164,2026-06-16,-105.46,retail,card
T011989,C0171,2026-06-16,-24.29,transport,card
T012316,C0176,2026-06-16,-27.03,dining,card
T012501,C0179,2026-06-16,-21.36,groceries,card
T013116,C0188,2026-06-16,-117.45,utilities,direct_debit
T013274,C0190,2026-06-16,-84.84,groceries,card
T013472,C0193,2026-06-16,-310.5,transfer_out,app_transfer
T013740,C0197,2026-06-16,-104.08,utilities,direct_debit
T000065,C0001,2026-06-17,-90.93,groceries,card
T000178,C0003,2026-06-17,-53.67,utilities,direct_debit
T000390,C0006,2026-06-17,3389.34,salary,inbound_transfer
T000397,C0006,2026-06-17,-16.25,subscription,direct_debit
T000491,C0008,2026-06-17,2692.95,salary,inbound_transfer
T000713,C0011,2026-06-17,-130.26,retail,card
T000778,C0012,2026-06-17,-317.22,transfer_out,app_transfer
T001022,C0016,2026-06-17,-339.04,transfer_out,app_transfer
T001178,C0018,2026-06-17,-94.42,utilities,direct_debit
T001408,C0021,2026-06-17,-15.63,transport,card
T001659,C0024,2026-06-17,-57.86,dining,card
T002124,C0030,2026-06-17,2186.24,salary,inbound_transfer
T002128,C0030,2026-06-17,-15.18,transport,card
T002397,C0034,2026-06-17,-62.9,retail,card
T002398,C0034,2026-06-17,-35.89,dining,card
T002570,C0037,2026-06-17,-36.15,dining,card
T002717,C0039,2026-06-17,-198.9,transfer_out,app_transfer
T002921,C0042,2026-06-17,-23.39,groceries,card
T003094,C0045,2026-06-17,790.5,salary,inbound_transfer
T003252,C0047,2026-06-17,-119.3,transfer_out,app_transfer
T003346,C0049,2026-06-17,-192.12,utilities,direct_debit
T003349,C0049,2026-06-17,-113.9,retail,card
T003441,C0050,2026-06-17,-302.36,transfer_out,app_transfer
T003449,C0050,2026-06-17,-30.25,groceries,card
T004531,C0066,2026-06-17,-92.18,groceries,card
T004533,C0066,2026-06-17,-45.77,groceries,card
T004895,C0071,2026-06-17,-71.59,retail,card
T004971,C0072,2026-06-17,-36.99,dining,card
T005047,C0073,2026-06-17,-28.32,transport,card
T005717,C0081,2026-06-17,-26.11,subscription,direct_debit
T006047,C0086,2026-06-17,-5.88,transport,card
T006169,C0088,2026-06-17,-212.11,transfer_out,app_transfer
T006275,C0089,2026-06-17,-35.97,dining,card
T006490,C0092,2026-06-17,-8.87,subscription,direct_debit
T006500,C0092,2026-06-17,-152.85,utilities,direct_debit
T006659,C0094,2026-06-17,-53.82,dining,card
T006898,C0097,2026-06-17,-58.9,cash_withdrawal,atm
T006971,C0098,2026-06-17,-82.7,retail,card
T006979,C0098,2026-06-17,-88.47,groceries,card
T007210,C0103,2026-06-17,-17.39,transport,card
T007778,C0112,2026-06-17,-42.99,dining,card
T007943,C0115,2026-06-17,-119.76,transfer_out,app_transfer
T008085,C0117,2026-06-17,-55.71,utilities,direct_debit
T008086,C0117,2026-06-17,-20.63,dining,card
T008166,C0118,2026-06-17,-28.17,dining,card
T008240,C0119,2026-06-17,-135.35,transfer_out,app_transfer
T008847,C0128,2026-06-17,-12.04,transport,card
T008854,C0128,2026-06-17,-141.29,transfer_out,app_transfer
T009350,C0134,2026-06-17,-82.19,groceries,card
T010030,C0145,2026-06-17,-35.7,dining,card
T010550,C0152,2026-06-17,-73.67,retail,card
T010619,C0153,2026-06-17,4119.24,salary,inbound_transfer
T010781,C0155,2026-06-17,-65.32,groceries,card
T010874,C0156,2026-06-17,-55.06,dining,card
T010954,C0157,2026-06-17,-50.02,dining,card
T011355,C0163,2026-06-17,-55.32,groceries,card
T012426,C0178,2026-06-17,-84.33,cash_withdrawal,atm
T012599,C0181,2026-06-17,-62.55,retail,card
T013033,C0187,2026-06-17,-53.95,groceries,card
T013387,C0192,2026-06-17,-6.29,subscription,direct_debit
T013474,C0193,2026-06-17,-138.59,transfer_out,app_transfer
T000057,C0001,2026-06-18,-33.48,retail,card
T000175,C0003,2026-06-18,2963.05,salary,inbound_transfer
T000177,C0003,2026-06-18,-25.05,groceries,card
T000392,C0006,2026-06-18,-21.83,groceries,card
T000629,C0010,2026-06-18,-54.73,dining,card
T001025,C0016,2026-06-18,-54.65,retail,card
T001028,C0016,2026-06-18,-17.83,transport,card
T001176,C0018,2026-06-18,-43.46,dining,card
T001275,C0019,2026-06-18,-8.03,transport,card
T001405,C0021,2026-06-18,-26.54,transport,card
T001475,C0022,2026-06-18,-205.82,utilities,direct_debit
T001563,C0023,2026-06-18,-52.68,groceries,card
T001800,C0026,2026-06-18,-60.48,cash_withdrawal,atm
T001857,C0027,2026-06-18,-71.51,groceries,card
T001939,C0028,2026-06-18,-45.38,groceries,card
T001946,C0028,2026-06-18,-349.74,transfer_out,app_transfer
T002716,C0039,2026-06-18,-26.13,transport,card
T002995,C0043,2026-06-18,-26.26,transport,card
T003168,C0046,2026-06-18,-38.93,dining,card
T003562,C0051,2026-06-18,-201.81,utilities,direct_debit
T003894,C0055,2026-06-18,-12.22,dining,card
T004262,C0062,2026-06-18,-8.9,transport,card
T004655,C0068,2026-06-18,777.49,salary,inbound_transfer
T004973,C0072,2026-06-18,-65.36,groceries,card
T005048,C0073,2026-06-18,-21.44,transport,card
T005146,C0074,2026-06-18,-42.75,groceries,card
T005321,C0076,2026-06-18,-104.45,transfer_out,app_transfer
T005561,C0079,2026-06-18,-60.97,dining,card
T005637,C0080,2026-06-18,-175.63,utilities,direct_debit
T005712,C0081,2026-06-18,848.47,salary,inbound_transfer
T005949,C0085,2026-06-18,-96.4,retail,card
T006051,C0086,2026-06-18,-59.87,utilities,direct_debit
T006662,C0094,2026-06-18,-40.62,groceries,card
T006974,C0098,2026-06-18,-43.69,dining,card
T007206,C0103,2026-06-18,-8.88,transport,card
T007271,C0104,2026-06-18,-62.7,utilities,direct_debit
T007533,C0109,2026-06-18,-56.76,dining,card
T007692,C0111,2026-06-18,-85.97,retail,card
T007780,C0112,2026-06-18,-39.32,dining,card
T007782,C0112,2026-06-18,-58.28,groceries,card
T007828,C0113,2026-06-18,-20.02,cash_withdrawal,atm
T007831,C0113,2026-06-18,-26.39,transport,card
T008242,C0119,2026-06-18,-60.1,groceries,card
T008595,C0125,2026-06-18,-22.97,groceries,card
T008853,C0128,2026-06-18,-88.63,groceries,card
T008914,C0129,2026-06-18,2918.14,salary,inbound_transfer
T008992,C0130,2026-06-18,-24.7,transport,card
T009412,C0135,2026-06-18,798.23,salary,inbound_transfer
T009488,C0136,2026-06-18,-8.08,transport,card
T010024,C0145,2026-06-18,-10.57,subscription,direct_debit
T010557,C0152,2026-06-18,-54.5,groceries,card
T010704,C0154,2026-06-18,-56.91,dining,card
T011285,C0162,2026-06-18,-10.95,transport,card
T012167,C0174,2026-06-18,-89.76,retail,card
T012170,C0174,2026-06-18,-89.82,groceries,card
T012602,C0181,2026-06-18,-36.32,groceries,card
T013113,C0188,2026-06-18,-7.3,transport,card
T013473,C0193,2026-06-18,-25.04,groceries,card
T013638,C0196,2026-06-18,-107.83,cash_withdrawal,atm
T000398,C0006,2026-06-19,-178.36,utilities,direct_debit
T000402,C0006,2026-06-19,-23.82,dining,card
T000706,C0011,2026-06-19,-75.5,groceries,card
T001024,C0016,2026-06-19,-6.03,subscription,direct_debit
T001106,C0017,2026-06-19,-43.78,groceries,card
T001283,C0019,2026-06-19,-114.67,retail,card
T002131,C0030,2026-06-19,-155.3,utilities,direct_debit
T002268,C0032,2026-06-19,-40.65,retail,card
T002401,C0034,2026-06-19,-11.07,transport,card
T002402,C0034,2026-06-19,-24.87,dining,card
T002715,C0039,2026-06-19,-36.4,dining,card
T002993,C0043,2026-06-19,-42.24,cash_withdrawal,atm
T003250,C0047,2026-06-19,-129.49,retail,card
T003254,C0047,2026-06-19,-5.69,subscription,direct_debit
T003450,C0050,2026-06-19,-51.99,dining,card
T003638,C0052,2026-06-19,875.05,salary,inbound_transfer
T003891,C0055,2026-06-19,4055.62,salary,inbound_transfer
T004139,C0060,2026-06-19,-89.23,transfer_out,app_transfer
T004149,C0060,2026-06-19,-259.58,transfer_out,app_transfer
T004327,C0063,2026-06-19,-81.16,groceries,card
T005142,C0074,2026-06-19,-41.68,groceries,card
T005232,C0075,2026-06-19,-110.24,retail,card
T005316,C0076,2026-06-19,-42.36,cash_withdrawal,atm
T005631,C0080,2026-06-19,824.88,salary,inbound_transfer
T005633,C0080,2026-06-19,-53.93,dining,card
T005719,C0081,2026-06-19,-21.37,groceries,card
T005720,C0081,2026-06-19,-97.62,utilities,direct_debit
T005847,C0083,2026-06-19,-57.99,dining,card
T005955,C0085,2026-06-19,-60.4,groceries,card
T006040,C0086,2026-06-19,-17.14,subscription,direct_debit
T006049,C0086,2026-06-19,-107.82,cash_withdrawal,atm
T006050,C0086,2026-06-19,-24.12,retail,card
T006180,C0088,2026-06-19,-330.34,transfer_out,app_transfer
T006365,C0090,2026-06-19,-68.75,groceries,card
T007035,C0099,2026-06-19,-46.63,dining,card
T007309,C0105,2026-06-19,-19.76,transport,card
T007532,C0109,2026-06-19,768.44,salary,inbound_transfer
T007683,C0111,2026-06-19,-13.96,subscription,direct_debit
T007939,C0115,2026-06-19,-14.8,transport,card
T008989,C0130,2026-06-19,-40.7,dining,card
T009152,C0132,2026-06-19,-49.92,groceries,card
T009489,C0136,2026-06-19,-11.4,dining,card
T009759,C0141,2026-06-19,-214.68,transfer_out,app_transfer
T009851,C0142,2026-06-19,-132.68,transfer_out,app_transfer
T009853,C0142,2026-06-19,-75.41,groceries,card
T010025,C0145,2026-06-19,-50.42,dining,card
T010033,C0145,2026-06-19,-88.59,groceries,card
T010204,C0148,2026-06-19,-307.89,transfer_out,app_transfer
T010631,C0153,2026-06-19,-21.25,groceries,card
T011183,C0161,2026-06-19,-28.14,transport,card
T011185,C0161,2026-06-19,-9.45,transport,card
T011353,C0163,2026-06-19,-6.39,transport,card
T011417,C0164,2026-06-19,-46.26,dining,card
T011423,C0164,2026-06-19,-46.16,retail,card
T011491,C0165,2026-06-19,-256.13,transfer_out,app_transfer
T011566,C0166,2026-06-19,-28.38,transport,card
T012158,C0174,2026-06-19,-29.9,cash_withdrawal,atm
T012318,C0176,2026-06-19,-12.19,subscription,direct_debit
T012688,C0182,2026-06-19,-83.02,retail,card
T012964,C0186,2026-06-19,-58.79,dining,card
T000844,C0013,2026-06-20,-23.67,groceries,card
T001021,C0016,2026-06-20,4146.43,salary,inbound_transfer
T001023,C0016,2026-06-20,-67.93,groceries,card
T001565,C0023,2026-06-20,-28.83,dining,card
T002026,C0029,2026-06-20,-84.97,groceries,card
T002712,C0039,2026-06-20,-6.49,transport,card
T002776,C0040,2026-06-20,-53.29,dining,card
T002989,C0043,2026-06-20,-18.07,groceries,card
T002992,C0043,2026-06-20,-80.63,groceries,card
T003438,C0050,2026-06-20,1965.27,salary,inbound_transfer
T003642,C0052,2026-06-20,-30.7,dining,card
T003644,C0052,2026-06-20,-29.17,transport,card
T003646,C0052,2026-06-20,-17.34,subscription,direct_debit
T003737,C0053,2026-06-20,-45.32,dining,card
T003895,C0055,2026-06-20,-8.8,subscription,direct_debit
T005043,C0073,2026-06-20,-66.02,groceries,card
T005410,C0077,2026-06-20,-63.17,retail,card
T005554,C0079,2026-06-20,-42.72,dining,card
T005846,C0083,2026-06-20,-25.4,groceries,card
T006172,C0088,2026-06-20,-77.6,groceries,card
T006270,C0089,2026-06-20,-24.54,groceries,card
T006278,C0089,2026-06-20,-41.45,dining,card
T006487,C0092,2026-06-20,-107.15,retail,card
T006573,C0093,2026-06-20,-71.04,groceries,card
T007314,C0105,2026-06-20,-63.33,groceries,card
T007535,C0109,2026-06-20,-45.38,groceries,card
T007935,C0115,2026-06-20,-27.2,transport,card
T008007,C0116,2026-06-20,-12.29,subscription,direct_debit
T008163,C0118,2026-06-20,976.62,salary,inbound_transfer
T008244,C0119,2026-06-20,-283.25,transfer_out,app_transfer
T008388,C0121,2026-06-20,-369.18,transfer_out,app_transfer
T009143,C0132,2026-06-20,-25.14,transport,card
T009485,C0136,2026-06-20,2691.71,salary,inbound_transfer
T010026,C0145,2026-06-20,-89.91,utilities,direct_debit
T010199,C0148,2026-06-20,-18.9,transport,card
T010549,C0152,2026-06-20,-6.53,transport,card
T010709,C0154,2026-06-20,-72.28,utilities,direct_debit
T011179,C0161,2026-06-20,-104.29,retail,card
T011419,C0164,2026-06-20,-122.34,retail,card
T011559,C0166,2026-06-20,-98.71,transfer_out,app_transfer
T011561,C0166,2026-06-20,-165.49,transfer_out,app_transfer
T011562,C0166,2026-06-20,-31.45,retail,card
T011644,C0167,2026-06-20,-33.41,dining,card
T011749,C0168,2026-06-20,-101.19,utilities,direct_debit
T012596,C0181,2026-06-20,-30.84,groceries,card
T012600,C0181,2026-06-20,-31.33,dining,card
T012957,C0186,2026-06-20,4340.62,salary,inbound_transfer
T013035,C0187,2026-06-20,-31.67,groceries,card
T013106,C0188,2026-06-20,3532.47,salary,inbound_transfer
T013109,C0188,2026-06-20,-5.57,subscription,direct_debit
T013115,C0188,2026-06-20,-112.02,transfer_out,app_transfer
T013386,C0192,2026-06-20,-55.16,cash_withdrawal,atm
T013395,C0192,2026-06-20,-186.09,utilities,direct_debit
T013468,C0193,2026-06-20,-193.53,utilities,direct_debit
T013742,C0197,2026-06-20,-45.67,dining,card
T001109,C0017,2026-06-21,-201.32,transfer_out,app_transfer
T001654,C0024,2026-06-21,-16.77,dining,card
T001941,C0028,2026-06-21,-28.14,retail,card
T002023,C0029,2026-06-21,-91.86,groceries,card
T002025,C0029,2026-06-21,-56.19,cash_withdrawal,atm
T002472,C0036,2026-06-21,-52.66,groceries,card
T002835,C0041,2026-06-21,-8.03,transport,card
T002917,C0042,2026-06-21,-97.75,retail,card
T002990,C0043,2026-06-21,-18.83,groceries,card
T003251,C0047,2026-06-21,-119.08,retail,card
T003356,C0049,2026-06-21,-113.72,retail,card
T003745,C0053,2026-06-21,-328.38,transfer_out,app_transfer
T003898,C0055,2026-06-21,-129.15,retail,card
T003967,C0056,2026-06-21,1979.7,salary,inbound_transfer
T004328,C0063,2026-06-21,-298.61,transfer_out,app_transfer
T004970,C0072,2026-06-21,-32.21,groceries,card
T004972,C0072,2026-06-21,-188.17,transfer_out,app_transfer
T005135,C0074,2026-06-21,-88.55,groceries,card
T005228,C0075,2026-06-21,-82.5,groceries,card
T005950,C0085,2026-06-21,-70.74,cash_withdrawal,atm
T006272,C0089,2026-06-21,-40.75,dining,card
T006825,C0096,2026-06-21,-265.36,transfer_out,app_transfer
T007313,C0105,2026-06-21,-88.53,utilities,direct_debit
T007534,C0109,2026-06-21,-29.36,cash_withdrawal,atm
T007934,C0115,2026-06-21,-85.29,groceries,card
T008010,C0116,2026-06-21,-8.78,subscription,direct_debit
T008083,C0117,2026-06-21,-21.35,transport,card
T008084,C0117,2026-06-21,-11.6,transport,card
T008168,C0118,2026-06-21,-80.08,groceries,card
T008237,C0119,2026-06-21,-354.09,transfer_out,app_transfer
T009146,C0132,2026-06-21,-33.5,dining,card
T009149,C0132,2026-06-21,-76.78,groceries,card
T010551,C0152,2026-06-21,-10.27,subscription,direct_debit
T010553,C0152,2026-06-21,-196.52,utilities,direct_debit
T010780,C0155,2026-06-21,-146.84,transfer_out,app_transfer
T011187,C0161,2026-06-21,-41.01,dining,card
T011745,C0168,2026-06-21,-19.21,groceries,card
T012164,C0174,2026-06-21,-76.19,groceries,card
T012169,C0174,2026-06-21,-34.67,dining,card
T012423,C0178,2026-06-21,-178.77,transfer_out,app_transfer
T012502,C0179,2026-06-21,-177.34,utilities,direct_debit
T012874,C0185,2026-06-21,-39.03,groceries,card
T012881,C0185,2026-06-21,-31.74,dining,card
T013112,C0188,2026-06-21,-51.78,groceries,card
T013464,C0193,2026-06-21,-14.22,dining,card
T000185,C0003,2026-06-22,-91.06,groceries,card
T000248,C0004,2026-06-22,-27.33,dining,card
T000249,C0004,2026-06-22,-29.68,retail,card
T000707,C0011,2026-06-22,-84.35,groceries,card
T000837,C0013,2026-06-22,-149.93,utilities,direct_debit
T000838,C0013,2026-06-22,-95.23,cash_withdrawal,atm
T000839,C0013,2026-06-22,-51.51,dining,card
T000959,C0015,2026-06-22,-7.4,subscription,direct_debit
T001402,C0021,2026-06-22,4278.48,salary,inbound_transfer
T001552,C0023,2026-06-22,-29.62,dining,card
T001943,C0028,2026-06-22,-156.57,utilities,direct_debit
T002774,C0040,2026-06-22,-59.34,cash_withdrawal,atm
T002839,C0041,2026-06-22,-108.93,utilities,direct_debit
T003169,C0046,2026-06-22,-59.46,dining,card
T003287,C0048,2026-06-22,-82.05,utilities,direct_debit
T003350,C0049,2026-06-22,-250.74,transfer_out,app_transfer
T003443,C0050,2026-06-22,-76.07,groceries,card
T003643,C0052,2026-06-22,-101.96,cash_withdrawal,atm
T004142,C0060,2026-06-22,-54.69,groceries,card
T004461,C0065,2026-06-22,-63.36,retail,card
T005233,C0075,2026-06-22,-90.37,retail,card
T005314,C0076,2026-06-22,-46.68,dining,card
T006276,C0089,2026-06-22,-14.18,transport,card
T006486,C0092,2026-06-22,1301.14,salary,inbound_transfer
T007034,C0099,2026-06-22,2733.06,salary,inbound_transfer
T007212,C0103,2026-06-22,-84.04,groceries,card
T007316,C0105,2026-06-22,-8.13,transport,card
T007531,C0109,2026-06-22,766.82,salary,inbound_transfer
T007544,C0109,2026-06-22,-58.62,groceries,card
T007878,C0114,2026-06-22,-60.01,dining,card
T008088,C0117,2026-06-22,-11.78,subscription,direct_debit
T008512,C0124,2026-06-22,-40.41,cash_withdrawal,atm
T008679,C0126,2026-06-22,-68.09,groceries,card
T008846,C0128,2026-06-22,769.0,salary,inbound_transfer
T008850,C0128,2026-06-22,-33.83,dining,card
T010473,C0151,2026-06-22,-84.59,retail,card
T011182,C0161,2026-06-22,-23.92,groceries,card
T011346,C0163,2026-06-22,-165.34,utilities,direct_debit
T011418,C0164,2026-06-22,-41.28,dining,card
T011648,C0167,2026-06-22,-105.77,transfer_out,app_transfer
T011652,C0167,2026-06-22,-181.09,utilities,direct_debit
T011653,C0167,2026-06-22,-106.8,retail,card
T011748,C0168,2026-06-22,-29.78,groceries,card
T012171,C0174,2026-06-22,-69.89,groceries,card
T012173,C0174,2026-06-22,-36.4,dining,card
T012381,C0177,2026-06-22,-24.15,dining,card
T012880,C0185,2026-06-22,-59.29,groceries,card
T013519,C0194,2026-06-22,-76.71,utilities,direct_debit
T013732,C0197,2026-06-22,-26.58,transport,card
T000251,C0004,2026-06-23,-7.32,subscription,direct_debit
T000498,C0008,2026-06-23,-59.84,retail,card
T000845,C0013,2026-06-23,-33.94,dining,card
T001104,C0017,2026-06-23,-82.59,groceries,card
T001110,C0017,2026-06-23,-23.57,dining,card
T001798,C0026,2026-06-23,-22.71,transport,card
T001861,C0027,2026-06-23,-7.55,subscription,direct_debit
T002714,C0039,2026-06-23,-59.19,dining,card
T002837,C0041,2026-06-23,-385.91,transfer_out,app_transfer
T002841,C0041,2026-06-23,-39.98,groceries,card
T003561,C0051,2026-06-23,-64.41,cash_withdrawal,atm
T003746,C0053,2026-06-23,-51.28,groceries,card
T003972,C0056,2026-06-23,-64.29,groceries,card
T004070,C0059,2026-06-23,-168.74,transfer_out,app_transfer
T004326,C0063,2026-06-23,-22.17,subscription,direct_debit
T004894,C0071,2026-06-23,-30.58,transport,card
T005040,C0073,2026-06-23,-11.88,transport,card
T005147,C0074,2026-06-23,-23.66,transport,card
T005239,C0075,2026-06-23,-39.69,dining,card
T005420,C0077,2026-06-23,-53.55,cash_withdrawal,atm
T006671,C0094,2026-06-23,-76.54,groceries,card
T006826,C0096,2026-06-23,-60.19,groceries,card
T007042,C0099,2026-06-23,-80.06,groceries,card
T007315,C0105,2026-06-23,-249.96,transfer_out,app_transfer
T007940,C0115,2026-06-23,-44.14,dining,card
T007944,C0115,2026-06-23,-23.29,subscription,direct_debit
T008081,C0117,2026-06-23,-111.27,retail,card
T008164,C0118,2026-06-23,-16.42,dining,card
T008325,C0120,2026-06-23,-245.17,transfer_out,app_transfer
T008389,C0121,2026-06-23,-99.97,retail,card
T008510,C0124,2026-06-23,-107.39,utilities,direct_debit
T009247,C0133,2026-06-23,-71.98,groceries,card
T009348,C0134,2026-06-23,-20.76,subscription,direct_debit
T009604,C0138,2026-06-23,-62.92,groceries,card
T009757,C0141,2026-06-23,-29.15,transport,card
T009865,C0142,2026-06-23,-135.69,utilities,direct_debit
T010548,C0152,2026-06-23,-161.53,transfer_out,app_transfer
T010873,C0156,2026-06-23,-74.17,retail,card
T011176,C0161,2026-06-23,-171.15,transfer_out,app_transfer
T011563,C0166,2026-06-23,-23.63,groceries,card
T011641,C0167,2026-06-23,-52.6,retail,card
T011844,C0169,2026-06-23,-160.63,transfer_out,app_transfer
T012237,C0175,2026-06-23,-10.09,transport,card
T012875,C0185,2026-06-23,-41.65,retail,card
T013107,C0188,2026-06-23,-14.48,dining,card
T013108,C0188,2026-06-23,-105.04,retail,card
T013197,C0189,2026-06-23,-8.95,transport,card
T013391,C0192,2026-06-23,-20.53,transport,card
T000183,C0003,2026-06-24,-72.8,groceries,card
T000243,C0004,2026-06-24,-16.31,transport,card
T000246,C0004,2026-06-24,-91.92,utilities,direct_debit
T000715,C0011,2026-06-24,-24.02,subscription,direct_debit
T001027,C0016,2026-06-24,-128.72,utilities,direct_debit
T001280,C0019,2026-06-24,-37.18,groceries,card
T001477,C0022,2026-06-24,-24.91,retail,card
T002132,C0030,2026-06-24,-15.62,transport,card
T002323,C0033,2026-06-24,-129.02,retail,card
T002842,C0041,2026-06-24,-50.08,dining,card
T003171,C0046,2026-06-24,-97.73,retail,card
T003345,C0049,2026-06-24,-32.9,groceries,card
T003553,C0051,2026-06-24,-29.64,transport,card
T003557,C0051,2026-06-24,-258.16,transfer_out,app_transfer
T004145,C0060,2026-06-24,-47.72,groceries,card
T004148,C0060,2026-06-24,-20.13,subscription,direct_debit
T004150,C0060,2026-06-24,-76.07,cash_withdrawal,atm
T004152,C0060,2026-06-24,-30.46,groceries,card
T004261,C0062,2026-06-24,-78.26,groceries,card
T004323,C0063,2026-06-24,-30.36,groceries,card
T005721,C0081,2026-06-24,-53.1,groceries,card
T005956,C0085,2026-06-24,-126.88,retail,card
T006045,C0086,2026-06-24,-28.2,cash_withdrawal,atm
T006667,C0094,2026-06-24,-119.02,transfer_out,app_transfer
T007037,C0099,2026-06-24,-32.08,groceries,card
T007039,C0099,2026-06-24,-114.97,transfer_out,app_transfer
T007116,C0101,2026-06-24,-152.21,transfer_out,app_transfer
T007311,C0105,2026-06-24,-6.4,transport,card
T007541,C0109,2026-06-24,-51.47,groceries,card
T007784,C0112,2026-06-24,-32.28,groceries,card
T008238,C0119,2026-06-24,-106.3,retail,card
T008686,C0126,2026-06-24,-28.83,transport,card
T008915,C0129,2026-06-24,-145.89,transfer_out,app_transfer
T009145,C0132,2026-06-24,-60.14,dining,card
T009866,C0142,2026-06-24,-61.55,dining,card
T010706,C0154,2026-06-24,-111.78,utilities,direct_debit
T010950,C0157,2026-06-24,-46.72,retail,card
T010951,C0157,2026-06-24,-16.29,transport,card
T011180,C0161,2026-06-24,-39.82,retail,card
T011188,C0161,2026-06-24,-27.49,retail,card
T011352,C0163,2026-06-24,-26.35,transport,card
T012379,C0177,2026-06-24,930.57,salary,inbound_transfer
T012429,C0178,2026-06-24,-245.35,transfer_out,app_transfer
T012684,C0182,2026-06-24,862.46,salary,inbound_transfer
T012873,C0185,2026-06-24,-29.02,dining,card
T013034,C0187,2026-06-24,-54.66,dining,card
T013738,C0197,2026-06-24,-39.46,groceries,card
T000182,C0003,2026-06-25,-74.07,retail,card
T000253,C0004,2026-06-25,-39.32,dining,card
T000703,C0011,2026-06-25,-90.68,groceries,card
T000705,C0011,2026-06-25,-29.33,groceries,card
T000776,C0012,2026-06-25,3392.34,salary,inbound_transfer
T001181,C0018,2026-06-25,-134.76,utilities,direct_debit
T001944,C0028,2026-06-25,-111.53,retail,card
T002562,C0037,2026-06-25,-69.33,groceries,card
T002711,C0039,2026-06-25,2979.88,salary,inbound_transfer
T002722,C0039,2026-06-25,-27.27,transport,card
T002923,C0042,2026-06-25,-88.49,groceries,card
T003453,C0050,2026-06-25,-16.08,subscription,direct_debit
T003900,C0055,2026-06-25,-17.37,subscription,direct_debit
T003969,C0056,2026-06-25,-138.34,utilities,direct_debit
T004140,C0060,2026-06-25,-65.14,groceries,card
T005238,C0075,2026-06-25,-34.24,groceries,card
T005317,C0076,2026-06-25,-50.66,dining,card
T005954,C0085,2026-06-25,-15.05,transport,card
T006046,C0086,2026-06-25,-80.07,groceries,card
T006052,C0086,2026-06-25,-109.84,transfer_out,app_transfer
T006282,C0089,2026-06-25,-25.89,dining,card
T006363,C0090,2026-06-25,860.04,salary,inbound_transfer
T006491,C0092,2026-06-25,-90.59,groceries,card
T006670,C0094,2026-06-25,-9.13,transport,card
T006823,C0096,2026-06-25,-108.87,cash_withdrawal,atm
T006833,C0096,2026-06-25,-41.17,utilities,direct_debit
T006897,C0097,2026-06-25,-41.85,cash_withdrawal,atm
T007308,C0105,2026-06-25,2804.24,salary,inbound_transfer
T007829,C0113,2026-06-25,-77.62,cash_withdrawal,atm
T008165,C0118,2026-06-25,-39.43,groceries,card
T008172,C0118,2026-06-25,-28.42,groceries,card
T009486,C0136,2026-06-25,-189.09,transfer_out,app_transfer
T009760,C0141,2026-06-25,-27.36,cash_withdrawal,atm
T010022,C0145,2026-06-25,2669.82,salary,inbound_transfer
T010467,C0151,2026-06-25,-29.02,transport,card
T010558,C0152,2026-06-25,-61.08,dining,card
T010628,C0153,2026-06-25,-14.77,subscription,direct_debit
T010949,C0157,2026-06-25,-85.22,groceries,card
T011178,C0161,2026-06-25,-83.54,utilities,direct_debit
T011422,C0164,2026-06-25,-25.8,transport,card
T011645,C0167,2026-06-25,-25.54,transport,card
T011651,C0167,2026-06-25,-52.24,groceries,card
T011842,C0169,2026-06-25,-10.29,transport,card
T011915,C0170,2026-06-25,-198.96,utilities,direct_debit
T011921,C0170,2026-06-25,-21.72,groceries,card
T012315,C0176,2026-06-25,-384.98,transfer_out,app_transfer
T013829,C0198,2026-06-25,-16.25,subscription,direct_debit
T000244,C0004,2026-06-26,-12.66,subscription,direct_debit
T000394,C0006,2026-06-26,-96.13,retail,card
T000700,C0011,2026-06-26,2343.18,salary,inbound_transfer
T001177,C0018,2026-06-26,-65.81,groceries,card
T001404,C0021,2026-06-26,-30.1,dining,card
T001557,C0023,2026-06-26,-128.33,retail,card
T001860,C0027,2026-06-26,-22.0,transport,card
T002272,C0032,2026-06-26,-62.92,groceries,card
T003170,C0046,2026-06-26,-141.11,utilities,direct_debit
T003639,C0052,2026-06-26,-154.12,transfer_out,app_transfer
T003743,C0053,2026-06-26,-77.21,utilities,direct_debit
T003749,C0053,2026-06-26,-76.87,groceries,card
T003973,C0056,2026-06-26,-68.13,groceries,card
T004464,C0065,2026-06-26,-155.18,utilities,direct_debit
T004969,C0072,2026-06-26,-13.14,subscription,direct_debit
T005144,C0074,2026-06-26,-385.44,transfer_out,app_transfer
T005553,C0079,2026-06-26,3722.99,salary,inbound_transfer
T005845,C0083,2026-06-26,2338.8,salary,inbound_transfer
T006042,C0086,2026-06-26,-74.9,groceries,card
T006827,C0096,2026-06-26,-56.4,groceries,card
T006836,C0096,2026-06-26,-376.42,transfer_out,app_transfer
T007205,C0103,2026-06-26,-108.2,retail,card
T007209,C0103,2026-06-26,-33.21,dining,card
T007942,C0115,2026-06-26,-16.6,dining,card
T008320,C0120,2026-06-26,4671.85,salary,inbound_transfer
T008920,C0129,2026-06-26,-38.64,retail,card
T008991,C0130,2026-06-26,-77.88,utilities,direct_debit
T009150,C0132,2026-06-26,-21.44,subscription,direct_debit
T009487,C0136,2026-06-26,-90.13,groceries,card
T009687,C0140,2026-06-26,-87.74,groceries,card
T009688,C0140,2026-06-26,-24.54,subscription,direct_debit
T009758,C0141,2026-06-26,-347.08,transfer_out,app_transfer
T010201,C0148,2026-06-26,-66.46,utilities,direct_debit
T010205,C0148,2026-06-26,-180.46,transfer_out,app_transfer
T010206,C0148,2026-06-26,-48.03,groceries,card
T010472,C0151,2026-06-26,-70.54,cash_withdrawal,atm
T010877,C0156,2026-06-26,-51.35,retail,card
T010952,C0157,2026-06-26,-239.91,transfer_out,app_transfer
T011184,C0161,2026-06-26,-5.02,subscription,direct_debit
T011640,C0167,2026-06-26,4335.46,salary,inbound_transfer
T012159,C0174,2026-06-26,-26.55,dining,card
T012172,C0174,2026-06-26,-68.33,retail,card
T012425,C0178,2026-06-26,-19.22,subscription,direct_debit
T012769,C0183,2026-06-26,-150.42,utilities,direct_debit
T012876,C0185,2026-06-26,-68.77,groceries,card
T013393,C0192,2026-06-26,-362.96,transfer_out,app_transfer
T013394,C0192,2026-06-26,-91.24,cash_withdrawal,atm
T000116,C0002,2026-06-27,3638.47,salary,inbound_transfer
T000957,C0015,2026-06-27,765.73,salary,inbound_transfer
T001476,C0022,2026-06-27,-20.62,transport,card
T002126,C0030,2026-06-27,-237.12,transfer_out,app_transfer
T002273,C0032,2026-06-27,-15.06,subscription,direct_debit
T002277,C0032,2026-06-27,-47.91,dining,card
T002469,C0036,2026-06-27,-20.59,transport,card
T002833,C0041,2026-06-27,-11.84,dining,card
T002991,C0043,2026-06-27,-325.46,transfer_out,app_transfer
T003167,C0046,2026-06-27,-11.32,transport,card
T003347,C0049,2026-06-27,-48.31,dining,card
T003733,C0053,2026-06-27,1593.51,salary,inbound_transfer
T004260,C0062,2026-06-27,-60.44,dining,card
T004402,C0064,2026-06-27,936.69,salary,inbound_transfer
T004975,C0072,2026-06-27,-55.1,dining,card
T005312,C0076,2026-06-27,-53.34,dining,card
T005844,C0083,2026-06-27,2248.99,salary,inbound_transfer
T006048,C0086,2026-06-27,-111.05,retail,card
T006176,C0088,2026-06-27,-47.69,dining,card
T006281,C0089,2026-06-27,-74.7,groceries,card
T006366,C0090,2026-06-27,-88.45,cash_withdrawal,atm
T006497,C0092,2026-06-27,-44.65,dining,card
T006570,C0093,2026-06-27,1362.91,salary,inbound_transfer
T006828,C0096,2026-06-27,-54.64,retail,card
T007203,C0103,2026-06-27,-359.8,transfer_out,app_transfer
T007312,C0105,2026-06-27,-7.89,transport,card
T007545,C0109,2026-06-27,-51.77,dining,card
T008170,C0118,2026-06-27,-35.84,cash_withdrawal,atm
T008593,C0125,2026-06-27,2805.74,salary,inbound_transfer
T008986,C0130,2026-06-27,-45.0,utilities,direct_debit
T009343,C0134,2026-06-27,-116.69,retail,card
T010868,C0156,2026-06-27,-71.83,groceries,card
T010953,C0157,2026-06-27,-76.3,transfer_out,app_transfer
T011186,C0161,2026-06-27,-5.86,transport,card
T011345,C0163,2026-06-27,3014.13,salary,inbound_transfer
T011914,C0170,2026-06-27,-35.59,cash_withdrawal,atm
T011988,C0171,2026-06-27,-40.57,dining,card
T012157,C0174,2026-06-27,-33.07,cash_withdrawal,atm
T013637,C0196,2026-06-27,-204.96,transfer_out,app_transfer
T013739,C0197,2026-06-27,-62.79,retail,card
T013830,C0198,2026-06-27,-40.89,groceries,card
T000060,C0001,2026-06-28,-8.49,transport,card
T000120,C0002,2026-06-28,-124.44,retail,card
T000181,C0003,2026-06-28,-120.7,retail,card
T000252,C0004,2026-06-28,-13.95,transport,card
T000626,C0010,2026-06-28,-57.33,dining,card
T000710,C0011,2026-06-28,-12.55,transport,card
T001103,C0017,2026-06-28,908.19,salary,inbound_transfer
T001278,C0019,2026-06-28,-8.22,transport,card
T001656,C0024,2026-06-28,-85.43,utilities,direct_debit
T001792,C0026,2026-06-28,-17.69,transport,card
T002020,C0029,2026-06-28,-66.31,cash_withdrawal,atm
T002564,C0037,2026-06-28,-28.76,cash_withdrawal,atm
T002568,C0037,2026-06-28,-116.85,retail,card
T003165,C0046,2026-06-28,-11.27,subscription,direct_debit
T003174,C0046,2026-06-28,-10.78,transport,card
T003249,C0047,2026-06-28,-38.84,retail,card
T003552,C0051,2026-06-28,838.32,salary,inbound_transfer
T003554,C0051,2026-06-28,-16.81,transport,card
T004259,C0062,2026-06-28,3287.79,salary,inbound_transfer
T004892,C0071,2026-06-28,-12.06,dining,card
T004898,C0071,2026-06-28,-10.97,subscription,direct_debit
T004900,C0071,2026-06-28,-117.54,retail,card
T005315,C0076,2026-06-28,-116.13,retail,card
T005409,C0077,2026-06-28,-14.6,transport,card
T005716,C0081,2026-06-28,-89.67,utilities,direct_debit
T006041,C0086,2026-06-28,-30.56,groceries,card
T006182,C0088,2026-06-28,-49.48,dining,card
T006268,C0089,2026-06-28,1400.87,salary,inbound_transfer
T006489,C0092,2026-06-28,-101.19,utilities,direct_debit
T006658,C0094,2026-06-28,838.39,salary,inbound_transfer
T006664,C0094,2026-06-28,-32.92,retail,card
T006977,C0098,2026-06-28,-103.67,retail,card
T007202,C0103,2026-06-28,3277.59,salary,inbound_transfer
T007204,C0103,2026-06-28,-14.35,transport,card
T007546,C0109,2026-06-28,-67.72,retail,card
T007694,C0111,2026-06-28,-64.36,groceries,card
T008766,C0127,2026-06-28,-20.0,subscription,direct_debit
T008849,C0128,2026-06-28,-16.14,transport,card
T008921,C0129,2026-06-28,-78.55,transfer_out,app_transfer
T009339,C0134,2026-06-28,2015.88,salary,inbound_transfer
T010029,C0145,2026-06-28,-51.75,dining,card
T010203,C0148,2026-06-28,-52.2,cash_withdrawal,atm
T010361,C0150,2026-06-28,-107.0,retail,card
T010464,C0151,2026-06-28,-22.08,transport,card
T010468,C0151,2026-06-28,-86.33,retail,card
T010623,C0153,2026-06-28,-40.07,groceries,card
T010779,C0155,2026-06-28,3673.45,salary,inbound_transfer
T010789,C0155,2026-06-28,-40.58,groceries,card
T011190,C0161,2026-06-28,-75.01,groceries,card
T011494,C0165,2026-06-28,-112.17,retail,card
T011643,C0167,2026-06-28,-72.58,groceries,card
T011742,C0168,2026-06-28,-80.21,retail,card
T011751,C0168,2026-06-28,-57.77,groceries,card
T011847,C0169,2026-06-28,-25.78,groceries,card
T012166,C0174,2026-06-28,-8.66,subscription,direct_debit
T012313,C0176,2026-06-28,-48.0,dining,card
T012500,C0179,2026-06-28,3032.12,salary,inbound_transfer
T013390,C0192,2026-06-28,-142.15,utilities,direct_debit
T013646,C0196,2026-06-28,-32.18,retail,card
T000062,C0001,2026-06-29,-321.43,transfer_out,app_transfer
T000708,C0011,2026-06-29,-47.02,retail,card
T000899,C0014,2026-06-29,-51.96,dining,card
T000961,C0015,2026-06-29,-379.3,transfer_out,app_transfer
T001273,C0019,2026-06-29,1170.0,salary,inbound_transfer
T001276,C0019,2026-06-29,-55.56,retail,card
T001553,C0023,2026-06-29,-114.92,retail,card
T001555,C0023,2026-06-29,-80.65,groceries,card
T001647,C0024,2026-06-29,3306.37,salary,inbound_transfer
T001652,C0024,2026-06-29,-206.09,utilities,direct_debit
T001653,C0024,2026-06-29,-48.7,groceries,card
T001940,C0028,2026-06-29,-90.45,groceries,card
T002021,C0029,2026-06-29,-139.53,utilities,direct_debit
T002133,C0030,2026-06-29,-76.79,retail,card
T002400,C0034,2026-06-29,-65.31,groceries,card
T002571,C0037,2026-06-29,-89.86,groceries,card
T002635,C0038,2026-06-29,-118.14,retail,card
T002723,C0039,2026-06-29,-70.26,retail,card
T002777,C0040,2026-06-29,-20.62,groceries,card
T002836,C0041,2026-06-29,-112.36,retail,card
T002987,C0043,2026-06-29,-22.16,dining,card
T002996,C0043,2026-06-29,-21.78,dining,card
T003565,C0051,2026-06-29,-14.29,transport,card
T004153,C0060,2026-06-29,-8.25,transport,card
T004403,C0064,2026-06-29,833.26,salary,inbound_transfer
T004529,C0066,2026-06-29,2878.31,salary,inbound_transfer
T004532,C0066,2026-06-29,-38.61,groceries,card
T004899,C0071,2026-06-29,-29.05,groceries,card
T005038,C0073,2026-06-29,3586.28,salary,inbound_transfer
T005143,C0074,2026-06-29,-32.13,dining,card
T005230,C0075,2026-06-29,-61.65,cash_withdrawal,atm
T005319,C0076,2026-06-29,-33.57,dining,card
T005559,C0079,2026-06-29,-31.74,dining,card
T005640,C0080,2026-06-29,-41.68,groceries,card
T006367,C0090,2026-06-29,-80.09,retail,card
T006492,C0092,2026-06-29,-110.0,utilities,direct_debit
T006572,C0093,2026-06-29,-38.13,dining,card
T006822,C0096,2026-06-29,-38.06,dining,card
T006831,C0096,2026-06-29,-79.9,retail,card
T007207,C0103,2026-06-29,-135.82,utilities,direct_debit
T007317,C0105,2026-06-29,-220.65,transfer_out,app_transfer
T007537,C0109,2026-06-29,-43.09,dining,card
T007937,C0115,2026-06-29,-279.94,transfer_out,app_transfer
T008505,C0124,2026-06-29,-51.18,groceries,card
T008918,C0129,2026-06-29,-213.54,transfer_out,app_transfer
T009147,C0132,2026-06-29,-78.79,groceries,card
T009151,C0132,2026-06-29,-48.63,groceries,card
T009238,C0133,2026-06-29,3968.68,salary,inbound_transfer
T009241,C0133,2026-06-29,-48.92,groceries,card
T009340,C0134,2026-06-29,-204.36,transfer_out,app_transfer
T009414,C0135,2026-06-29,-36.4,dining,card
T009529,C0137,2026-06-29,-26.96,retail,card
T009855,C0142,2026-06-29,-185.01,utilities,direct_debit
T010118,C0146,2026-06-29,-11.21,transport,card
T010354,C0150,2026-06-29,-87.69,retail,card
T010626,C0153,2026-06-29,-138.55,transfer_out,app_transfer
T010782,C0155,2026-06-29,-20.98,groceries,card
T011642,C0167,2026-06-29,-30.29,dining,card
T011917,C0170,2026-06-29,-23.04,subscription,direct_debit
T012161,C0174,2026-06-29,-27.73,groceries,card
T013110,C0188,2026-06-29,-18.54,subscription,direct_debit
T013272,C0190,2026-06-29,3004.34,salary,inbound_transfer
T013467,C0193,2026-06-29,-242.1,transfer_out,app_transfer
T013475,C0193,2026-06-29,-179.62,utilities,direct_debit
T013741,C0197,2026-06-29,-19.41,dining,card
T013744,C0197,2026-06-29,-46.62,groceries,card
T000055,C0001,2026-06-30,999.72,salary,inbound_transfer
T000056,C0001,2026-06-30,-9.55,subscription,direct_debit
T000179,C0003,2026-06-30,-14.04,transport,card
T000625,C0010,2026-06-30,-49.93,dining,card
T000628,C0010,2026-06-30,-162.7,utilities,direct_debit
T000712,C0011,2026-06-30,-59.62,groceries,card
T000714,C0011,2026-06-30,-32.25,groceries,card
T000781,C0012,2026-06-30,-32.57,retail,card
T000841,C0013,2026-06-30,-25.68,subscription,direct_debit
T001107,C0017,2026-06-30,-58.89,dining,card
T001179,C0018,2026-06-30,-62.85,cash_withdrawal,atm
T001471,C0022,2026-06-30,-47.01,dining,card
T001648,C0024,2026-06-30,-72.99,retail,card
T001856,C0027,2026-06-30,-154.56,utilities,direct_debit
T002125,C0030,2026-06-30,2172.55,salary,inbound_transfer
T002467,C0036,2026-06-30,3352.88,salary,inbound_transfer
T002470,C0036,2026-06-30,-21.37,groceries,card
T002994,C0043,2026-06-30,-52.28,dining,card
T003445,C0050,2026-06-30,-130.09,retail,card
T003556,C0051,2026-06-30,-85.26,groceries,card
T003560,C0051,2026-06-30,-83.89,groceries,card
T003645,C0052,2026-06-30,-347.98,transfer_out,app_transfer
T003648,C0052,2026-06-30,-87.59,utilities,direct_debit
T004265,C0062,2026-06-30,-19.84,transport,card
T004463,C0065,2026-06-30,-49.84,dining,card
T004734,C0069,2026-06-30,-107.86,retail,card
T004963,C0072,2026-06-30,895.01,salary,inbound_transfer
T004974,C0072,2026-06-30,-77.14,utilities,direct_debit
T004976,C0072,2026-06-30,-52.05,dining,card
T005041,C0073,2026-06-30,-86.54,groceries,card
T005045,C0073,2026-06-30,-158.77,transfer_out,app_transfer
T005141,C0074,2026-06-30,-106.52,retail,card
T005229,C0075,2026-06-30,-54.44,groceries,card
T005234,C0075,2026-06-30,-52.14,dining,card
T005567,C0079,2026-06-30,-88.42,retail,card
T005951,C0085,2026-06-30,-44.42,groceries,card
T006036,C0086,2026-06-30,-271.5,transfer_out,app_transfer
T006277,C0089,2026-06-30,-18.22,groceries,card
T006279,C0089,2026-06-30,-22.65,groceries,card
T006574,C0093,2026-06-30,-41.17,groceries,card
T006578,C0093,2026-06-30,-55.79,cash_withdrawal,atm
T006661,C0094,2026-06-30,-8.53,transport,card
T006830,C0096,2026-06-30,-19.96,transport,card
T006834,C0096,2026-06-30,-41.43,dining,card
T006973,C0098,2026-06-30,-78.63,utilities,direct_debit
T007272,C0104,2026-06-30,-37.07,cash_withdrawal,atm
T007682,C0111,2026-06-30,3555.88,salary,inbound_transfer
T007685,C0111,2026-06-30,-15.36,transport,card
T007686,C0111,2026-06-30,-11.93,subscription,direct_debit
T007688,C0111,2026-06-30,-22.92,subscription,direct_debit
T008239,C0119,2026-06-30,-99.15,utilities,direct_debit
T008326,C0120,2026-06-30,-87.93,groceries,card
T008327,C0120,2026-06-30,-76.74,groceries,card
T008509,C0124,2026-06-30,-53.01,dining,card
T008855,C0128,2026-06-30,-23.6,groceries,card
T010356,C0150,2026-06-30,-64.66,retail,card
T010784,C0155,2026-06-30,-38.57,dining,card
T011286,C0162,2026-06-30,-107.22,retail,card
T011354,C0163,2026-06-30,-119.78,retail,card
T011649,C0167,2026-06-30,-78.57,utilities,direct_debit
T011924,C0170,2026-06-30,-42.81,cash_withdrawal,atm
T012382,C0177,2026-06-30,-26.87,groceries,card
T012428,C0178,2026-06-30,-9.16,transport,card
T013388,C0192,2026-06-30,-313.24,transfer_out,app_transfer
T013392,C0192,2026-06-30,-103.8,utilities,direct_debit
T013642,C0196,2026-06-30,-22.63,transport,card
T001297,C0019,2026-07-01,-91.17,groceries,card
T001418,C0021,2026-07-01,-22.77,dining,card
T001419,C0021,2026-07-01,-55.09,groceries,card
T001865,C0027,2026-07-01,-34.24,groceries,card
T002298,C0032,2026-07-01,-31.35,dining,card
T002479,C0036,2026-07-01,-76.9,retail,card
T002728,C0039,2026-07-01,-45.96,dining,card
T002928,C0042,2026-07-01,-36.45,retail,card
T003255,C0047,2026-07-01,4118.94,salary,inbound_transfer
T003289,C0048,2026-07-01,-12.76,subscription,direct_debit
T003576,C0051,2026-07-01,-54.71,retail,card
T004074,C0059,2026-07-01,2170.08,salary,inbound_transfer
T004537,C0066,2026-07-01,-31.58,dining,card
T004911,C0071,2026-07-01,-80.18,groceries,card
T005650,C0080,2026-07-01,-27.48,dining,card
T006502,C0092,2026-07-01,2265.96,salary,inbound_transfer
T006503,C0092,2026-07-01,-56.36,dining,card
T006512,C0092,2026-07-01,-51.22,groceries,card
T007319,C0105,2026-07-01,-21.82,transport,card
T007550,C0109,2026-07-01,-68.16,retail,card
T007552,C0109,2026-07-01,-128.45,utilities,direct_debit
T008187,C0118,2026-07-01,-23.76,transport,card
T008253,C0119,2026-07-01,-292.89,transfer_out,app_transfer
T008256,C0119,2026-07-01,-246.0,transfer_out,app_transfer
T008522,C0124,2026-07-01,-393.29,transfer_out,app_transfer
T008688,C0126,2026-07-01,2292.57,salary,inbound_transfer
T008858,C0128,2026-07-01,-152.12,utilities,direct_debit
T008864,C0128,2026-07-01,-56.12,groceries,card
T008997,C0130,2026-07-01,-27.64,retail,card
T009153,C0132,2026-07-01,4249.58,salary,inbound_transfer
T009159,C0132,2026-07-01,-14.54,transport,card
T009270,C0133,2026-07-01,-74.84,groceries,card
T009355,C0134,2026-07-01,1417.28,salary,inbound_transfer
T009367,C0134,2026-07-01,-361.09,transfer_out,app_transfer
T009369,C0134,2026-07-01,-93.35,cash_withdrawal,atm
T009766,C0141,2026-07-01,3397.44,salary,inbound_transfer
T009869,C0142,2026-07-01,-23.38,transport,card
T010209,C0148,2026-07-01,995.48,salary,inbound_transfer
T010482,C0151,2026-07-01,-233.94,transfer_out,app_transfer
T010635,C0153,2026-07-01,-57.98,retail,card
T010963,C0157,2026-07-01,-41.09,dining,card
T011502,C0165,2026-07-01,-19.04,groceries,card
T011754,C0168,2026-07-01,2742.55,salary,inbound_transfer
T012326,C0176,2026-07-01,-134.72,transfer_out,app_transfer
T012891,C0185,2026-07-01,-123.48,retail,card
T000261,C0004,2026-07-02,-131.74,transfer_out,app_transfer
T000404,C0006,2026-07-02,-17.3,transport,card
T000410,C0006,2026-07-02,-53.9,utilities,direct_debit
T001041,C0016,2026-07-02,-55.72,dining,card
T001801,C0026,2026-07-02,3685.02,salary,inbound_transfer
T001960,C0028,2026-07-02,-26.1,groceries,card
T002286,C0032,2026-07-02,-174.72,transfer_out,app_transfer
T002578,C0037,2026-07-02,-43.63,dining,card
T002581,C0037,2026-07-02,-68.95,retail,card
T003010,C0043,2026-07-02,-13.68,dining,card
T003457,C0050,2026-07-02,1465.41,salary,inbound_transfer
T003574,C0051,2026-07-02,-99.93,retail,card
T003579,C0051,2026-07-02,-67.99,utilities,direct_debit
T004278,C0062,2026-07-02,-86.73,groceries,card
T004903,C0071,2026-07-02,-27.55,cash_withdrawal,atm
T004907,C0071,2026-07-02,-15.61,subscription,direct_debit
T005327,C0076,2026-07-02,-60.67,utilities,direct_debit
T005429,C0077,2026-07-02,-52.2,groceries,card
T005431,C0077,2026-07-02,-39.83,dining,card
T005731,C0081,2026-07-02,-14.56,subscription,direct_debit
T005732,C0081,2026-07-02,-103.52,cash_withdrawal,atm
T005734,C0081,2026-07-02,-25.18,groceries,card
T005958,C0085,2026-07-02,-36.57,cash_withdrawal,atm
T006184,C0088,2026-07-02,2973.24,salary,inbound_transfer
T006507,C0092,2026-07-02,-54.62,cash_withdrawal,atm
T008335,C0120,2026-07-02,-97.63,cash_withdrawal,atm
T008337,C0120,2026-07-02,-185.22,transfer_out,app_transfer
T008689,C0126,2026-07-02,-80.41,cash_withdrawal,atm
T008859,C0128,2026-07-02,-42.96,groceries,card
T008865,C0128,2026-07-02,-337.9,transfer_out,app_transfer
T009071,C0131,2026-07-02,-24.83,retail,card
T009155,C0132,2026-07-02,-64.78,retail,card
T009165,C0132,2026-07-02,-66.21,groceries,card
T009773,C0141,2026-07-02,-28.37,retail,card
T009877,C0142,2026-07-02,-86.29,groceries,card
T010367,C0150,2026-07-02,-23.7,transport,card
T010477,C0151,2026-07-02,-11.39,transport,card
T010644,C0153,2026-07-02,-97.84,cash_withdrawal,atm
T011572,C0166,2026-07-02,-34.26,groceries,card
T011665,C0167,2026-07-02,-22.33,subscription,direct_debit
T012241,C0175,2026-07-02,-9.94,transport,card
T012431,C0178,2026-07-02,979.85,salary,inbound_transfer
T012504,C0179,2026-07-02,3521.87,salary,inbound_transfer
T012605,C0181,2026-07-02,2934.43,salary,inbound_transfer
T012893,C0185,2026-07-02,-103.55,cash_withdrawal,atm
T013119,C0188,2026-07-02,-93.95,utilities,direct_debit
T013293,C0190,2026-07-02,-17.53,dining,card
T013407,C0192,2026-07-02,-58.08,cash_withdrawal,atm
T013659,C0196,2026-07-02,-23.76,dining,card
T013754,C0197,2026-07-02,-9.64,transport,card
T000417,C0006,2026-07-03,-207.34,utilities,direct_debit
T000719,C0011,2026-07-03,2351.98,salary,inbound_transfer
T000783,C0012,2026-07-03,2927.22,salary,inbound_transfer
T001042,C0016,2026-07-03,-18.31,groceries,card
T001122,C0017,2026-07-03,-106.49,utilities,direct_debit
T001301,C0019,2026-07-03,-111.43,retail,card
T002296,C0032,2026-07-03,-61.99,cash_withdrawal,atm
T003176,C0046,2026-07-03,-9.72,transport,card
T003179,C0046,2026-07-03,-40.46,groceries,card
T003290,C0048,2026-07-03,-82.3,utilities,direct_debit
T004161,C0060,2026-07-03,-59.42,groceries,card
T004465,C0065,2026-07-03,3521.59,salary,inbound_transfer
T006054,C0086,2026-07-03,-56.35,dining,card
T006188,C0088,2026-07-03,-13.66,subscription,direct_debit
T006420,C0091,2026-07-03,-180.64,transfer_out,app_transfer
T006586,C0093,2026-07-03,-75.9,utilities,direct_debit
T007047,C0099,2026-07-03,-85.82,groceries,card
T007325,C0105,2026-07-03,-54.33,utilities,direct_debit
T007549,C0109,2026-07-03,842.78,salary,inbound_transfer
T007551,C0109,2026-07-03,-62.64,utilities,direct_debit
T007555,C0109,2026-07-03,-40.2,groceries,card
T007699,C0111,2026-07-03,-27.1,dining,card
T007703,C0111,2026-07-03,-101.18,retail,card
T007709,C0111,2026-07-03,-87.2,retail,card
T008175,C0118,2026-07-03,-40.2,dining,card
T008336,C0120,2026-07-03,-96.54,utilities,direct_debit
T008338,C0120,2026-07-03,-41.1,dining,card
T008618,C0125,2026-07-03,-17.14,groceries,card
T009364,C0134,2026-07-03,-28.89,transport,card
T009692,C0140,2026-07-03,1186.48,salary,inbound_transfer
T009694,C0140,2026-07-03,-131.92,retail,card
T010365,C0150,2026-07-03,1271.4,salary,inbound_transfer
T010481,C0151,2026-07-03,-23.68,transport,card
T010486,C0151,2026-07-03,-126.37,transfer_out,app_transfer
T010966,C0157,2026-07-03,-6.76,transport,card
T011205,C0161,2026-07-03,-200.16,transfer_out,app_transfer
T011366,C0163,2026-07-03,-23.93,groceries,card
T011431,C0164,2026-07-03,-118.12,retail,card
T011497,C0165,2026-07-03,-53.27,groceries,card
T011656,C0167,2026-07-03,-93.04,retail,card
T011659,C0167,2026-07-03,-28.1,transport,card
T011852,C0169,2026-07-03,-26.21,groceries,card
T011854,C0169,2026-07-03,-7.01,subscription,direct_debit
T011859,C0169,2026-07-03,-88.73,retail,card
T011926,C0170,2026-07-03,3387.48,salary,inbound_transfer
T012179,C0174,2026-07-03,-93.28,utilities,direct_debit
T012322,C0176,2026-07-03,-14.54,transport,card
T012327,C0176,2026-07-03,-9.94,transport,card
T012689,C0182,2026-07-03,792.24,salary,inbound_transfer
T012772,C0183,2026-07-03,3622.97,salary,inbound_transfer
T013200,C0189,2026-07-03,-52.76,dining,card
T013408,C0192,2026-07-03,-101.7,cash_withdrawal,atm
T013652,C0196,2026-07-03,-68.6,groceries,card
T000187,C0003,2026-07-04,3459.25,salary,inbound_transfer
T001192,C0018,2026-07-04,-126.33,retail,card
T001412,C0021,2026-07-04,3469.77,salary,inbound_transfer
T001808,C0026,2026-07-04,-34.84,retail,card
T002293,C0032,2026-07-04,-113.64,retail,card
T002640,C0038,2026-07-04,-80.9,retail,card
T002725,C0039,2026-07-04,-121.63,utilities,direct_debit
T003185,C0046,2026-07-04,-95.64,retail,card
T003186,C0046,2026-07-04,-89.76,retail,card
T003825,C0054,2026-07-04,-8.08,transport,card
T003904,C0055,2026-07-04,-50.26,groceries,card
T004470,C0065,2026-07-04,-8.11,transport,card
T005051,C0073,2026-07-04,3779.7,salary,inbound_transfer
T005329,C0076,2026-07-04,-311.58,transfer_out,app_transfer
T005643,C0080,2026-07-04,869.56,salary,inbound_transfer
T005733,C0081,2026-07-04,-244.87,transfer_out,app_transfer
T006065,C0086,2026-07-04,-72.24,utilities,direct_debit
T006186,C0088,2026-07-04,-58.82,groceries,card
T006287,C0089,2026-07-04,-9.29,transport,card
T006677,C0094,2026-07-04,-41.11,retail,card
T006680,C0094,2026-07-04,-100.37,utilities,direct_debit
T006841,C0096,2026-07-04,-99.21,retail,card
T006987,C0098,2026-07-04,-324.87,transfer_out,app_transfer
T007044,C0099,2026-07-04,-35.02,groceries,card
T007702,C0111,2026-07-04,-106.73,transfer_out,app_transfer
T007793,C0112,2026-07-04,-202.21,utilities,direct_debit
T007949,C0115,2026-07-04,-9.18,transport,card
T008252,C0119,2026-07-04,-61.94,groceries,card
T008519,C0124,2026-07-04,-146.95,utilities,direct_debit
T008693,C0126,2026-07-04,-86.42,groceries,card
T008861,C0128,2026-07-04,-64.39,groceries,card
T008994,C0130,2026-07-04,-99.87,transfer_out,app_transfer
T008995,C0130,2026-07-04,-78.95,retail,card
T009154,C0132,2026-07-04,-102.22,utilities,direct_debit
T009354,C0134,2026-07-04,1503.13,salary,inbound_transfer
T009417,C0135,2026-07-04,-26.28,subscription,direct_debit
T009422,C0135,2026-07-04,-33.21,groceries,card
T009691,C0140,2026-07-04,1360.48,salary,inbound_transfer
T010047,C0145,2026-07-04,-25.39,dining,card
T010219,C0148,2026-07-04,-170.05,utilities,direct_debit
T010376,C0150,2026-07-04,-116.63,retail,card
T010485,C0151,2026-07-04,-24.38,transport,card
T010566,C0152,2026-07-04,-8.96,transport,card
T010720,C0154,2026-07-04,-43.25,groceries,card
T010798,C0155,2026-07-04,-200.26,transfer_out,app_transfer
T011204,C0161,2026-07-04,-358.28,transfer_out,app_transfer
T011364,C0163,2026-07-04,-56.44,groceries,card
T011929,C0170,2026-07-04,-52.25,dining,card
T012183,C0174,2026-07-04,-5.83,transport,card
T012321,C0176,2026-07-04,-87.19,utilities,direct_debit
T012546,C0180,2026-07-04,-216.04,transfer_out,app_transfer
T012696,C0182,2026-07-04,-39.4,dining,card
T012890,C0185,2026-07-04,-38.17,dining,card
T012968,C0186,2026-07-04,-12.51,transport,card
T013036,C0187,2026-07-04,3321.74,salary,inbound_transfer
T013480,C0193,2026-07-04,-23.13,cash_withdrawal,atm
T013756,C0197,2026-07-04,-80.39,cash_withdrawal,atm
T000077,C0001,2026-07-05,-146.78,utilities,direct_debit
T000128,C0002,2026-07-05,-12.99,dining,card
T001480,C0022,2026-07-05,-202.51,transfer_out,app_transfer
T002029,C0029,2026-07-05,-44.09,cash_withdrawal,atm
T002282,C0032,2026-07-05,-24.76,dining,card
T002849,C0041,2026-07-05,-105.4,cash_withdrawal,atm
T002929,C0042,2026-07-05,-124.22,retail,card
T003464,C0050,2026-07-05,-15.44,subscription,direct_debit
T003567,C0051,2026-07-05,808.06,salary,inbound_transfer
T003578,C0051,2026-07-05,-13.15,subscription,direct_debit
T003650,C0052,2026-07-05,-193.28,transfer_out,app_transfer
T004740,C0069,2026-07-05,-28.36,transport,card
T004824,C0070,2026-07-05,-96.94,utilities,direct_debit
T004980,C0072,2026-07-05,-80.97,groceries,card
T005433,C0077,2026-07-05,-28.21,retail,card
T005653,C0080,2026-07-05,-92.32,groceries,card
T006062,C0086,2026-07-05,-128.91,retail,card
T006284,C0089,2026-07-05,-99.46,retail,card
T006422,C0091,2026-07-05,-114.52,utilities,direct_debit
T006682,C0094,2026-07-05,-105.97,cash_withdrawal,atm
T007321,C0105,2026-07-05,-72.71,groceries,card
T007704,C0111,2026-07-05,-75.66,groceries,card
T007795,C0112,2026-07-05,-120.87,utilities,direct_debit
T007953,C0115,2026-07-05,-16.56,transport,card
T008093,C0117,2026-07-05,-24.49,groceries,card
T008180,C0118,2026-07-05,-27.02,retail,card
T008184,C0118,2026-07-05,-61.4,cash_withdrawal,atm
T008333,C0120,2026-07-05,-25.07,transport,card
T008613,C0125,2026-07-05,-55.14,dining,card
T008616,C0125,2026-07-05,-88.51,retail,card
T008690,C0126,2026-07-05,-91.42,groceries,card
T008868,C0128,2026-07-05,-8.66,subscription,direct_debit
T009254,C0133,2026-07-05,-68.01,groceries,card
T009770,C0141,2026-07-05,-79.11,groceries,card
T010034,C0145,2026-07-05,3296.43,salary,inbound_transfer
T010038,C0145,2026-07-05,-39.59,groceries,card
T010636,C0153,2026-07-05,-47.55,groceries,card
T011367,C0163,2026-07-05,-47.34,dining,card
T011661,C0167,2026-07-05,-115.87,transfer_out,app_transfer
T012887,C0185,2026-07-05,4201.77,salary,inbound_transfer
T013412,C0192,2026-07-05,-28.05,groceries,card
T013649,C0196,2026-07-05,-24.55,dining,card
T013749,C0197,2026-07-05,-18.86,transport,card
T000265,C0004,2026-07-06,-39.72,groceries,card
T000266,C0004,2026-07-06,-171.55,utilities,direct_debit
T000405,C0006,2026-07-06,-42.45,dining,card
T000419,C0006,2026-07-06,-15.13,transport,card
T001036,C0016,2026-07-06,-123.91,retail,card
T001037,C0016,2026-07-06,-55.06,groceries,card
T001570,C0023,2026-07-06,-23.63,transport,card
T001573,C0023,2026-07-06,-18.07,subscription,direct_debit
T001574,C0023,2026-07-06,-126.43,retail,card
T002031,C0029,2026-07-06,-242.76,transfer_out,app_transfer
T002033,C0029,2026-07-06,-83.51,transfer_out,app_transfer
T002324,C0033,2026-07-06,-38.63,groceries,card
T002577,C0037,2026-07-06,-22.25,dining,card
T002850,C0041,2026-07-06,-35.02,groceries,card
T003001,C0043,2026-07-06,-57.16,groceries,card
T003004,C0043,2026-07-06,-36.49,groceries,card
T003294,C0048,2026-07-06,-29.33,transport,card
T003359,C0049,2026-07-06,-107.31,cash_withdrawal,atm
T003569,C0051,2026-07-06,896.26,salary,inbound_transfer
T003754,C0053,2026-07-06,-55.47,dining,card
T003761,C0053,2026-07-06,-340.42,transfer_out,app_transfer
T004662,C0068,2026-07-06,-26.73,transport,card
T004826,C0070,2026-07-06,-36.94,retail,card
T005251,C0075,2026-07-06,-16.59,transport,card
T005332,C0076,2026-07-06,-292.44,transfer_out,app_transfer
T005423,C0077,2026-07-06,3533.63,salary,inbound_transfer
T005578,C0079,2026-07-06,-175.47,transfer_out,app_transfer
T006061,C0086,2026-07-06,-115.62,utilities,direct_debit
T006063,C0086,2026-07-06,-81.55,groceries,card
T006096,C0087,2026-07-06,-19.7,subscription,direct_debit
T006197,C0088,2026-07-06,-232.3,transfer_out,app_transfer
T006584,C0093,2026-07-06,-52.27,retail,card
T006673,C0094,2026-07-06,1115.87,salary,inbound_transfer
T006986,C0098,2026-07-06,-18.49,transport,card
T006990,C0098,2026-07-06,-67.29,groceries,card
T007050,C0099,2026-07-06,-73.78,groceries,card
T007547,C0109,2026-07-06,752.18,salary,inbound_transfer
T007792,C0112,2026-07-06,-37.71,dining,card
T008176,C0118,2026-07-06,-120.47,retail,card
T008186,C0118,2026-07-06,-20.77,transport,card
T008246,C0119,2026-07-06,797.3,salary,inbound_transfer
T008606,C0125,2026-07-06,-21.85,subscription,direct_debit
T008611,C0125,2026-07-06,-80.36,retail,card
T009259,C0133,2026-07-06,-114.96,utilities,direct_debit
T009263,C0133,2026-07-06,-28.44,dining,card
T009420,C0135,2026-07-06,-80.15,retail,card
T010035,C0145,2026-07-06,-102.4,retail,card
T010562,C0152,2026-07-06,-50.32,retail,card
T011503,C0165,2026-07-06,-90.55,cash_withdrawal,atm
T011758,C0168,2026-07-06,-26.05,dining,card
T012325,C0176,2026-07-06,-25.34,dining,card
T013292,C0190,2026-07-06,-115.44,utilities,direct_debit
T013479,C0193,2026-07-06,-234.22,transfer_out,app_transfer
T013481,C0193,2026-07-06,-22.74,dining,card
T013488,C0193,2026-07-06,-64.65,groceries,card
T013651,C0196,2026-07-06,-96.01,utilities,direct_debit
T000255,C0004,2026-07-07,-348.36,transfer_out,app_transfer
T000415,C0006,2026-07-07,-24.8,retail,card
T000725,C0011,2026-07-07,-98.94,retail,card
T000786,C0012,2026-07-07,-15.08,dining,card
T001035,C0016,2026-07-07,-72.02,groceries,card
T001298,C0019,2026-07-07,-128.89,retail,card
T001413,C0021,2026-07-07,-17.28,dining,card
T001479,C0022,2026-07-07,2163.1,salary,inbound_transfer
T001950,C0028,2026-07-07,-82.46,cash_withdrawal,atm
T002028,C0029,2026-07-07,-74.79,cash_withdrawal,atm
T002035,C0029,2026-07-07,-24.77,transport,card
T002280,C0032,2026-07-07,3442.21,salary,inbound_transfer
T003007,C0043,2026-07-07,-6.73,transport,card
T003568,C0051,2026-07-07,810.93,salary,inbound_transfer
T003661,C0052,2026-07-07,-87.17,groceries,card
T003757,C0053,2026-07-07,-13.21,transport,card
T003823,C0054,2026-07-07,-42.38,groceries,card
T003908,C0055,2026-07-07,-7.74,transport,card
T004540,C0066,2026-07-07,-22.54,groceries,card
T004665,C0068,2026-07-07,-110.2,utilities,direct_debit
T005252,C0075,2026-07-07,-33.38,dining,card
T005644,C0080,2026-07-07,-197.7,utilities,direct_debit
T005957,C0085,2026-07-07,4090.77,salary,inbound_transfer
T006055,C0086,2026-07-07,-328.66,transfer_out,app_transfer
T006199,C0088,2026-07-07,-51.76,groceries,card
T006370,C0090,2026-07-07,2568.76,salary,inbound_transfer
T006509,C0092,2026-07-07,-32.21,dining,card
T006678,C0094,2026-07-07,-176.66,transfer_out,app_transfer
T006685,C0094,2026-07-07,-50.77,groceries,card
T006848,C0096,2026-07-07,-75.96,retail,card
T007560,C0109,2026-07-07,-303.14,transfer_out,app_transfer
T008249,C0119,2026-07-07,-55.81,groceries,card
T008608,C0125,2026-07-07,-18.62,subscription,direct_debit
T008996,C0130,2026-07-07,-18.73,dining,card
T009162,C0132,2026-07-07,-46.68,dining,card
T009167,C0132,2026-07-07,-53.39,dining,card
T009362,C0134,2026-07-07,-72.58,groceries,card
T009772,C0141,2026-07-07,-64.61,groceries,card
T010480,C0151,2026-07-07,-216.46,transfer_out,app_transfer
T010639,C0153,2026-07-07,-30.58,retail,card
T010794,C0155,2026-07-07,-21.99,transport,card
T010965,C0157,2026-07-07,-7.91,subscription,direct_debit
T011361,C0163,2026-07-07,-67.79,utilities,direct_debit
T011429,C0164,2026-07-07,-255.43,transfer_out,app_transfer
T011756,C0168,2026-07-07,-15.16,dining,card
T011858,C0169,2026-07-07,-76.14,transfer_out,app_transfer
T011996,C0171,2026-07-07,-40.43,dining,card
T012319,C0176,2026-07-07,3659.83,salary,inbound_transfer
T012783,C0183,2026-07-07,-13.06,transport,card
T012897,C0185,2026-07-07,-96.36,retail,card
T013129,C0188,2026-07-07,-32.67,groceries,card
T013410,C0192,2026-07-07,-45.74,retail,card
T013486,C0193,2026-07-07,-226.04,transfer_out,app_transfer
T013748,C0197,2026-07-07,-26.32,transport,card
T000074,C0001,2026-07-08,-25.89,transport,card
T000259,C0004,2026-07-08,-25.21,dining,card
T000727,C0011,2026-07-08,-64.06,retail,card
T001121,C0017,2026-07-08,-49.52,groceries,card
T001187,C0018,2026-07-08,-41.56,dining,card
T001299,C0019,2026-07-08,-52.31,dining,card
T001482,C0022,2026-07-08,-38.88,dining,card
T001805,C0026,2026-07-08,-95.05,cash_withdrawal,atm
T001809,C0026,2026-07-08,-284.59,transfer_out,app_transfer
T001951,C0028,2026-07-08,-56.25,retail,card
T002587,C0037,2026-07-08,-367.7,transfer_out,app_transfer
T003101,C0045,2026-07-08,-52.12,retail,card
T004276,C0062,2026-07-08,-8.54,transport,card
T005150,C0074,2026-07-08,-26.08,subscription,direct_debit
T005725,C0081,2026-07-08,-35.11,dining,card
T006064,C0086,2026-07-08,-29.59,transport,card
T006501,C0092,2026-07-08,1874.2,salary,inbound_transfer
T006508,C0092,2026-07-08,-12.23,subscription,direct_debit
T006681,C0094,2026-07-08,-40.97,dining,card
T006683,C0094,2026-07-08,-14.56,transport,card
T006998,C0098,2026-07-08,-290.47,transfer_out,app_transfer
T007117,C0101,2026-07-08,-21.1,dining,card
T007326,C0105,2026-07-08,-91.06,retail,card
T007946,C0115,2026-07-08,798.13,salary,inbound_transfer
T008011,C0116,2026-07-08,3540.57,salary,inbound_transfer
T008343,C0120,2026-07-08,-109.05,transfer_out,app_transfer
T008515,C0124,2026-07-08,-80.27,groceries,card
T008614,C0125,2026-07-08,-27.38,retail,card
T009002,C0130,2026-07-08,-12.01,dining,card
T009161,C0132,2026-07-08,-58.45,groceries,card
T009268,C0133,2026-07-08,-86.56,retail,card
T009359,C0134,2026-07-08,-26.39,subscription,direct_debit
T009699,C0140,2026-07-08,-56.3,dining,card
T010371,C0150,2026-07-08,-15.55,transport,card
T010478,C0151,2026-07-08,-179.17,transfer_out,app_transfer
T010881,C0156,2026-07-08,-377.97,transfer_out,app_transfer
T010959,C0157,2026-07-08,-100.99,retail,card
T011570,C0166,2026-07-08,-49.13,groceries,card
T011573,C0166,2026-07-08,-120.38,retail,card
T011654,C0167,2026-07-08,4117.66,salary,inbound_transfer
T011853,C0169,2026-07-08,-26.24,groceries,card
T012320,C0176,2026-07-08,-29.8,transport,card
T012323,C0176,2026-07-08,-96.45,cash_withdrawal,atm
T012432,C0178,2026-07-08,-191.21,utilities,direct_debit
T012777,C0183,2026-07-08,-15.46,transport,card
T013038,C0187,2026-07-08,-53.14,dining,card
T013404,C0192,2026-07-08,-126.39,utilities,direct_debit
T013647,C0196,2026-07-08,2650.27,salary,inbound_transfer
T000416,C0006,2026-07-09,-29.0,dining,card
T001183,C0018,2026-07-09,-18.37,subscription,direct_debit
T001294,C0019,2026-07-09,-67.66,groceries,card
T001420,C0021,2026-07-09,-30.36,transport,card
T001485,C0022,2026-07-09,-347.15,transfer_out,app_transfer
T001664,C0024,2026-07-09,-92.01,utilities,direct_debit
T001955,C0028,2026-07-09,-45.17,retail,card
T001958,C0028,2026-07-09,-45.5,cash_withdrawal,atm
T002283,C0032,2026-07-09,-7.05,transport,card
T002289,C0032,2026-07-09,-58.64,retail,card
T003570,C0051,2026-07-09,-102.46,transfer_out,app_transfer
T003571,C0051,2026-07-09,-86.84,groceries,card
T003759,C0053,2026-07-09,-25.36,transport,card
T003762,C0053,2026-07-09,-199.66,utilities,direct_debit
T003766,C0053,2026-07-09,-15.54,transport,card
T003818,C0054,2026-07-09,3873.8,salary,inbound_transfer
T003905,C0055,2026-07-09,-146.02,utilities,direct_debit
T003907,C0055,2026-07-09,-67.73,groceries,card
T003974,C0056,2026-07-09,1433.77,salary,inbound_transfer
T004739,C0069,2026-07-09,-200.47,utilities,direct_debit
T004823,C0070,2026-07-09,-26.99,transport,card
T005151,C0074,2026-07-09,-80.14,utilities,direct_debit
T005256,C0075,2026-07-09,-280.72,transfer_out,app_transfer
T005730,C0081,2026-07-09,-321.58,transfer_out,app_transfer
T005850,C0083,2026-07-09,-19.8,transport,card
T006289,C0089,2026-07-09,-90.04,cash_withdrawal,atm
T006511,C0092,2026-07-09,-12.28,transport,card
T006587,C0093,2026-07-09,-74.96,utilities,direct_debit
T006994,C0098,2026-07-09,-43.12,groceries,card
T007323,C0105,2026-07-09,-18.25,subscription,direct_debit
T007700,C0111,2026-07-09,-59.97,dining,card
T007786,C0112,2026-07-09,-180.46,utilities,direct_debit
T007789,C0112,2026-07-09,-51.78,groceries,card
T007836,C0113,2026-07-09,-98.61,cash_withdrawal,atm
T008340,C0120,2026-07-09,-61.03,utilities,direct_debit
T008605,C0125,2026-07-09,-42.38,dining,card
T008691,C0126,2026-07-09,-72.33,groceries,card
T009700,C0140,2026-07-09,-34.08,groceries,card
T010216,C0148,2026-07-09,-19.63,dining,card
T010483,C0151,2026-07-09,-75.61,utilities,direct_debit
T010795,C0155,2026-07-09,-205.43,transfer_out,app_transfer
T011505,C0165,2026-07-09,-79.51,retail,card
T013286,C0190,2026-07-09,-111.17,retail,card
T013476,C0193,2026-07-09,4346.33,salary,inbound_transfer
T013747,C0197,2026-07-09,-108.71,retail,card
T013753,C0197,2026-07-09,-6.52,transport,card
T000408,C0006,2026-07-10,-29.32,transport,card
T000500,C0008,2026-07-10,2994.11,salary,inbound_transfer
T000504,C0008,2026-07-10,-44.15,retail,card
T000506,C0008,2026-07-10,-11.77,transport,card
T001034,C0016,2026-07-10,-24.98,groceries,card
T001305,C0019,2026-07-10,-167.35,utilities,direct_debit
T001802,C0026,2026-07-10,-86.39,groceries,card
T001863,C0027,2026-07-10,-76.32,groceries,card
T001954,C0028,2026-07-10,-39.73,dining,card
T002477,C0036,2026-07-10,-8.26,transport,card
T002586,C0037,2026-07-10,-391.02,transfer_out,app_transfer
T003180,C0046,2026-07-10,-39.86,retail,card
T003257,C0047,2026-07-10,-27.08,transport,card
T003259,C0047,2026-07-10,-31.41,retail,card
T003468,C0050,2026-07-10,-40.6,utilities,direct_debit
T003663,C0052,2026-07-10,-52.6,dining,card
T003764,C0053,2026-07-10,-236.89,transfer_out,app_transfer
T004545,C0066,2026-07-10,-153.89,utilities,direct_debit
T005158,C0074,2026-07-10,-6.77,transport,card
T005243,C0075,2026-07-10,-19.69,groceries,card
T005575,C0079,2026-07-10,-157.04,utilities,direct_debit
T006057,C0086,2026-07-10,-47.76,groceries,card
T006286,C0089,2026-07-10,-104.44,transfer_out,app_transfer
T006424,C0091,2026-07-10,-80.22,transfer_out,app_transfer
T006504,C0092,2026-07-10,-203.95,transfer_out,app_transfer
T006513,C0092,2026-07-10,-9.11,transport,card
T006580,C0093,2026-07-10,4089.26,salary,inbound_transfer
T006583,C0093,2026-07-10,-272.85,transfer_out,app_transfer
T006840,C0096,2026-07-10,-192.21,transfer_out,app_transfer
T007051,C0099,2026-07-10,-100.26,retail,card
T007217,C0103,2026-07-10,-83.06,utilities,direct_debit
T007707,C0111,2026-07-10,-24.11,retail,card
T007785,C0112,2026-07-10,3727.98,salary,inbound_transfer
T007838,C0113,2026-07-10,-24.1,subscription,direct_debit
T008099,C0117,2026-07-10,-39.76,dining,card
T008341,C0120,2026-07-10,-230.32,transfer_out,app_transfer
T009252,C0133,2026-07-10,-64.18,retail,card
T009256,C0133,2026-07-10,-124.64,retail,card
T009257,C0133,2026-07-10,-27.98,transport,card
T010037,C0145,2026-07-10,-112.63,retail,card
T010046,C0145,2026-07-10,-8.35,subscription,direct_debit
T010372,C0150,2026-07-10,-26.79,groceries,card
T010711,C0154,2026-07-10,2286.32,salary,inbound_transfer
T011362,C0163,2026-07-10,-345.04,transfer_out,app_transfer
T011663,C0167,2026-07-10,-46.92,retail,card
T011993,C0171,2026-07-10,-126.28,transfer_out,app_transfer
T012244,C0175,2026-07-10,-13.41,subscription,direct_debit
T012328,C0176,2026-07-10,-27.67,groceries,card
T012545,C0180,2026-07-10,-83.88,cash_withdrawal,atm
T012888,C0185,2026-07-10,-309.63,transfer_out,app_transfer
T013294,C0190,2026-07-10,-66.89,groceries,card
T013658,C0196,2026-07-10,-92.91,transfer_out,app_transfer
T000129,C0002,2026-07-11,-108.33,cash_withdrawal,atm
T001124,C0017,2026-07-11,-10.2,transport,card
T001291,C0019,2026-07-11,2657.27,salary,inbound_transfer
T001304,C0019,2026-07-11,-79.58,groceries,card
T001957,C0028,2026-07-11,-49.76,cash_withdrawal,atm
T002473,C0036,2026-07-11,3449.13,salary,inbound_transfer
T002574,C0037,2026-07-11,1481.31,salary,inbound_transfer
T002579,C0037,2026-07-11,-16.85,transport,card
T002582,C0037,2026-07-11,-31.74,dining,card
T002736,C0039,2026-07-11,-23.18,transport,card
T003751,C0053,2026-07-11,1273.11,salary,inbound_transfer
T003752,C0053,2026-07-11,1482.03,salary,inbound_transfer
T003906,C0055,2026-07-11,-11.7,subscription,direct_debit
T003981,C0056,2026-07-11,-129.4,retail,card
T004546,C0066,2026-07-11,-30.46,transport,card
T005053,C0073,2026-07-11,-67.19,retail,card
T005241,C0075,2026-07-11,796.55,salary,inbound_transfer
T006285,C0089,2026-07-11,-46.33,groceries,card
T008178,C0118,2026-07-11,-83.81,groceries,card
T008181,C0118,2026-07-11,-94.57,cash_withdrawal,atm
T008331,C0120,2026-07-11,1356.22,salary,inbound_transfer
T008610,C0125,2026-07-11,-77.28,groceries,card
T008869,C0128,2026-07-11,-13.38,subscription,direct_debit
T008999,C0130,2026-07-11,-177.87,transfer_out,app_transfer
T009166,C0132,2026-07-11,-76.08,groceries,card
T009267,C0133,2026-07-11,-46.12,dining,card
T009767,C0141,2026-07-11,-77.51,utilities,direct_debit
T009774,C0141,2026-07-11,-21.81,groceries,card
T009874,C0142,2026-07-11,-20.31,groceries,card
T009878,C0142,2026-07-11,-46.46,dining,card
T010369,C0150,2026-07-11,-38.69,groceries,card
T010567,C0152,2026-07-11,-114.88,retail,card
T010799,C0155,2026-07-11,-90.91,groceries,card
T011192,C0161,2026-07-11,-62.79,groceries,card
T011365,C0163,2026-07-11,-69.1,groceries,card
T011569,C0166,2026-07-11,-59.06,dining,card
T011757,C0168,2026-07-11,-10.53,transport,card
T011927,C0170,2026-07-11,-12.23,transport,card
T012175,C0174,2026-07-11,-45.51,groceries,card
T012436,C0178,2026-07-11,-85.15,utilities,direct_debit
T012438,C0178,2026-07-11,-8.32,transport,card
T012776,C0183,2026-07-11,-27.31,cash_withdrawal,atm
T012970,C0186,2026-07-11,-58.48,dining,card
T013126,C0188,2026-07-11,-122.45,retail,card
T013285,C0190,2026-07-11,-11.68,dining,card
T000072,C0001,2026-07-12,-54.19,dining,card
T000126,C0002,2026-07-12,-23.3,dining,card
T001190,C0018,2026-07-12,-57.39,groceries,card
T001672,C0024,2026-07-12,-45.57,groceries,card
T002847,C0041,2026-07-12,-384.39,transfer_out,app_transfer
T002851,C0041,2026-07-12,-34.46,retail,card
T003099,C0045,2026-07-12,-63.54,groceries,card
T003577,C0051,2026-07-12,-114.01,retail,card
T003649,C0052,2026-07-12,1002.1,salary,inbound_transfer
T003824,C0054,2026-07-12,-268.51,transfer_out,app_transfer
T003977,C0056,2026-07-12,-64.63,groceries,card
T004664,C0068,2026-07-12,-24.22,transport,card
T004737,C0069,2026-07-12,-123.02,retail,card
T004910,C0071,2026-07-12,-152.26,utilities,direct_debit
T005254,C0075,2026-07-12,-143.67,utilities,direct_debit
T005325,C0076,2026-07-12,1307.25,salary,inbound_transfer
T005570,C0079,2026-07-12,3637.86,salary,inbound_transfer
T005648,C0080,2026-07-12,-29.3,transport,card
T005728,C0081,2026-07-12,-100.03,retail,card
T005961,C0085,2026-07-12,-72.65,cash_withdrawal,atm
T006675,C0094,2026-07-12,-204.46,utilities,direct_debit
T006844,C0096,2026-07-12,-54.61,utilities,direct_debit
T007324,C0105,2026-07-12,-120.43,utilities,direct_debit
T007558,C0109,2026-07-12,-18.46,groceries,card
T007833,C0113,2026-07-12,-22.96,transport,card
T008173,C0118,2026-07-12,847.06,salary,inbound_transfer
T008342,C0120,2026-07-12,-228.09,transfer_out,app_transfer
T008520,C0124,2026-07-12,-17.18,transport,card
T008770,C0127,2026-07-12,-55.47,dining,card
T008923,C0129,2026-07-12,-99.58,utilities,direct_debit
T009370,C0134,2026-07-12,-28.72,dining,card
T010212,C0148,2026-07-12,-26.54,transport,card
T010366,C0150,2026-07-12,-11.9,dining,card
T010800,C0155,2026-07-12,-60.97,groceries,card
T010879,C0156,2026-07-12,-30.76,groceries,card
T010888,C0156,2026-07-12,-87.45,utilities,direct_debit
T011425,C0164,2026-07-12,-196.34,utilities,direct_debit
T011762,C0168,2026-07-12,-18.0,dining,card
T011765,C0168,2026-07-12,-22.83,transport,card
T013411,C0192,2026-07-12,-17.55,dining,card
T013656,C0196,2026-07-12,-57.03,retail,card
T000123,C0002,2026-07-13,-22.9,subscription,direct_debit
T000256,C0004,2026-07-13,-91.62,retail,card
T000258,C0004,2026-07-13,-13.69,dining,card
T000267,C0004,2026-07-13,-46.21,utilities,direct_debit
T000787,C0012,2026-07-13,-13.67,transport,card
T001040,C0016,2026-07-13,-63.55,groceries,card
T001416,C0021,2026-07-13,-188.74,transfer_out,app_transfer
T001674,C0024,2026-07-13,-60.15,groceries,card
T001675,C0024,2026-07-13,-19.07,transport,card
T001676,C0024,2026-07-13,-26.4,transport,card
T001807,C0026,2026-07-13,-55.99,utilities,direct_debit
T001956,C0028,2026-07-13,-371.52,transfer_out,app_transfer
T001962,C0028,2026-07-13,-75.7,retail,card
T002030,C0029,2026-07-13,-55.45,cash_withdrawal,atm
T002727,C0039,2026-07-13,-26.14,transport,card
T002927,C0042,2026-07-13,-46.94,dining,card
T002932,C0042,2026-07-13,-69.97,groceries,card
T002998,C0043,2026-07-13,3842.77,salary,inbound_transfer
T003261,C0047,2026-07-13,-56.16,groceries,card
T003575,C0051,2026-07-13,-109.35,retail,card
T003651,C0052,2026-07-13,-63.98,groceries,card
T004272,C0062,2026-07-13,-50.6,dining,card
T004542,C0066,2026-07-13,-9.5,subscription,direct_debit
T005435,C0077,2026-07-13,-88.9,retail,card
T005735,C0081,2026-07-13,-5.78,transport,card
T005965,C0085,2026-07-13,-202.46,utilities,direct_debit
T006053,C0086,2026-07-13,908.04,salary,inbound_transfer
T006191,C0088,2026-07-13,-22.04,groceries,card
T006839,C0096,2026-07-13,-96.02,utilities,direct_debit
T007214,C0103,2026-07-13,2827.57,salary,inbound_transfer
T008012,C0116,2026-07-13,-153.97,transfer_out,app_transfer
T008250,C0119,2026-07-13,-76.02,groceries,card
T008771,C0127,2026-07-13,-126.58,retail,card
T009419,C0135,2026-07-13,-21.99,transport,card
T009697,C0140,2026-07-13,-74.2,retail,card
T010570,C0152,2026-07-13,-13.73,subscription,direct_debit
T010793,C0155,2026-07-13,4278.34,salary,inbound_transfer
T011356,C0163,2026-07-13,2763.65,salary,inbound_transfer
T011567,C0166,2026-07-13,3255.63,salary,inbound_transfer
T011933,C0170,2026-07-13,-394.19,transfer_out,app_transfer
T011935,C0170,2026-07-13,-50.68,cash_withdrawal,atm
T011937,C0170,2026-07-13,-152.32,transfer_out,app_transfer
T013120,C0188,2026-07-13,-84.93,groceries,card
T013123,C0188,2026-07-13,-90.42,groceries,card
T013400,C0192,2026-07-13,-10.82,subscription,direct_debit
T013402,C0192,2026-07-13,-44.7,groceries,card
T000070,C0001,2026-07-14,-24.05,dining,card
T000122,C0002,2026-07-14,4344.25,salary,inbound_transfer
T000412,C0006,2026-07-14,-37.45,dining,card
T001114,C0017,2026-07-14,877.16,salary,inbound_transfer
T001182,C0018,2026-07-14,2977.72,salary,inbound_transfer
T001194,C0018,2026-07-14,-380.65,transfer_out,app_transfer
T001296,C0019,2026-07-14,-244.18,transfer_out,app_transfer
T001414,C0021,2026-07-14,-46.46,utilities,direct_debit
T001478,C0022,2026-07-14,2141.96,salary,inbound_transfer
T001864,C0027,2026-07-14,-14.66,dining,card
T002287,C0032,2026-07-14,-59.19,utilities,direct_debit
T002729,C0039,2026-07-14,-11.74,transport,card
T002999,C0043,2026-07-14,-292.87,transfer_out,app_transfer
T003357,C0049,2026-07-14,3545.44,salary,inbound_transfer
T003769,C0053,2026-07-14,-293.24,transfer_out,app_transfer
T004273,C0062,2026-07-14,-71.3,cash_withdrawal,atm
T004906,C0071,2026-07-14,-76.55,transfer_out,app_transfer
T005058,C0073,2026-07-14,-120.15,utilities,direct_debit
T005248,C0075,2026-07-14,-85.43,groceries,card
T005572,C0079,2026-07-14,-31.98,retail,card
T005967,C0085,2026-07-14,-61.39,retail,card
T006060,C0086,2026-07-14,-19.71,transport,card
T006290,C0089,2026-07-14,-364.36,transfer_out,app_transfer
T006423,C0091,2026-07-14,-23.39,transport,card
T006679,C0094,2026-07-14,-6.04,subscription,direct_debit
T006847,C0096,2026-07-14,-37.86,groceries,card
T006995,C0098,2026-07-14,-258.59,transfer_out,app_transfer
T007045,C0099,2026-07-14,-58.73,groceries,card
T007049,C0099,2026-07-14,-20.59,transport,card
T007220,C0103,2026-07-14,-305.76,transfer_out,app_transfer
T007447,C0108,2026-07-14,-14.35,transport,card
T007548,C0109,2026-07-14,784.21,salary,inbound_transfer
T007791,C0112,2026-07-14,-36.54,cash_withdrawal,atm
T008514,C0124,2026-07-14,2718.69,salary,inbound_transfer
T008856,C0128,2026-07-14,1210.7,salary,inbound_transfer
T009156,C0132,2026-07-14,-59.69,cash_withdrawal,atm
T009264,C0133,2026-07-14,-81.84,utilities,direct_debit
T009693,C0140,2026-07-14,-30.45,transport,card
T009769,C0141,2026-07-14,-133.23,utilities,direct_debit
T010218,C0148,2026-07-14,-110.0,retail,card
T010377,C0150,2026-07-14,-202.05,utilities,direct_debit
T010563,C0152,2026-07-14,-25.37,subscription,direct_debit
T010573,C0152,2026-07-14,-81.49,utilities,direct_debit
T010634,C0153,2026-07-14,4305.87,salary,inbound_transfer
T010716,C0154,2026-07-14,-357.55,transfer_out,app_transfer
T010801,C0155,2026-07-14,-42.17,groceries,card
T011193,C0161,2026-07-14,-117.62,retail,card
T011194,C0161,2026-07-14,-281.27,transfer_out,app_transfer
T012180,C0174,2026-07-14,-33.2,dining,card
T012896,C0185,2026-07-14,-118.2,retail,card
T013041,C0187,2026-07-14,-51.91,utilities,direct_debit
T013124,C0188,2026-07-14,-40.23,retail,card
T013282,C0190,2026-07-14,3263.06,salary,inbound_transfer
T013409,C0192,2026-07-14,-24.15,groceries,card
T013746,C0197,2026-07-14,-56.09,cash_withdrawal,atm
T013752,C0197,2026-07-14,-7.29,transport,card
T000073,C0001,2026-07-15,-25.19,subscription,direct_debit
T000407,C0006,2026-07-15,-58.0,dining,card
T001867,C0027,2026-07-15,-34.78,retail,card
T003358,C0049,2026-07-15,-54.31,dining,card
T004011,C0057,2026-07-15,-17.98,transport,card
T004274,C0062,2026-07-15,-61.9,retail,card
T004738,C0069,2026-07-15,-20.46,dining,card
T004904,C0071,2026-07-15,-10.7,transport,card
T005646,C0080,2026-07-15,-31.88,dining,card
T005959,C0085,2026-07-15,-15.7,dining,card
T005962,C0085,2026-07-15,-283.01,transfer_out,app_transfer
T006056,C0086,2026-07-15,-11.34,subscription,direct_debit
T006095,C0087,2026-07-15,-64.47,cash_withdrawal,atm
T006194,C0088,2026-07-15,-17.03,transport,card
T006514,C0092,2026-07-15,-82.22,cash_withdrawal,atm
T006589,C0093,2026-07-15,-82.42,groceries,card
T006849,C0096,2026-07-15,-38.79,groceries,card
T007043,C0099,2026-07-15,3295.15,salary,inbound_transfer
T007320,C0105,2026-07-15,-63.87,groceries,card
T007794,C0112,2026-07-15,-90.88,groceries,card
T007948,C0115,2026-07-15,-53.06,utilities,direct_debit
T008014,C0116,2026-07-15,-50.16,utilities,direct_debit
T008017,C0116,2026-07-15,-24.49,groceries,card
T008332,C0120,2026-07-15,-20.29,groceries,card
T008334,C0120,2026-07-15,-74.44,retail,card
T008518,C0124,2026-07-15,-15.47,transport,card
T008694,C0126,2026-07-15,-94.74,retail,card
T009696,C0140,2026-07-15,-132.12,utilities,direct_debit
T010217,C0148,2026-07-15,-25.17,transport,card
T010565,C0152,2026-07-15,-31.34,groceries,card
T010641,C0153,2026-07-15,-29.52,transport,card
T010714,C0154,2026-07-15,-53.9,retail,card
T010797,C0155,2026-07-15,-148.5,transfer_out,app_transfer
T011368,C0163,2026-07-15,-23.54,subscription,direct_debit
T011498,C0165,2026-07-15,-160.31,transfer_out,app_transfer
T011990,C0171,2026-07-15,816.38,salary,inbound_transfer
T011992,C0171,2026-07-15,-34.37,retail,card
T012773,C0183,2026-07-15,-196.23,utilities,direct_debit
T012775,C0183,2026-07-15,-61.5,dining,card
T012894,C0185,2026-07-15,-7.35,subscription,direct_debit
T012973,C0186,2026-07-15,-24.36,retail,card
T013403,C0192,2026-07-15,-18.14,subscription,direct_debit
T000414,C0006,2026-07-16,-60.66,retail,card
T000785,C0012,2026-07-16,-21.84,groceries,card
T000848,C0013,2026-07-16,-61.33,dining,card
T001295,C0019,2026-07-16,-21.31,dining,card
T001572,C0023,2026-07-16,-31.58,groceries,card
T002575,C0037,2026-07-16,1390.17,salary,inbound_transfer
T003002,C0043,2026-07-16,-70.9,groceries,card
T003256,C0047,2026-07-16,-33.62,dining,card
T003262,C0047,2026-07-16,-237.51,transfer_out,app_transfer
T003461,C0050,2026-07-16,-47.77,groceries,card
T003826,C0054,2026-07-16,-53.42,dining,card
T004544,C0066,2026-07-16,-62.24,groceries,card
T004909,C0071,2026-07-16,-56.14,dining,card
T005054,C0073,2026-07-16,-22.5,transport,card
T005424,C0077,2026-07-16,-36.61,groceries,card
T005574,C0079,2026-07-16,-57.38,groceries,card
T005966,C0085,2026-07-16,-21.87,transport,card
T006187,C0088,2026-07-16,-74.06,groceries,card
T006674,C0094,2026-07-16,-18.68,transport,card
T006982,C0098,2026-07-16,1407.15,salary,inbound_transfer
T007322,C0105,2026-07-16,-25.28,transport,card
T007559,C0109,2026-07-16,-4.99,subscription,direct_debit
T008857,C0128,2026-07-16,1404.37,salary,inbound_transfer
T008870,C0128,2026-07-16,-90.64,groceries,card
T008927,C0129,2026-07-16,-29.25,dining,card
T008928,C0129,2026-07-16,-45.75,dining,card
T009870,C0142,2026-07-16,-91.95,cash_withdrawal,atm
T010042,C0145,2026-07-16,-34.41,dining,card
T010043,C0145,2026-07-16,-22.28,transport,card
T010643,C0153,2026-07-16,-83.91,groceries,card
T010719,C0154,2026-07-16,-32.61,dining,card
T011363,C0163,2026-07-16,-21.06,transport,card
T011430,C0164,2026-07-16,-27.23,transport,card
T011936,C0170,2026-07-16,-41.74,utilities,direct_debit
T012242,C0175,2026-07-16,-9.76,subscription,direct_debit
T013040,C0187,2026-07-16,-81.56,retail,card
T013125,C0188,2026-07-16,-34.37,dining,card
T013289,C0190,2026-07-16,-7.4,transport,card
T013759,C0197,2026-07-16,-28.46,retail,card
T000189,C0003,2026-07-17,-21.4,subscription,direct_debit
T000260,C0004,2026-07-17,-23.46,transport,card
T000264,C0004,2026-07-17,-72.28,retail,card
T000418,C0006,2026-07-17,-10.67,subscription,direct_debit
T000505,C0008,2026-07-17,-122.76,retail,card
T000724,C0011,2026-07-17,-74.84,groceries,card
T001302,C0019,2026-07-17,-88.11,retail,card
T001345,C0020,2026-07-17,-19.92,dining,card
T001869,C0027,2026-07-17,-10.13,subscription,direct_debit
T001949,C0028,2026-07-17,-50.44,dining,card
T002032,C0029,2026-07-17,-364.34,transfer_out,app_transfer
T002724,C0039,2026-07-17,3067.06,salary,inbound_transfer
T003177,C0046,2026-07-17,-42.08,retail,card
T003183,C0046,2026-07-17,-177.85,transfer_out,app_transfer
T003656,C0052,2026-07-17,-233.76,transfer_out,app_transfer
T003657,C0052,2026-07-17,-59.46,cash_withdrawal,atm
T003756,C0053,2026-07-17,-345.55,transfer_out,app_transfer
T004012,C0057,2026-07-17,-70.62,groceries,card
T004154,C0060,2026-07-17,3537.61,salary,inbound_transfer
T004277,C0062,2026-07-17,-28.52,transport,card
T004541,C0066,2026-07-17,-20.39,transport,card
T005577,C0079,2026-07-17,-61.45,groceries,card
T005729,C0081,2026-07-17,-30.64,transport,card
T006992,C0098,2026-07-17,-32.67,dining,card
T006999,C0098,2026-07-17,-27.89,dining,card
T007218,C0103,2026-07-17,-333.82,transfer_out,app_transfer
T007221,C0103,2026-07-17,-13.98,dining,card
T007448,C0108,2026-07-17,-23.22,transport,card
T007705,C0111,2026-07-17,-9.08,subscription,direct_debit
T008188,C0118,2026-07-17,-12.46,subscription,direct_debit
T008254,C0119,2026-07-17,-12.86,transport,card
T008769,C0127,2026-07-17,4087.71,salary,inbound_transfer
T009070,C0131,2026-07-17,-18.32,transport,card
T009158,C0132,2026-07-17,-39.39,dining,card
T009258,C0133,2026-07-17,-52.95,groceries,card
T009361,C0134,2026-07-17,-43.26,utilities,direct_debit
T010045,C0145,2026-07-17,-22.81,transport,card
T011200,C0161,2026-07-17,-57.63,dining,card
T011359,C0163,2026-07-17,-10.9,subscription,direct_debit
T011424,C0164,2026-07-17,3696.54,salary,inbound_transfer
T011427,C0164,2026-07-17,-196.4,transfer_out,app_transfer
T011664,C0167,2026-07-17,-34.0,dining,card
T011848,C0169,2026-07-17,2106.86,salary,inbound_transfer
T011931,C0170,2026-07-17,-7.99,subscription,direct_debit
T011991,C0171,2026-07-17,-69.71,groceries,card
T011994,C0171,2026-07-17,-27.05,transport,card
T012178,C0174,2026-07-17,-38.76,dining,card
T013128,C0188,2026-07-17,-171.37,utilities,direct_debit
T013653,C0196,2026-07-17,-50.3,utilities,direct_debit
T000262,C0004,2026-07-18,-342.81,transfer_out,app_transfer
T000501,C0008,2026-07-18,-93.93,retail,card
T000784,C0012,2026-07-18,-176.74,utilities,direct_debit
T000788,C0012,2026-07-18,-31.05,cash_withdrawal,atm
T001673,C0024,2026-07-18,-58.01,utilities,direct_debit
T001961,C0028,2026-07-18,-114.1,retail,card
T002295,C0032,2026-07-18,-90.41,groceries,card
T002327,C0033,2026-07-18,-45.85,groceries,card
T002730,C0039,2026-07-18,-66.52,retail,card
T002734,C0039,2026-07-18,-104.7,retail,card
T003006,C0043,2026-07-18,-22.11,transport,card
T003011,C0043,2026-07-18,-138.95,utilities,direct_debit
T003102,C0045,2026-07-18,-95.69,retail,card
T003465,C0050,2026-07-18,-53.78,groceries,card
T003652,C0052,2026-07-18,-45.2,retail,card
T003909,C0055,2026-07-18,-87.04,cash_withdrawal,atm
T003910,C0055,2026-07-18,-25.04,dining,card
T004156,C0060,2026-07-18,-47.7,groceries,card
T004466,C0065,2026-07-18,-76.12,retail,card
T004539,C0066,2026-07-18,-23.66,transport,card
T004663,C0068,2026-07-18,-15.76,transport,card
T005052,C0073,2026-07-18,-47.91,utilities,direct_debit
T005250,C0075,2026-07-18,-106.41,retail,card
T005333,C0076,2026-07-18,-28.32,transport,card
T005727,C0081,2026-07-18,-30.32,transport,card
T006058,C0086,2026-07-18,-268.03,transfer_out,app_transfer
T006185,C0088,2026-07-18,-21.97,transport,card
T006190,C0088,2026-07-18,-6.72,subscription,direct_debit
T006419,C0091,2026-07-18,3899.76,salary,inbound_transfer
T006585,C0093,2026-07-18,-192.96,transfer_out,app_transfer
T006676,C0094,2026-07-18,-22.62,transport,card
T006988,C0098,2026-07-18,-65.07,groceries,card
T006996,C0098,2026-07-18,-21.31,subscription,direct_debit
T007556,C0109,2026-07-18,-19.32,transport,card
T008183,C0118,2026-07-18,-59.04,retail,card
T008247,C0119,2026-07-18,-24.39,transport,card
T008257,C0119,2026-07-18,-130.31,retail,card
T008620,C0125,2026-07-18,-168.46,utilities,direct_debit
T008860,C0128,2026-07-18,-58.18,dining,card
T009251,C0133,2026-07-18,4004.42,salary,inbound_transfer
T009262,C0133,2026-07-18,-87.49,utilities,direct_debit
T009269,C0133,2026-07-18,-26.87,transport,card
T009491,C0136,2026-07-18,-15.55,transport,card
T009875,C0142,2026-07-18,-42.83,dining,card
T009876,C0142,2026-07-18,-82.1,cash_withdrawal,atm
T010213,C0148,2026-07-18,-213.61,transfer_out,app_transfer
T010378,C0150,2026-07-18,-51.86,retail,card
T010484,C0151,2026-07-18,-45.92,groceries,card
T010717,C0154,2026-07-18,-55.22,retail,card
T010960,C0157,2026-07-18,-11.36,transport,card
T011191,C0161,2026-07-18,3613.48,salary,inbound_transfer
T011433,C0164,2026-07-18,-25.37,transport,card
T011499,C0165,2026-07-18,-27.7,transport,card
T011657,C0167,2026-07-18,-18.35,groceries,card
T011761,C0168,2026-07-18,-245.87,transfer_out,app_transfer
T011928,C0170,2026-07-18,-13.18,dining,card
T011930,C0170,2026-07-18,-59.69,groceries,card
T012181,C0174,2026-07-18,-49.26,utilities,direct_debit
T012505,C0179,2026-07-18,-58.92,utilities,direct_debit
T012779,C0183,2026-07-18,-72.63,groceries,card
T012808,C0184,2026-07-18,-67.35,groceries,card
T013117,C0188,2026-07-18,3471.47,salary,inbound_transfer
T013127,C0188,2026-07-18,-28.94,cash_withdrawal,atm
T013284,C0190,2026-07-18,-65.16,groceries,card
T013484,C0193,2026-07-18,-18.1,transport,card
T013661,C0196,2026-07-18,-18.12,subscription,direct_debit
T000263,C0004,2026-07-19,-14.05,dining,card
T000268,C0004,2026-07-19,-46.05,groceries,card
T000790,C0012,2026-07-19,-90.17,groceries,card
T001126,C0017,2026-07-19,-31.45,dining,card
T001184,C0018,2026-07-19,-92.07,groceries,card
T001481,C0022,2026-07-19,-55.26,groceries,card
T001489,C0022,2026-07-19,-27.36,transport,card
T001665,C0024,2026-07-19,-83.09,utilities,direct_debit
T002294,C0032,2026-07-19,-64.79,utilities,direct_debit
T002325,C0033,2026-07-19,-62.12,groceries,card
T002580,C0037,2026-07-19,-166.47,utilities,direct_debit
T002584,C0037,2026-07-19,-39.67,dining,card
T002638,C0038,2026-07-19,-108.91,retail,card
T002726,C0039,2026-07-19,-77.15,cash_withdrawal,atm
T002846,C0041,2026-07-19,-105.24,cash_withdrawal,atm
T002931,C0042,2026-07-19,-34.06,dining,card
T003288,C0048,2026-07-19,-40.61,groceries,card
T003572,C0051,2026-07-19,-14.52,transport,card
T003903,C0055,2026-07-19,-367.08,transfer_out,app_transfer
T004467,C0065,2026-07-19,-26.55,dining,card
T004536,C0066,2026-07-19,3382.75,salary,inbound_transfer
T005061,C0073,2026-07-19,-63.7,retail,card
T005149,C0074,2026-07-19,-47.79,groceries,card
T005153,C0074,2026-07-19,-18.41,groceries,card
T005159,C0074,2026-07-19,-79.51,groceries,card
T005246,C0075,2026-07-19,-149.21,utilities,direct_debit
T005326,C0076,2026-07-19,-27.8,transport,card
T005651,C0080,2026-07-19,-43.52,dining,card
T005652,C0080,2026-07-19,-83.28,groceries,card
T006192,C0088,2026-07-19,-23.25,transport,card
T006582,C0093,2026-07-19,-27.69,dining,card
T007000,C0098,2026-07-19,-19.59,dining,card
T007945,C0115,2026-07-19,803.21,salary,inbound_transfer
T008015,C0116,2026-07-19,-56.68,retail,card
T008016,C0116,2026-07-19,-273.03,transfer_out,app_transfer
T008251,C0119,2026-07-19,-16.34,subscription,direct_debit
T008330,C0120,2026-07-19,1217.85,salary,inbound_transfer
T010210,C0148,2026-07-19,747.76,salary,inbound_transfer
T010363,C0150,2026-07-19,1581.41,salary,inbound_transfer
T010569,C0152,2026-07-19,-118.69,transfer_out,app_transfer
T010571,C0152,2026-07-19,-27.9,transport,card
T010637,C0153,2026-07-19,-19.41,groceries,card
T011360,C0163,2026-07-19,-55.44,groceries,card
T011500,C0165,2026-07-19,-26.13,dining,card
T011655,C0167,2026-07-19,-28.5,dining,card
T012182,C0174,2026-07-19,-23.15,transport,card
T012435,C0178,2026-07-19,-78.91,cash_withdrawal,atm
T012691,C0182,2026-07-19,855.0,salary,inbound_transfer
T012780,C0183,2026-07-19,-28.5,transport,card
T013283,C0190,2026-07-19,-47.1,groceries,card
T000069,C0001,2026-07-20,-37.15,groceries,card
T000076,C0001,2026-07-20,-68.03,retail,card
T000409,C0006,2026-07-20,-103.64,cash_withdrawal,atm
T000847,C0013,2026-07-20,-49.18,dining,card
T001117,C0017,2026-07-20,-49.55,dining,card
T001125,C0017,2026-07-20,-114.78,retail,card
T001568,C0023,2026-07-20,-179.87,transfer_out,app_transfer
T001669,C0024,2026-07-20,-67.15,utilities,direct_debit
T001677,C0024,2026-07-20,-5.74,subscription,direct_debit
T002480,C0036,2026-07-20,-49.74,retail,card
T002639,C0038,2026-07-20,-44.52,groceries,card
T003467,C0050,2026-07-20,-38.4,groceries,card
T003758,C0053,2026-07-20,-134.97,transfer_out,app_transfer
T003975,C0056,2026-07-20,1240.88,salary,inbound_transfer
T004162,C0060,2026-07-20,-71.93,retail,card
T004164,C0060,2026-07-20,-276.87,transfer_out,app_transfer
T004281,C0062,2026-07-20,-8.27,subscription,direct_debit
T004977,C0072,2026-07-20,792.39,salary,inbound_transfer
T005148,C0074,2026-07-20,3292.16,salary,inbound_transfer
T005249,C0075,2026-07-20,-314.05,transfer_out,app_transfer
T005324,C0076,2026-07-20,1413.43,salary,inbound_transfer
T005432,C0077,2026-07-20,-50.0,groceries,card
T005964,C0085,2026-07-20,-11.38,subscription,direct_debit
T006195,C0088,2026-07-20,-120.07,retail,card
T006200,C0088,2026-07-20,-14.54,transport,card
T006837,C0096,2026-07-20,4124.58,salary,inbound_transfer
T006842,C0096,2026-07-20,-34.46,groceries,card
T006991,C0098,2026-07-20,-59.72,cash_withdrawal,atm
T007561,C0109,2026-07-20,-64.91,groceries,card
T007708,C0111,2026-07-20,-109.74,retail,card
T007835,C0113,2026-07-20,-43.83,retail,card
T007837,C0113,2026-07-20,-79.11,groceries,card
T008013,C0116,2026-07-20,-275.94,transfer_out,app_transfer
T008177,C0118,2026-07-20,-69.03,retail,card
T008517,C0124,2026-07-20,-29.98,transport,card
T008615,C0125,2026-07-20,-108.82,retail,card
T008617,C0125,2026-07-20,-88.22,groceries,card
T008866,C0128,2026-07-20,-43.36,dining,card
T008867,C0128,2026-07-20,-41.87,utilities,direct_debit
T008922,C0129,2026-07-20,2720.3,salary,inbound_transfer
T009366,C0134,2026-07-20,-20.65,groceries,card
T009873,C0142,2026-07-20,-84.77,groceries,card
T010041,C0145,2026-07-20,-92.23,retail,card
T010958,C0157,2026-07-20,4285.84,salary,inbound_transfer
T011358,C0163,2026-07-20,-39.48,dining,card
T011571,C0166,2026-07-20,-8.6,transport,card
T013477,C0193,2026-07-20,-179.98,transfer_out,app_transfer
T013751,C0197,2026-07-20,-38.03,dining,card
T000068,C0001,2026-07-21,-24.34,subscription,direct_debit
T001033,C0016,2026-07-21,-9.6,subscription,direct_debit
T001115,C0017,2026-07-21,-131.88,retail,card
T001186,C0018,2026-07-21,-20.17,transport,card
T001422,C0021,2026-07-21,-24.83,groceries,card
T002290,C0032,2026-07-21,-51.42,groceries,card
T002583,C0037,2026-07-21,-17.63,subscription,direct_debit
T002732,C0039,2026-07-21,-193.2,utilities,direct_debit
T002925,C0042,2026-07-21,-30.46,groceries,card
T002930,C0042,2026-07-21,-103.17,cash_withdrawal,atm
T003098,C0045,2026-07-21,-24.28,groceries,card
T003182,C0046,2026-07-21,-179.26,utilities,direct_debit
T003573,C0051,2026-07-21,-33.43,dining,card
T003655,C0052,2026-07-21,-127.61,retail,card
T003901,C0055,2026-07-21,4331.15,salary,inbound_transfer
T003976,C0056,2026-07-21,1483.12,salary,inbound_transfer
T004158,C0060,2026-07-21,-301.15,transfer_out,app_transfer
T004269,C0062,2026-07-21,-31.99,dining,card
T004279,C0062,2026-07-21,-158.03,utilities,direct_debit
T004660,C0068,2026-07-21,851.71,salary,inbound_transfer
T004908,C0071,2026-07-21,-64.09,retail,card
T005331,C0076,2026-07-21,-50.23,utilities,direct_debit
T005434,C0077,2026-07-21,-17.0,dining,card
T005573,C0079,2026-07-21,-26.16,subscription,direct_debit
T006590,C0093,2026-07-21,-64.01,cash_withdrawal,atm
T006684,C0094,2026-07-21,-20.9,groceries,card
T007216,C0103,2026-07-21,-182.51,transfer_out,app_transfer
T007223,C0103,2026-07-21,-47.57,retail,card
T008248,C0119,2026-07-21,-7.07,transport,card
T008451,C0123,2026-07-21,-25.72,retail,card
T008523,C0124,2026-07-21,-9.81,subscription,direct_debit
T009356,C0134,2026-07-21,1373.94,salary,inbound_transfer
T009368,C0134,2026-07-21,-16.36,dining,card
T009868,C0142,2026-07-21,2842.93,salary,inbound_transfer
T010368,C0150,2026-07-21,-36.72,dining,card
T010474,C0151,2026-07-21,919.77,salary,inbound_transfer
T010640,C0153,2026-07-21,-59.65,retail,card
T010718,C0154,2026-07-21,-175.0,utilities,direct_debit
T010962,C0157,2026-07-21,-75.2,transfer_out,app_transfer
T011198,C0161,2026-07-21,-21.5,transport,card
T011755,C0168,2026-07-21,-27.94,groceries,card
T012433,C0178,2026-07-21,-32.82,dining,card
T012690,C0182,2026-07-21,954.47,salary,inbound_transfer
T012778,C0183,2026-07-21,-46.64,groceries,card
T013042,C0187,2026-07-21,-22.51,groceries,card
T013287,C0190,2026-07-21,-162.9,transfer_out,app_transfer
T013654,C0196,2026-07-21,-26.55,dining,card
T000071,C0001,2026-07-22,-28.45,groceries,card
T000852,C0013,2026-07-22,-7.69,transport,card
T000902,C0014,2026-07-22,-79.87,retail,card
T001039,C0016,2026-07-22,-112.99,utilities,direct_debit
T001486,C0022,2026-07-22,-16.43,transport,card
T001575,C0023,2026-07-22,-25.83,cash_withdrawal,atm
T001953,C0028,2026-07-22,-25.73,transport,card
T002027,C0029,2026-07-22,3764.89,salary,inbound_transfer
T002034,C0029,2026-07-22,-46.58,retail,card
T002284,C0032,2026-07-22,-30.06,retail,card
T002292,C0032,2026-07-22,-27.14,transport,card
T002328,C0033,2026-07-22,-47.58,groceries,card
T002476,C0036,2026-07-22,-61.37,groceries,card
T003005,C0043,2026-07-22,-21.91,groceries,card
T003463,C0050,2026-07-22,-60.37,dining,card
T004271,C0062,2026-07-22,-19.92,dining,card
T004469,C0065,2026-07-22,-183.78,transfer_out,app_transfer
T005244,C0075,2026-07-22,-54.62,groceries,card
T005960,C0085,2026-07-22,-42.3,groceries,card
T007790,C0112,2026-07-22,-42.47,retail,card
T007796,C0112,2026-07-22,-89.26,transfer_out,app_transfer
T007834,C0113,2026-07-22,-17.85,dining,card
T007947,C0115,2026-07-22,899.87,salary,inbound_transfer
T008521,C0124,2026-07-22,-60.16,groceries,card
T008619,C0125,2026-07-22,-216.9,transfer_out,app_transfer
T008925,C0129,2026-07-22,-25.95,transport,card
T009000,C0130,2026-07-22,-98.99,retail,card
T009255,C0133,2026-07-22,-87.92,retail,card
T009261,C0133,2026-07-22,-99.63,cash_withdrawal,atm
T010487,C0151,2026-07-22,-51.5,groceries,card
T010642,C0153,2026-07-22,-123.43,utilities,direct_debit
T010796,C0155,2026-07-22,-72.86,retail,card
T011199,C0161,2026-07-22,-50.3,groceries,card
T011501,C0165,2026-07-22,-191.87,transfer_out,app_transfer
T011568,C0166,2026-07-22,-69.44,retail,card
T011763,C0168,2026-07-22,-152.66,utilities,direct_debit
T011764,C0168,2026-07-22,-26.84,groceries,card
T011849,C0169,2026-07-22,2251.63,salary,inbound_transfer
T012177,C0174,2026-07-22,-51.14,retail,card
T012774,C0183,2026-07-22,-78.6,cash_withdrawal,atm
T013118,C0188,2026-07-22,-36.95,cash_withdrawal,atm
T013198,C0189,2026-07-22,-81.11,retail,card
T013483,C0193,2026-07-22,-19.45,dining,card
T013648,C0196,2026-07-22,-140.8,utilities,direct_debit
T000078,C0001,2026-07-23,-48.66,utilities,direct_debit
T000503,C0008,2026-07-23,-39.62,groceries,card
T001032,C0016,2026-07-23,3635.42,salary,inbound_transfer
T001185,C0018,2026-07-23,-20.68,groceries,card
T001303,C0019,2026-07-23,-20.57,transport,card
T001488,C0022,2026-07-23,-19.69,subscription,direct_debit
T001566,C0023,2026-07-23,3011.29,salary,inbound_transfer
T001666,C0024,2026-07-23,-55.19,groceries,card
T001866,C0027,2026-07-23,-78.67,cash_withdrawal,atm
T002326,C0033,2026-07-23,-51.79,groceries,card
T003460,C0050,2026-07-23,-76.57,utilities,direct_debit
T003470,C0050,2026-07-23,-395.66,transfer_out,app_transfer
T003768,C0053,2026-07-23,-21.39,transport,card
T005056,C0073,2026-07-23,-78.63,retail,card
T005152,C0074,2026-07-23,-122.05,retail,card
T005245,C0075,2026-07-23,-327.74,transfer_out,app_transfer
T005255,C0075,2026-07-23,-56.87,groceries,card
T005334,C0076,2026-07-23,-21.54,transport,card
T005851,C0083,2026-07-23,-19.62,transport,card
T005963,C0085,2026-07-23,-77.27,groceries,card
T005969,C0085,2026-07-23,-22.07,transport,card
T006196,C0088,2026-07-23,-58.21,groceries,card
T007274,C0104,2026-07-23,3506.79,salary,inbound_transfer
T007277,C0104,2026-07-23,-23.13,transport,card
T007554,C0109,2026-07-23,-17.59,dining,card
T007787,C0112,2026-07-23,-68.02,retail,card
T008095,C0117,2026-07-23,-136.72,utilities,direct_debit
T008097,C0117,2026-07-23,-53.11,dining,card
T008182,C0118,2026-07-23,-18.44,groceries,card
T008255,C0119,2026-07-23,-40.84,retail,card
T008450,C0123,2026-07-23,-256.37,transfer_out,app_transfer
T008516,C0124,2026-07-23,-94.21,cash_withdrawal,atm
T008609,C0125,2026-07-23,-25.92,transport,card
T009164,C0132,2026-07-23,-28.37,transport,card
T009357,C0134,2026-07-23,-60.62,retail,card
T009363,C0134,2026-07-23,-42.05,groceries,card
T009695,C0140,2026-07-23,-54.44,groceries,card
T010572,C0152,2026-07-23,-38.52,dining,card
T010878,C0156,2026-07-23,2658.46,salary,inbound_transfer
T010880,C0156,2026-07-23,-102.29,utilities,direct_debit
T011197,C0161,2026-07-23,-20.51,subscription,direct_debit
T011432,C0164,2026-07-23,-64.59,groceries,card
T011658,C0167,2026-07-23,-23.32,groceries,card
T011850,C0169,2026-07-23,-77.03,groceries,card
T011855,C0169,2026-07-23,-22.16,groceries,card
T011856,C0169,2026-07-23,-69.5,utilities,direct_debit
T012698,C0182,2026-07-23,-293.19,transfer_out,app_transfer
T012895,C0185,2026-07-23,-28.1,transport,card
T012967,C0186,2026-07-23,3822.51,salary,inbound_transfer
T013039,C0187,2026-07-23,-33.45,groceries,card
T013487,C0193,2026-07-23,-29.74,transport,card
T013655,C0196,2026-07-23,-108.51,cash_withdrawal,atm
T013657,C0196,2026-07-23,-30.04,transport,card
T013660,C0196,2026-07-23,-48.03,dining,card
T013755,C0197,2026-07-23,-117.66,utilities,direct_debit
T000067,C0001,2026-07-24,-75.22,groceries,card
T000257,C0004,2026-07-24,-161.36,transfer_out,app_transfer
T000502,C0008,2026-07-24,-48.35,dining,card
T000728,C0011,2026-07-24,-30.4,dining,card
T000849,C0013,2026-07-24,-72.52,groceries,card
T001118,C0017,2026-07-24,-37.08,dining,card
T001123,C0017,2026-07-24,-36.79,retail,card
T001191,C0018,2026-07-24,-102.68,transfer_out,app_transfer
T001421,C0021,2026-07-24,-39.53,dining,card
T001484,C0022,2026-07-24,-21.74,dining,card
T001663,C0024,2026-07-24,3855.8,salary,inbound_transfer
T002475,C0036,2026-07-24,-42.35,cash_withdrawal,atm
T002735,C0039,2026-07-24,-26.2,subscription,direct_debit
T002926,C0042,2026-07-24,-190.17,utilities,direct_debit
T003175,C0046,2026-07-24,3203.99,salary,inbound_transfer
T003181,C0046,2026-07-24,-49.6,dining,card
T003458,C0050,2026-07-24,1308.15,salary,inbound_transfer
T003659,C0052,2026-07-24,-5.9,transport,card
T003763,C0053,2026-07-24,-191.94,utilities,direct_debit
T003978,C0056,2026-07-24,-312.77,transfer_out,app_transfer
T003982,C0056,2026-07-24,-43.7,dining,card
T004275,C0062,2026-07-24,-92.28,groceries,card
T004538,C0066,2026-07-24,-55.78,dining,card
T004543,C0066,2026-07-24,-15.87,transport,card
T005155,C0074,2026-07-24,-179.65,transfer_out,app_transfer
T005723,C0081,2026-07-24,781.19,salary,inbound_transfer
T005848,C0083,2026-07-24,4703.81,salary,inbound_transfer
T005970,C0085,2026-07-24,-17.6,transport,card
T006198,C0088,2026-07-24,-56.17,dining,card
T006372,C0090,2026-07-24,-70.1,retail,card
T006838,C0096,2026-07-24,-113.9,utilities,direct_debit
T006983,C0098,2026-07-24,1186.28,salary,inbound_transfer
T006985,C0098,2026-07-24,-29.7,dining,card
T007275,C0104,2026-07-24,-33.49,cash_withdrawal,atm
T007276,C0104,2026-07-24,-97.12,utilities,direct_debit
T007318,C0105,2026-07-24,3078.32,salary,inbound_transfer
T007450,C0108,2026-07-24,-57.33,groceries,card
T008090,C0117,2026-07-24,837.4,salary,inbound_transfer
T008091,C0117,2026-07-24,-83.98,cash_withdrawal,atm
T008096,C0117,2026-07-24,-194.09,utilities,direct_debit
T008607,C0125,2026-07-24,-95.45,transfer_out,app_transfer
T008692,C0126,2026-07-24,-8.17,subscription,direct_debit
T008929,C0129,2026-07-24,-190.12,utilities,direct_debit
T009163,C0132,2026-07-24,-40.05,utilities,direct_debit
T009253,C0133,2026-07-24,-21.34,groceries,card
T009265,C0133,2026-07-24,-48.71,dining,card
T009421,C0135,2026-07-24,-80.95,utilities,direct_debit
T011201,C0161,2026-07-24,-6.82,transport,card
T011203,C0161,2026-07-24,-13.18,transport,card
T011369,C0163,2026-07-24,-110.44,retail,card
T011495,C0165,2026-07-24,879.03,salary,inbound_transfer
T012176,C0174,2026-07-24,-37.49,dining,card
T012239,C0175,2026-07-24,3208.46,salary,inbound_transfer
T012781,C0183,2026-07-24,-6.61,subscription,direct_debit
T012972,C0186,2026-07-24,-58.1,groceries,card
T013745,C0197,2026-07-24,3062.53,salary,inbound_transfer
T000127,C0002,2026-07-25,-12.69,subscription,direct_debit
T000413,C0006,2026-07-25,-49.72,dining,card
T000507,C0008,2026-07-25,-26.69,dining,card
T001120,C0017,2026-07-25,-80.86,groceries,card
T001292,C0019,2026-07-25,-295.33,transfer_out,app_transfer
T001483,C0022,2026-07-25,-11.74,subscription,direct_debit
T002288,C0032,2026-07-25,-99.57,retail,card
T002731,C0039,2026-07-25,-75.71,groceries,card
T003000,C0043,2026-07-25,-112.23,transfer_out,app_transfer
T003009,C0043,2026-07-25,-48.13,dining,card
T003100,C0045,2026-07-25,-38.6,retail,card
T003258,C0047,2026-07-25,-103.12,retail,card
T003662,C0052,2026-07-25,-314.68,transfer_out,app_transfer
T003755,C0053,2026-07-25,-19.42,transport,card
T003765,C0053,2026-07-25,-44.67,retail,card
T003822,C0054,2026-07-25,-21.49,transport,card
T003827,C0054,2026-07-25,-6.48,transport,card
T003830,C0054,2026-07-25,-312.48,transfer_out,app_transfer
T003902,C0055,2026-07-25,-35.35,groceries,card
T003911,C0055,2026-07-25,-10.27,transport,card
T004661,C0068,2026-07-25,-319.46,transfer_out,app_transfer
T005059,C0073,2026-07-25,-73.71,groceries,card
T005156,C0074,2026-07-25,-8.39,subscription,direct_debit
T005247,C0075,2026-07-25,-59.05,groceries,card
T005724,C0081,2026-07-25,-22.7,dining,card
T006189,C0088,2026-07-25,-39.11,retail,card
T006373,C0090,2026-07-25,-41.97,dining,card
T006588,C0093,2026-07-25,-134.78,transfer_out,app_transfer
T006997,C0098,2026-07-25,-129.71,retail,card
T007224,C0103,2026-07-25,-11.72,dining,card
T007449,C0108,2026-07-25,-99.02,utilities,direct_debit
T007553,C0109,2026-07-25,-66.49,groceries,card
T007697,C0111,2026-07-25,3787.05,salary,inbound_transfer
T007710,C0111,2026-07-25,-86.67,groceries,card
T007951,C0115,2026-07-25,-78.23,retail,card
T008612,C0125,2026-07-25,-385.15,transfer_out,app_transfer
T008687,C0126,2026-07-25,1814.62,salary,inbound_transfer
T009160,C0132,2026-07-25,-12.6,transport,card
T010374,C0150,2026-07-25,-74.92,groceries,card
T010882,C0156,2026-07-25,-48.84,retail,card
T010964,C0157,2026-07-25,-240.59,transfer_out,app_transfer
T011428,C0164,2026-07-25,-25.32,transport,card
T011435,C0164,2026-07-25,-46.84,dining,card
T011760,C0168,2026-07-25,-80.33,groceries,card
T011766,C0168,2026-07-25,-114.7,retail,card
T012174,C0174,2026-07-25,3338.58,salary,inbound_transfer
T012240,C0175,2026-07-25,-35.07,retail,card
T012695,C0182,2026-07-25,-12.14,transport,card
T012892,C0185,2026-07-25,-66.3,cash_withdrawal,atm
T012969,C0186,2026-07-25,-54.05,groceries,card
T012971,C0186,2026-07-25,-69.33,groceries,card
T013037,C0187,2026-07-25,-107.77,retail,card
T013132,C0188,2026-07-25,-13.22,subscription,direct_debit
T013199,C0189,2026-07-25,-39.52,dining,card
T013406,C0192,2026-07-25,-111.12,retail,card
T013758,C0197,2026-07-25,-47.8,retail,card
T000718,C0011,2026-07-26,2356.77,salary,inbound_transfer
T000722,C0011,2026-07-26,-127.3,transfer_out,app_transfer
T000729,C0011,2026-07-26,-12.39,transport,card
T001417,C0021,2026-07-26,-49.02,dining,card
T001487,C0022,2026-07-26,-78.8,groceries,card
T001804,C0026,2026-07-26,-89.78,groceries,card
T001948,C0028,2026-07-26,3398.21,salary,inbound_transfer
T002297,C0032,2026-07-26,-33.59,groceries,card
T002737,C0039,2026-07-26,-266.56,transfer_out,app_transfer
T003263,C0047,2026-07-26,-95.66,utilities,direct_debit
T003459,C0050,2026-07-26,1588.57,salary,inbound_transfer
T003466,C0050,2026-07-26,-27.87,transport,card
T003654,C0052,2026-07-26,-56.36,dining,card
T003760,C0053,2026-07-26,-28.89,groceries,card
T003821,C0054,2026-07-26,-26.46,transport,card
T004073,C0059,2026-07-26,2228.34,salary,inbound_transfer
T004160,C0060,2026-07-26,-246.23,transfer_out,app_transfer
T004280,C0062,2026-07-26,-79.78,utilities,direct_debit
T005057,C0073,2026-07-26,-54.17,utilities,direct_debit
T005427,C0077,2026-07-26,-77.91,groceries,card
T005428,C0077,2026-07-26,-88.21,retail,card
T005647,C0080,2026-07-26,-27.69,transport,card
T005649,C0080,2026-07-26,-108.53,retail,card
T005971,C0085,2026-07-26,-100.88,retail,card
T006059,C0086,2026-07-26,-64.6,groceries,card
T006845,C0096,2026-07-26,-119.77,retail,card
T007219,C0103,2026-07-26,-28.52,retail,card
T007797,C0112,2026-07-26,-10.35,subscription,direct_debit
T008098,C0117,2026-07-26,-89.15,transfer_out,app_transfer
T008174,C0118,2026-07-26,-44.78,groceries,card
T009266,C0133,2026-07-26,-47.89,groceries,card
T009416,C0135,2026-07-26,1013.35,salary,inbound_transfer
T009418,C0135,2026-07-26,-14.16,subscription,direct_debit
T010036,C0145,2026-07-26,-86.34,cash_withdrawal,atm
T010803,C0155,2026-07-26,-28.41,transport,card
T010883,C0156,2026-07-26,-83.93,groceries,card
T010884,C0156,2026-07-26,-50.41,dining,card
T010886,C0156,2026-07-26,-25.9,transport,card
T010887,C0156,2026-07-26,-13.01,subscription,direct_debit
T011662,C0167,2026-07-26,-28.47,retail,card
T012434,C0178,2026-07-26,-71.04,retail,card
T012507,C0179,2026-07-26,-40.95,groceries,card
T012693,C0182,2026-07-26,-26.63,transport,card
T012976,C0186,2026-07-26,-50.81,groceries,card
T013405,C0192,2026-07-26,-12.44,transport,card
T013478,C0193,2026-07-26,-45.99,groceries,card
T013757,C0197,2026-07-26,-208.42,transfer_out,app_transfer
T000066,C0001,2026-07-27,1003.3,salary,inbound_transfer
T000124,C0002,2026-07-27,-40.06,dining,card
T000403,C0006,2026-07-27,3882.08,salary,inbound_transfer
T000723,C0011,2026-07-27,-67.47,groceries,card
T000726,C0011,2026-07-27,-68.57,retail,card
T001038,C0016,2026-07-27,-190.86,utilities,direct_debit
T001193,C0018,2026-07-27,-150.7,utilities,direct_debit
T001293,C0019,2026-07-27,-343.57,transfer_out,app_transfer
T001959,C0028,2026-07-27,-83.84,groceries,card
T002285,C0032,2026-07-27,-42.45,groceries,card
T002291,C0032,2026-07-27,-12.96,dining,card
T002474,C0036,2026-07-27,-94.23,cash_withdrawal,atm
T002588,C0037,2026-07-27,-88.66,cash_withdrawal,atm
T002924,C0042,2026-07-27,3468.66,salary,inbound_transfer
T003462,C0050,2026-07-27,-28.41,dining,card
T003820,C0054,2026-07-27,-39.9,dining,card
T003828,C0054,2026-07-27,-54.26,utilities,direct_debit
T003980,C0056,2026-07-27,-116.56,retail,card
T004163,C0060,2026-07-27,-18.25,groceries,card
T004270,C0062,2026-07-27,-31.11,retail,card
T004822,C0070,2026-07-27,2969.0,salary,inbound_transfer
T004825,C0070,2026-07-27,-113.15,utilities,direct_debit
T004902,C0071,2026-07-27,950.66,salary,inbound_transfer
T005328,C0076,2026-07-27,-87.24,groceries,card
T005426,C0077,2026-07-27,-382.21,transfer_out,app_transfer
T005645,C0080,2026-07-27,-53.64,groceries,card
T005849,C0083,2026-07-27,-27.38,transport,card
T006288,C0089,2026-07-27,-391.61,transfer_out,app_transfer
T006371,C0090,2026-07-27,-28.39,transport,card
T006505,C0092,2026-07-27,-29.0,groceries,card
T006984,C0098,2026-07-27,-92.07,groceries,card
T006989,C0098,2026-07-27,-60.52,retail,card
T007046,C0099,2026-07-27,-29.0,cash_withdrawal,atm
T007048,C0099,2026-07-27,-57.8,utilities,direct_debit
T007222,C0103,2026-07-27,-104.99,cash_withdrawal,atm
T007706,C0111,2026-07-27,-71.02,groceries,card
T007950,C0115,2026-07-27,-13.15,transport,card
T007952,C0115,2026-07-27,-169.71,transfer_out,app_transfer
T008092,C0117,2026-07-27,-149.45,utilities,direct_debit
T008924,C0129,2026-07-27,-57.59,groceries,card
T009001,C0130,2026-07-27,-12.74,transport,card
T009879,C0142,2026-07-27,-144.87,transfer_out,app_transfer
T011426,C0164,2026-07-27,-87.29,groceries,card
T011504,C0165,2026-07-27,-25.61,transport,card
T011851,C0169,2026-07-27,-20.46,transport,card
T011934,C0170,2026-07-27,-11.88,transport,card
T011995,C0171,2026-07-27,-71.21,groceries,card
T012506,C0179,2026-07-27,-63.45,utilities,direct_debit
T012889,C0185,2026-07-27,-101.02,utilities,direct_debit
T013122,C0188,2026-07-27,-14.11,transport,card
T013401,C0192,2026-07-27,-310.63,transfer_out,app_transfer
T000125,C0002,2026-07-28,-56.71,dining,card
T000411,C0006,2026-07-28,-24.91,dining,card
T000789,C0012,2026-07-28,-53.25,cash_withdrawal,atm
T000846,C0013,2026-07-28,990.71,salary,inbound_transfer
T000850,C0013,2026-07-28,-23.3,groceries,card
T000851,C0013,2026-07-28,-125.17,retail,card
T001576,C0023,2026-07-28,-73.85,groceries,card
T001671,C0024,2026-07-28,-21.98,subscription,direct_debit
T001803,C0026,2026-07-28,-66.13,cash_withdrawal,atm
T001952,C0028,2026-07-28,-25.63,subscription,direct_debit
T002478,C0036,2026-07-28,-18.68,transport,card
T003003,C0043,2026-07-28,-19.26,dining,card
T003178,C0046,2026-07-28,-21.34,transport,card
T003292,C0048,2026-07-28,-23.39,groceries,card
T003293,C0048,2026-07-28,-9.64,transport,card
T003979,C0056,2026-07-28,-61.62,retail,card
T004155,C0060,2026-07-28,-103.31,retail,card
T004159,C0060,2026-07-28,-72.5,retail,card
T004979,C0072,2026-07-28,-54.75,dining,card
T005154,C0074,2026-07-28,-18.91,subscription,direct_debit
T005242,C0075,2026-07-28,-197.38,utilities,direct_debit
T005425,C0077,2026-07-28,-14.06,transport,card
T005726,C0081,2026-07-28,-34.17,groceries,card
T006193,C0088,2026-07-28,-23.09,groceries,card
T006283,C0089,2026-07-28,2682.72,salary,inbound_transfer
T006506,C0092,2026-07-28,-186.34,transfer_out,app_transfer
T006510,C0092,2026-07-28,-5.97,transport,card
T007788,C0112,2026-07-28,-25.51,subscription,direct_debit
T008329,C0120,2026-07-28,1572.49,salary,inbound_transfer
T008862,C0128,2026-07-28,-22.17,transport,card
T009490,C0136,2026-07-28,2986.09,salary,inbound_transfer
T009698,C0140,2026-07-28,-53.62,utilities,direct_debit
T009768,C0141,2026-07-28,-108.42,cash_withdrawal,atm
T010040,C0145,2026-07-28,-25.12,groceries,card
T010370,C0150,2026-07-28,-279.73,transfer_out,app_transfer
T010475,C0151,2026-07-28,756.57,salary,inbound_transfer
T010802,C0155,2026-07-28,-16.34,transport,card
T010961,C0157,2026-07-28,-10.3,transport,card
T011196,C0161,2026-07-28,-18.98,dining,card
T011202,C0161,2026-07-28,-94.77,retail,card
T011496,C0165,2026-07-28,-26.6,groceries,card
T011660,C0167,2026-07-28,-47.17,dining,card
T011759,C0168,2026-07-28,-24.82,groceries,card
T011857,C0169,2026-07-28,-12.4,transport,card
T011932,C0170,2026-07-28,-34.38,cash_withdrawal,atm
T012692,C0182,2026-07-28,-110.68,retail,card
T012694,C0182,2026-07-28,-46.92,retail,card
T013130,C0188,2026-07-28,-394.17,transfer_out,app_transfer
T013131,C0188,2026-07-28,-112.9,retail,card
T013398,C0192,2026-07-28,1011.54,salary,inbound_transfer
T013399,C0192,2026-07-28,-73.13,groceries,card
T000720,C0011,2026-07-29,-80.92,groceries,card
T000853,C0013,2026-07-29,-120.81,utilities,direct_debit
T001569,C0023,2026-07-29,-40.14,cash_withdrawal,atm
T001868,C0027,2026-07-29,-78.37,groceries,card
T002585,C0037,2026-07-29,-13.8,transport,card
T002733,C0039,2026-07-29,-12.69,subscription,direct_debit
T002844,C0041,2026-07-29,3973.29,salary,inbound_transfer
T002845,C0041,2026-07-29,-21.23,groceries,card
T003008,C0043,2026-07-29,-159.54,utilities,direct_debit
T003103,C0045,2026-07-29,-23.61,subscription,direct_debit
T003653,C0052,2026-07-29,-95.86,retail,card
T003767,C0053,2026-07-29,-64.47,retail,card
T004165,C0060,2026-07-29,-19.61,transport,card
T004268,C0062,2026-07-29,3430.86,salary,inbound_transfer
T004905,C0071,2026-07-29,-203.46,utilities,direct_debit
T005055,C0073,2026-07-29,-78.43,groceries,card
T005253,C0075,2026-07-29,-97.93,utilities,direct_debit
T005323,C0076,2026-07-29,1488.72,salary,inbound_transfer
T005330,C0076,2026-07-29,-243.54,transfer_out,app_transfer
T005968,C0085,2026-07-29,-227.68,transfer_out,app_transfer
T006421,C0091,2026-07-29,-31.03,dining,card
T006843,C0096,2026-07-29,-116.92,transfer_out,app_transfer
T007327,C0105,2026-07-29,-29.37,transport,card
T007446,C0108,2026-07-29,-48.7,groceries,card
T008179,C0118,2026-07-29,-135.46,utilities,direct_debit
T008344,C0120,2026-07-29,-47.64,dining,card
T008603,C0125,2026-07-29,2776.9,salary,inbound_transfer
T008863,C0128,2026-07-29,-25.87,subscription,direct_debit
T008926,C0129,2026-07-29,-199.26,utilities,direct_debit
T009157,C0132,2026-07-29,-16.61,dining,card
T009358,C0134,2026-07-29,-8.46,subscription,direct_debit
T010214,C0148,2026-07-29,-173.08,transfer_out,app_transfer
T010373,C0150,2026-07-29,-19.31,groceries,card
T010375,C0150,2026-07-29,-169.1,transfer_out,app_transfer
T010561,C0152,2026-07-29,858.77,salary,inbound_transfer
T010564,C0152,2026-07-29,-90.17,groceries,card
T012324,C0176,2026-07-29,-81.32,utilities,direct_debit
T012330,C0176,2026-07-29,-391.37,transfer_out,app_transfer
T012975,C0186,2026-07-29,-91.86,retail,card
T012977,C0186,2026-07-29,-22.71,dining,card
T013290,C0190,2026-07-29,-66.02,cash_withdrawal,atm
T013485,C0193,2026-07-29,-55.97,retail,card
T013650,C0196,2026-07-29,-46.22,utilities,direct_debit
T000721,C0011,2026-07-30,-35.65,dining,card
T001188,C0018,2026-07-30,-60.45,retail,card
T001189,C0018,2026-07-30,-49.73,groceries,card
T001300,C0019,2026-07-30,-71.07,cash_withdrawal,atm
T001415,C0021,2026-07-30,-91.23,groceries,card
T001567,C0023,2026-07-30,-46.39,dining,card
T001571,C0023,2026-07-30,-298.18,transfer_out,app_transfer
T001667,C0024,2026-07-30,-69.5,utilities,direct_debit
T001670,C0024,2026-07-30,-62.24,retail,card
T001806,C0026,2026-07-30,-22.34,transport,card
T003097,C0045,2026-07-30,927.44,salary,inbound_transfer
T003260,C0047,2026-07-30,-95.82,retail,card
T003753,C0053,2026-07-30,1497.68,salary,inbound_transfer
T003819,C0054,2026-07-30,-59.14,retail,card
T003829,C0054,2026-07-30,-69.99,retail,card
T004157,C0060,2026-07-30,-65.96,groceries,card
T004468,C0065,2026-07-30,-54.55,groceries,card
T004978,C0072,2026-07-30,-112.72,retail,card
T005157,C0074,2026-07-30,-75.58,groceries,card
T005571,C0079,2026-07-30,-22.41,subscription,direct_debit
T005576,C0079,2026-07-30,-59.95,dining,card
T006993,C0098,2026-07-30,-92.33,transfer_out,app_transfer
T007701,C0111,2026-07-30,-84.75,retail,card
T008094,C0117,2026-07-30,-68.09,groceries,card
T008993,C0130,2026-07-30,927.65,salary,inbound_transfer
T008998,C0130,2026-07-30,-47.08,groceries,card
T009771,C0141,2026-07-30,-67.38,utilities,direct_debit
T009871,C0142,2026-07-30,-43.11,retail,card
T009872,C0142,2026-07-30,-17.55,transport,card
T010039,C0145,2026-07-30,-165.55,utilities,direct_debit
T010364,C0150,2026-07-30,1402.44,salary,inbound_transfer
T010476,C0151,2026-07-30,893.16,salary,inbound_transfer
T010479,C0151,2026-07-30,-357.85,transfer_out,app_transfer
T010712,C0154,2026-07-30,-112.16,retail,card
T010715,C0154,2026-07-30,-186.67,utilities,direct_debit
T010885,C0156,2026-07-30,-82.23,groceries,card
T011434,C0164,2026-07-30,-62.49,retail,card
T012243,C0175,2026-07-30,-52.47,groceries,card
T012329,C0176,2026-07-30,-19.01,transport,card
T013291,C0190,2026-07-30,-111.25,retail,card
T000075,C0001,2026-07-31,-34.42,dining,card
T000188,C0003,2026-07-31,-43.09,retail,card
T000254,C0004,2026-07-31,3498.78,salary,inbound_transfer
T000406,C0006,2026-07-31,-86.54,groceries,card
T001116,C0017,2026-07-31,-156.14,transfer_out,app_transfer
T001119,C0017,2026-07-31,-92.24,cash_withdrawal,atm
T001668,C0024,2026-07-31,-7.2,subscription,direct_debit
T002281,C0032,2026-07-31,-41.52,dining,card
T002576,C0037,2026-07-31,1560.84,salary,inbound_transfer
T002848,C0041,2026-07-31,-106.31,utilities,direct_debit
T003184,C0046,2026-07-31,-15.03,transport,card
T003291,C0048,2026-07-31,-23.21,transport,card
T003469,C0050,2026-07-31,-27.8,dining,card
T003658,C0052,2026-07-31,-51.2,groceries,card
T003660,C0052,2026-07-31,-25.78,transport,card
T005060,C0073,2026-07-31,-20.42,cash_withdrawal,atm
T005430,C0077,2026-07-31,-76.18,groceries,card
T006097,C0087,2026-07-31,-30.4,groceries,card
T006581,C0093,2026-07-31,-84.71,cash_withdrawal,atm
T006672,C0094,2026-07-31,1164.94,salary,inbound_transfer
T006846,C0096,2026-07-31,-48.43,groceries,card
T007215,C0103,2026-07-31,-74.66,groceries,card
T007557,C0109,2026-07-31,-70.35,utilities,direct_debit
T007698,C0111,2026-07-31,-31.19,retail,card
T008185,C0118,2026-07-31,-24.51,groceries,card
T008339,C0120,2026-07-31,-102.3,retail,card
T008604,C0125,2026-07-31,-7.89,transport,card
T008930,C0129,2026-07-31,-46.5,dining,card
T009260,C0133,2026-07-31,-61.41,groceries,card
T009360,C0134,2026-07-31,-82.99,retail,card
T009365,C0134,2026-07-31,-247.62,transfer_out,app_transfer
T009701,C0140,2026-07-31,-21.19,transport,card
T009702,C0140,2026-07-31,-57.13,dining,card
T010044,C0145,2026-07-31,-81.63,cash_withdrawal,atm
T010208,C0148,2026-07-31,881.09,salary,inbound_transfer
T010211,C0148,2026-07-31,-52.61,groceries,card
T010215,C0148,2026-07-31,-8.49,transport,card
T010568,C0152,2026-07-31,-104.35,cash_withdrawal,atm
T010638,C0153,2026-07-31,-65.25,groceries,card
T010713,C0154,2026-07-31,-114.52,utilities,direct_debit
T011195,C0161,2026-07-31,-81.7,cash_withdrawal,atm
T011357,C0163,2026-07-31,-41.7,dining,card
T012437,C0178,2026-07-31,-75.08,groceries,card
T012697,C0182,2026-07-31,-25.37,transport,card
T012782,C0183,2026-07-31,-16.28,transport,card
T012974,C0186,2026-07-31,-26.7,dining,card
T013121,C0188,2026-07-31,-11.07,subscription,direct_debit
T013288,C0190,2026-07-31,-14.51,transport,card
T013482,C0193,2026-07-31,-17.41,subscription,direct_debit
T013750,C0197,2026-07-31,-21.45,groceries,card
